[08/04/26, 21:47:04:953] info: 
╔══════════════════════════════════════════════════════╗
║      Slack 4.51.180, linux 7.1.5-arch1-2 on x64      ║
╚══════════════════════════════════════════════════════╝ 
[08/04/26, 21:47:04:953] info: Configured logger via 
{
  "enableConsoleTransport": true,
  "identifierOverride": "webapp-console",
  "loggerInstanceCount": 3
}
[08/04/26, 21:47:04:954] info: Predefined values for process 
{
  "NODE_ENV": "production",
  "platform": "linux",
  "type": "browser",
  "timeZone": "Asia/Calcutta",
  "PACKAGE_MANIFEST.productName": "Slack",
  "PACKAGE_MANIFEST.version": "4.51.180",
  "PACKAGE_MANIFEST.commit": "13ab62b",
  "PACKAGE_MANIFEST.branch": "HEAD"
}
[08/04/26, 21:47:05:453] info: Starting Sentry (Preload) 
[08/04/26, 21:47:05:453] info: getSentryDSN: Setting sentry URL to slack.com 
[08/04/26, 21:47:05:455] info: [DESKTOP PRELOAD]	Creating desktop interface object 
[08/04/26, 21:47:05:456] info: [DESKTOP PRELOAD]	Exposing context bridge 
[08/04/26, 21:47:05:459] info: Store: WINDOW_CREATED {
  "type": "main",
  "webappType": "app",
  "id": 1,
  "frame": {
    "isHtmlFullScreen": false,
    "isCurrentlyAudible": false,
    "isFullScreen": false,
    "isMinimized": false,
    "isMaximized": false,
    "isVisible": false,
    "isFocused": false,
    "bounds": {
      "x": 560,
      "y": 240,
      "width": 800,
      "height": 600
    },
    "hasVibrancy": false,
    "isAlwaysOnTop": false,
    "isContentProtected": false
  }
} 
[08/04/26, 21:47:05:460] info: Store: RECORD_PERFORMANCE_TIMING {
  "phase": 1,
  "interval": 36
} 
[08/04/26, 21:47:05:460] info: Store: UPDATE_SETTINGS {
  "keyboardLayout": "us"
} 
[08/04/26, 21:47:05:461] info: Store: UPDATE_SETTINGS {
  "launchOnStartup": false,
  "PrefSSBFileDownloadPath": "/home/[REDACTED]/Downloads",
  "PrefSSBFileDownloadPathDisplayName": "Downloads",
  "hasRunApp": true
} 
[08/04/26, 21:47:05:462] info: Store: SET_UPDATE_SUPPORTED false 
[08/04/26, 21:47:05:462] info: Store: UPSERT_WEB_CONTENTS {
  "id": 1,
  "state": "unloaded",
  "type": "app"
} 
[08/04/26, 21:47:05:462] info: Store: DISPLAY_METRICS_CHANGED  
[08/04/26, 21:47:05:462] info: Store: DISPLAY_METRICS_CHANGED  
[08/04/26, 21:47:05:462] info: Store: DISPLAY_METRICS_CHANGED  
[08/04/26, 21:47:05:462] info: Store: SET_HW_ACCEL_AVAILABILITY enabled 
[08/04/26, 21:47:05:462] info: Store: UPDATE_DESKTOP_FEATURES [
  "desktop_loading_screen",
  "extended_unresponsive_timeout"
] 
[08/04/26, 21:47:05:462] info: Store: UPDATE_SETTINGS {
  "signInMethod": "browser"
} 
[08/04/26, 21:47:05:463] info: Store: UPDATE_SETTINGS {
  "devToolsEnabled": false,
  "cookiePersistenceLogging": false
} 
[08/04/26, 21:47:05:907] info: Store: UPDATE_SETTINGS {
  "userTheme": "light"
} 
[08/04/26, 21:47:05:910] info: Store: UPDATE_SETTINGS {
  "systemThemeSyncEnabled": false
} 
[08/04/26, 21:47:05:911] info: 10 CDN assets loaded OK 
[08/04/26, 21:47:05:926] info: [TRACER] Tracing is not sampled by default for this session. 
[08/04/26, 21:47:05:934] warn: TELEMETRY You tried to get a team-specific telemeter but didn’t provide enough context and are getting the generic telemeter instead which is likely not what you want. 
[08/04/26, 21:47:05:935] warn: TELEMETRY You tried to get a team-specific telemeter but didn’t provide enough context and are getting the generic telemeter instead which is likely not what you want. 
[08/04/26, 21:47:05:983] info: Store: UPSERT_WEB_CONTENTS {
  "id": 1,
  "state": "loaded"
} 
[08/04/26, 21:47:05:995] info: Store: RECORD_PERFORMANCE_TIMING {
  "phase": 2,
  "interval": 994
} 
[08/04/26, 21:47:05:995] info: Store: MAIN_WINDOW_SHOWN  
[08/04/26, 21:47:05:995] info: Store: CLEAR_NOTIFICATIONS  
[08/04/26, 21:47:05:995] info: Store: UPSERT_WEB_CONTENTS {
  "id": 1,
  "type": "app",
  "history": "[REDACTED]"
} 
[08/04/26, 21:47:06:240] info: Breadcrumb: fetch: undefined {
  "method": "GET",
  "url": "[REDACTED]",
  "status_code": 200
} 
[08/04/26, 21:47:06:242] info: [DESKTOP PRELOAD]	Network status check {
  "elapsed_time_ms": 248,
  "navigator_online": true,
  "api_test": "online"
} 
[08/04/26, 21:47:06:243] info: Store: SET_NETWORK_STATUS online 
[08/04/26, 21:47:06:995] info: Store: UPDATE_SETTINGS {
  "mainWindowSettings": {
    "fullScreen": false,
    "maximized": true,
    "bounds": {
      "width": 1200,
      "height": 800,
      "x": 360,
      "y": 140
    }
  }
} 
[08/04/26, 21:47:09:328] info: Store: UPDATE_SETTINGS {
  "mainWindowSettings": {
    "fullScreen": false,
    "maximized": true,
    "bounds": {
      "width": 1200,
      "height": 800,
      "x": 360,
      "y": 140
    }
  }
} 
[08/04/26, 21:47:09:562] info: Breadcrumb: ui.click: a.c-link.c-button.c-button--primary.c-button--large.p-ssb_landing__button.c-button--focus-visible.p-ssb_landing_button_focus  
[08/04/26, 21:47:22:183] info: Store: HANDLE_DEEP_LINK {
  "url": "[REDACTED]"
} 
[08/04/26, 21:47:22:184] info: Store: MAGIC_LOGIN_IN_PROGRESS true 
[08/04/26, 21:47:22:184] info: Store: FOCUS_WINDOW  
[08/04/26, 21:47:22:184] info: Store: UPSERT_WEB_CONTENTS {
  "id": 2,
  "state": "unloaded"
} 
[08/04/26, 21:47:22:186] info: Store: DISPLAY_METRICS_CHANGED  
[08/04/26, 21:47:22:847] info: Store: UPSERT_WEB_CONTENTS {
  "id": 2,
  "state": "loaded"
} 
[08/04/26, 21:47:22:852] info: Store: UPSERT_WEB_CONTENTS {
  "id": 2,
  "type": "auth",
  "history": "[REDACTED]"
} 
[08/04/26, 21:47:22:856] info: Store: UPSERT_WEB_CONTENTS {
  "id": 1,
  "history": "[REDACTED]"
} 
[08/04/26, 21:47:22:859] info: Store: UPSERT_WEB_CONTENTS {
  "id": 2,
  "state": "page-closed"
} 
[08/04/26, 21:47:22:867] info: Store: MAGIC_LOGIN_IN_PROGRESS false 
[08/04/26, 21:47:22:867] info: Store: REMOVE_WEB_CONTENTS {
  "id": 2
} 
[08/04/26, 21:47:23:989] info: Starting Sentry (Preload) 
[08/04/26, 21:47:23:989] info: getSentryDSN: Setting sentry URL to slack.com 
[08/04/26, 21:47:23:990] info: [DESKTOP PRELOAD]	Creating desktop interface object 
[08/04/26, 21:47:23:990] info: [DESKTOP PRELOAD]	Exposing context bridge 
[08/04/26, 21:47:23:999] info: Store: UPSERT_WEB_CONTENTS {
  "id": 1,
  "state": "loaded"
} 
[08/04/26, 21:47:24:538] info: [METRICS] Starting timers for metrics collection 
[08/04/26, 21:47:24:760] info: [APP] client-v2 
[08/04/26, 21:47:24:760] info: [DATE/TIME] 1785860244759 "2026-08-04T16:17:24.759Z" 
[08/04/26, 21:47:24:760] info: [VERSION] version_hash: 8f0ebd6271b4697c1c59b79836e085b7c90694ac 
[08/04/26, 21:47:24:760] info: [VERSION] version_ts: 1785813452 
[08/04/26, 21:47:24:760] info: [VERSION] min_version_data_ts: 1722374725 
[08/04/26, 21:47:24:760] info: [URL] https://app.slack.com/client 
[08/04/26, 21:47:24:760] info: [AUTH] authCookieChanged: started listening to the event 
[08/04/26, 21:47:24:761] info: [AUTH] Need to re-fetch auth (sc=true, psc=NaN, csc=1785860242, mfc=true, lf=0, mf=1635006011, sae=false) 
[08/04/26, 21:47:24:761] info: [AUTH] fetchAuthAndReturnToUrl: auth fetch times: 1785860244760 
[08/04/26, 21:47:24:761] info: [AUTH] fetchAuthAndReturnToUrl: will return to /client 
[08/04/26, 21:47:24:761] info: [AUTH] fetchAuthAndReturnToUrl: fetching credentials with iframe at /auth?app=client&return_to=%2Fclient&teams= 
[08/04/26, 21:47:24:792] info: Store: UPDATE_SETTINGS {
  "userTheme": "dark"
} 
[08/04/26, 21:47:24:807] info: Breadcrumb: fetch: undefined {
  "method": "GET",
  "url": "[REDACTED]",
  "status_code": 200
} 
[08/04/26, 21:47:24:808] info: [WD] All assets have reported back; s: 7; f: 0 
[08/04/26, 21:47:24:808] info: Store: UPDATE_SETTINGS {
  "systemThemeSyncEnabled": true
} 
[08/04/26, 21:47:24:809] info: [DESKTOP PRELOAD]	Network status check {
  "elapsed_time_ms": 321,
  "navigator_online": true,
  "api_test": "online"
} 
[08/04/26, 21:47:24:809] info: Store: SET_NETWORK_STATUS online 
[08/04/26, 21:47:25:107] info: [AUTH] credentials are ready 
[08/04/26, 21:47:25:108] info: [AUTH] credentials are ready ({"added":["T034MTGTM"],"changed":[],"removed":[],"pending":[],"isNoOp":false,"areChangedTeamsIncompatible":true}) 
[08/04/26, 21:47:25:109] info: [LOCAL-CONFIG] ingestIncomingConfig(): processing 642 bytes of data 
[08/04/26, 21:47:25:109] info: [LOCAL-CONFIG] ingestIncomingConfig(): teams before: (none), teams now: T034MTGTM:U0BMLBAL6BB 
[08/04/26, 21:47:25:109] info: [BOOT] Initial user team ID: T034MTGTM 
[08/04/26, 21:47:25:110] info: [BOOT] (T034MTGTM) Minimum supported data version is 1722374725; currently on undefined 
[08/04/26, 21:47:25:110] info: [BOOT] (T034MTGTM) Skipping checking persisted store because if it exists it's out of date 
[08/04/26, 21:47:25:111] info: [PERSIST] (T034MTGTM) Purging persisted model... 
[08/04/26, 21:47:25:111] info: [TRACER] Tracing is not sampled by default for this team. 
[08/04/26, 21:47:25:124] info: [TRACER] Tracing is not sampled by default for this session. 
[08/04/26, 21:47:25:126] info: [BOOT-QUEUE] T034MTGTM noversion-1785860245.125 experiments.getByUser called 
[08/04/26, 21:47:25:126] info: [BOOT-QUEUE] T034MTGTM noversion-1785860245.125 experiments.getByUser is ENQUEUED 
[08/04/26, 21:47:25:127] info: [BOOT-QUEUE] T034MTGTM noversion-1785860245.126 api.features called 
[08/04/26, 21:47:25:127] info: [BOOT-QUEUE] T034MTGTM noversion-1785860245.126 api.features is ENQUEUED 
[08/04/26, 21:47:25:127] info: [BOOT-QUEUE] T034MTGTM noversion-1785860245.127 features.access.policies.list called 
[08/04/26, 21:47:25:127] info: [BOOT-QUEUE] T034MTGTM noversion-1785860245.127 features.access.policies.list is ENQUEUED 
[08/04/26, 21:47:25:128] info: [BOOT-QUEUE] T034MTGTM noversion-1785860245.127 client.shouldReload called with reason: boot 
[08/04/26, 21:47:25:128] info: [BOOT-QUEUE] T034MTGTM noversion-1785860245.127 client.shouldReload is ENQUEUED 
[08/04/26, 21:47:25:128] info: [BOOT] Couldn't determine boot channel. Falling back to default channel 
[08/04/26, 21:47:25:142] info: Store: SELECTION_CHANGED T034MTGTM 
[08/04/26, 21:47:25:142] info: [OBJECT-STORE] attempting to delete shards [] 
[08/04/26, 21:47:25:143] info: [OBJECT-STORE-T034MTGT] openDB initializing at version 317 
[08/04/26, 21:47:25:143] info: [OBJECT-STORE-T034MTGT] openDB adding stores ["sundryStorage"] 
[08/04/26, 21:47:25:143] info: [OBJECT-STORE-T034MTGT] openDB removing stores [] 
[08/04/26, 21:47:25:143] info: [OBJECT-STORE-T034MTGT] openDB clearing stores [] 
[08/04/26, 21:47:25:147] info: [PERSIST] (T034MTGTM) Purged model 
[08/04/26, 21:47:25:148] info: [BOOT-QUEUE] T034MTGTM noversion-1785860245.147 client.userBoot called with reason: initial-data 
[08/04/26, 21:47:25:148] info: [BOOT-QUEUE] T034MTGTM noversion-1785860245.147 client.userBoot is ENQUEUED 
[08/04/26, 21:47:25:154] info: [EMOJI_TRANSLATION] Emoji translations not needed for default locale, only adding keywords 
[08/04/26, 21:47:25:225] info: [BOOT-QUEUE] T034MTGTM noversion-1785860245.125 experiments.getByUser is ACTIVE 
[08/04/26, 21:47:25:226] info: [BOOT-QUEUE] T034MTGTM noversion-1785860245.126 api.features is ACTIVE 
[08/04/26, 21:47:25:226] info: [BOOT-QUEUE] T034MTGTM noversion-1785860245.127 features.access.policies.list is ACTIVE 
[08/04/26, 21:47:25:226] info: [BOOT-QUEUE] T034MTGTM noversion-1785860245.127 client.shouldReload is ACTIVE 
[08/04/26, 21:47:25:226] info: [BOOT-QUEUE] T034MTGTM noversion-1785860245.147 client.userBoot is ACTIVE 
[08/04/26, 21:47:25:475] info: [BOOT-QUEUE] T034MTGTM noversion-1785860245.127 features.access.policies.list is RESOLVED 
[08/04/26, 21:47:25:485] info: [BOOT-QUEUE] T034MTGTM noversion-1785860245.126 api.features is RESOLVED 
[08/04/26, 21:47:25:489] info: [BOOT-QUEUE] T034MTGTM noversion-1785860245.127 client.shouldReload is RESOLVED 
[08/04/26, 21:47:25:523] info: [BOOT-QUEUE] T034MTGTM noversion-1785860245.147 client.userBoot is RESOLVED 
[08/04/26, 21:47:25:631] info: [BOOT-QUEUE] T034MTGTM noversion-1785860245.125 experiments.getByUser is RESOLVED 
[08/04/26, 21:47:26:814] info: [BOOT] (T034MTGTM) Booting with empty store 
[08/04/26, 21:47:26:816] info: [MIN-VERSION] No need to reload 
[08/04/26, 21:47:26:817] info: [BOOT-QUEUE] T034MTGTM noversion-1785860246.817 onboarding.fetch called 
[08/04/26, 21:47:26:817] info: [BOOT-QUEUE] T034MTGTM noversion-1785860246.817 onboarding.fetch is ENQUEUED 
[08/04/26, 21:47:26:817] info: [BOOT] (T034MTGTM) Configuring redux store 
[08/04/26, 21:47:26:817] info: [BOOT-QUEUE] T034MTGTM noversion-1785860246.817 onboarding.fetch is ACTIVE 
[08/04/26, 21:47:26:822] info: [DESKTOP-MIDDLEWARE] (T034MTGTM) Forwarding redux payload to desktop ["theme","notificationPrefs","connectivityPrefs","featureFlags","unreads","locale","version","frontendBuildType","userId","isRecording"] 
[08/04/26, 21:47:26:825] info: [WD] All assets have reported back; s: 13; f: 0 
[08/04/26, 21:47:26:825] info: Store: REDUX_UPDATE_FROM_WEBAPP (T034MTGTM) Changed keys [theme,notificationPrefs,connectivityPrefs,featureFlags,unreads,locale,version,frontendBuildType,userId,isRecording] 
[08/04/26, 21:47:27:066] info: [BOOT-QUEUE] T034MTGTM noversion-1785860246.817 onboarding.fetch is RESOLVED 
[08/04/26, 21:47:27:067] info: [BOOT] (T034MTGTM) Dispatching API data 
[08/04/26, 21:47:27:067] info: [BOOT] (T034MTGTM) Dispatching boot data 
[08/04/26, 21:47:27:068] info: [DESKTOP-MIDDLEWARE] (T034MTGTM) Forwarding redux payload to desktop ["userId"] 
[08/04/26, 21:47:27:072] info: [DESKTOP-MIDDLEWARE] (T034MTGTM) Forwarding redux payload to desktop ["notificationPrefs","unreads"] 
[08/04/26, 21:47:27:073] info: [DESKTOP-MIDDLEWARE] (T034MTGTM) Forwarding redux payload to desktop ["connectivityPrefs"] 
[08/04/26, 21:47:27:081] info: [EMOJI_TRANSLATION] Emoji translations not needed for default locale, only adding keywords 
[08/04/26, 21:47:27:083] info: [API-Q] (T034MTGTM) 8f0ebd62-1785860247.082 users.prefs.get called with reason: fetch-frecency-prefs 
[08/04/26, 21:47:27:083] info: [API-Q] (T034MTGTM) 8f0ebd62-1785860247.082 users.prefs.get is ENQUEUED 
[08/04/26, 21:47:27:083] info: [BOOT] (T034MTGTM) workspaces changed since last boot -- invalidating cached state 
[08/04/26, 21:47:27:084] info: [API-Q] (T034MTGTM) 8f0ebd62-1785860247.083 client.appCommands called with reason: set-model-data 
[08/04/26, 21:47:27:084] info: [API-Q] (T034MTGTM) 8f0ebd62-1785860247.083 client.appCommands is ENQUEUED 
[08/04/26, 21:47:27:084] info: [API-Q] (T034MTGTM) 8f0ebd62-1785860247.084 links.getDomains called with reason: siws-get-domains 
[08/04/26, 21:47:27:084] info: [API-Q] (T034MTGTM) 8f0ebd62-1785860247.084 links.getDomains is ENQUEUED 
[08/04/26, 21:47:27:085] info: [API-Q] (T034MTGTM) 8f0ebd62-1785860247.082 users.prefs.get is ACTIVE 
[08/04/26, 21:47:27:085] info: [API-Q] (T034MTGTM) 8f0ebd62-1785860247.083 client.appCommands is ACTIVE 
[08/04/26, 21:47:27:085] info: [API-Q] (T034MTGTM) 8f0ebd62-1785860247.084 links.getDomains is ACTIVE 
[08/04/26, 21:47:27:086] info: [BOOT] (T034MTGTM) Dispatching initial api data for initial view 
[08/04/26, 21:47:27:087] info: [BOOT] (T034MTGTM) Dispatching conversations.view data from registerBootApi 
[08/04/26, 21:47:27:093] info: [BOOT] (T034MTGTM) processing mutation timestamps for CH21NUGDD 
[08/04/26, 21:47:27:093] info: [COUNTS] (T034MTGTM) purging cached history for channel CH21NUGDD since counts history_invalid 1785845696.100100 > cached historyInvalidTs undefined 
[08/04/26, 21:47:27:095] info: [PLATFORM-CHANNEL-ACTI] (T034MTGTM) setting count for channel CH21NUGDD to 0, and marking channel as stale. 
[08/04/26, 21:47:27:098] info: [COUNTS] (T034MTGTM) Updated unread_cnt for CH21NUGDD: 28 
[08/04/26, 21:47:27:099] info: [API-Q] (T034MTGTM) 8f0ebd62-1785860247.099 users.stateMachine called with reason: dispatch-onboarding-view-data 
[08/04/26, 21:47:27:099] info: [API-Q] (T034MTGTM) 8f0ebd62-1785860247.099 users.stateMachine is ENQUEUED 
[08/04/26, 21:47:27:099] warn: (T034MTGTM) {"id":"CH21NUGDD"} unexpected_unread_after_loading_history 
[08/04/26, 21:47:27:099] info: [UNREAD-COUNTS] (T034MTGTM) CH21NUGDD initially marked unread in the client.counts response: false 
[08/04/26, 21:47:27:100] info: [API-Q] (T034MTGTM) 8f0ebd62-1785860247.099 users.stateMachine is ACTIVE 
[08/04/26, 21:47:27:102] info: [NAVIGATION-MIDDLEWARE] Starting a new navigation middleware execution {"context":"client-boot","nextViewSet":{"sidebar":{"id":"ChannelList","viewType":"ChannelList"},"primary":{"id":"D0BMN4B2RNG","viewType":"Channel"}},"middlewareCount":11} 
[08/04/26, 21:47:27:103] info: [NAVIGATION-MIDDLEWARE] Async action execution is complete for a view {"nextView":{"id":"ChannelList","viewType":"ChannelList"},"results":[["EnsureChannelHasParentTabMiddleware",false],["EnsureAppViewType",false],["EnsureMessagesTabHasTabIdMiddleware",false],["RedirectFileChannel",false],["RedirectChannelCanvasToCanvas",false],["AttemptToSetSolutionsGalleryPref",false],["CanvasSetScrollParam",false],["EnsureActivityInboxMiddleware",false],["EnsureSlackbotDefaultView",false],["EnsureSearchPrimaryPrototypeMiddleware",false],["EnsureActivitySidebarPrototypeMiddleware",false]],"shouldTerminateNavigation":false,"executionTime":0.7999999998137355} 
[08/04/26, 21:47:27:103] info: [BOOT] (T034MTGTM) Boot complete 
[08/04/26, 21:47:27:103] info: [DESKTOP-MIDDLEWARE] (T034MTGTM) Forwarding redux payload to desktop ["unreads"] 
[08/04/26, 21:47:27:104] info: [API-Q] (T034MTGTM) 8f0ebd62-1785860247.104 api.getFlannelHttpUrl called with reason: client-needs-valid-flannel-url 
[08/04/26, 21:47:27:104] info: [API-Q] (T034MTGTM) 8f0ebd62-1785860247.104 api.getFlannelHttpUrl is ENQUEUED 
[08/04/26, 21:47:27:105] info: [DESKTOP-SIDE-EFFECT] (T034MTGTM) Reacting to  {"type":"[30] Set a value that represents whether we are currently in the boot phase","payload":false,"error":false} 
[08/04/26, 21:47:27:106] info: [AUTH] Installing incremental auth handler 
[08/04/26, 21:47:27:106] info: [NAVIGATION-MIDDLEWARE] Finish middleware execution for sidebar container {"maybeTransformedViewSet":{"sidebar":{"id":"ChannelList","viewType":"ChannelList"},"primary":{"id":"D0BMN4B2RNG","viewType":"Channel"}},"terminateNavigation":false,"isViewTransformed":false,"iterationCount":0,"executionTime":3.099999999627471} 
[08/04/26, 21:47:27:106] info: [SOCKET-MANAGER] (T034MTGTM) Changing from never_connected to prov_connect 
[08/04/26, 21:47:27:106] info: [SOCKET-MANAGER] (T034MTGTM) will stay in prov_connect state for up to 10000 ms 
[08/04/26, 21:47:27:106] info: [SOCKET-MANAGER] (T034MTGTM) Connecting with token ending: 9ddc 
[08/04/26, 21:47:27:106] info: [SOCKET-MANAGER] (T034MTGTM) Changing from prov_connect to prov_connecting 
[08/04/26, 21:47:27:107] info: [SOCKET-MANAGER] (T034MTGTM) will stay in prov_connecting state for up to 35000 ms 
[08/04/26, 21:47:27:107] info: [ENDPOINT-MANAGER] (T034MTGTM) No stale versions to clear. 
[08/04/26, 21:47:27:107] info: [ENDPOINT-MANAGER] (T034MTGTM) socketUrl - fetching endpoint 
[08/04/26, 21:47:27:107] info: [SOCKET-MANAGER-MIDDLE] (T034MTGTM) Initialized Socket Manager instance 
[08/04/26, 21:47:27:107] info: [API-Q] (T034MTGTM) 8f0ebd62-1785860247.104 api.getFlannelHttpUrl is ACTIVE 
[08/04/26, 21:47:27:108] info: [NAVIGATION-MIDDLEWARE] Async action execution is complete for a view {"nextView":{"id":"D0BMN4B2RNG","viewType":"Channel"},"results":[["EnsureChannelHasParentTabMiddleware",false],["EnsureAppViewType",false],["EnsureMessagesTabHasTabIdMiddleware",false],["RedirectFileChannel",false],["RedirectChannelCanvasToCanvas",false],["AttemptToSetSolutionsGalleryPref",false],["CanvasSetScrollParam",false],["EnsureActivityInboxMiddleware",false],["EnsureSlackbotDefaultView",false],["EnsureSearchPrimaryPrototypeMiddleware",false],["EnsureActivitySidebarPrototypeMiddleware",false]],"shouldTerminateNavigation":false,"executionTime":3.2000000001862645} 
[08/04/26, 21:47:27:109] info: [NAVIGATION-MIDDLEWARE] View has been transformed {"container":"primary","initialView":{"id":"D0BMN4B2RNG","viewType":"Channel"},"transformedView":{"id":"D0BMN4B2RNG","viewType":"Channel","params":{"parentTab":"D0BMN4B2RNG","tabId":"channel"}},"iterationCount":0} 
[08/04/26, 21:47:27:109] info: [NAVIGATION-MIDDLEWARE] Skipping middleware execution for sidebar container as we have cached value {"initialView":{"id":"ChannelList","viewType":"ChannelList"},"iterationCount":1} 
[08/04/26, 21:47:27:110] info: [NAVIGATION-MIDDLEWARE] Async action execution is complete for a view {"nextView":{"id":"D0BMN4B2RNG","viewType":"Channel","params":{"parentTab":"D0BMN4B2RNG","tabId":"channel"}},"results":[["EnsureChannelHasParentTabMiddleware",false],["EnsureAppViewType",false],["EnsureMessagesTabHasTabIdMiddleware",false],["RedirectFileChannel",false],["RedirectChannelCanvasToCanvas",false],["AttemptToSetSolutionsGalleryPref",false],["CanvasSetScrollParam",false],["EnsureActivityInboxMiddleware",false],["EnsureSlackbotDefaultView",false],["EnsureSearchPrimaryPrototypeMiddleware",false],["EnsureActivitySidebarPrototypeMiddleware",false]],"shouldTerminateNavigation":false,"executionTime":1.3999999999068677} 
[08/04/26, 21:47:27:112] info: [EMOJI_TRANSLATION] Emoji translations not needed for default locale, only adding keywords 
[08/04/26, 21:47:27:113] info: [NAVIGATION-MIDDLEWARE] Finish middleware execution for primary container {"maybeTransformedViewSet":{"sidebar":{"id":"ChannelList","viewType":"ChannelList"},"primary":{"id":"D0BMN4B2RNG","viewType":"Channel","params":{"parentTab":"D0BMN4B2RNG","tabId":"channel"}}},"terminateNavigation":false,"isViewTransformed":false,"iterationCount":1,"executionTime":4} 
[08/04/26, 21:47:27:113] info: [NAVIGATION-MIDDLEWARE] Finish middleware execution for primary container {"maybeTransformedViewSet":{"sidebar":{"id":"ChannelList","viewType":"ChannelList"},"primary":{"id":"D0BMN4B2RNG","viewType":"Channel","params":{"parentTab":"D0BMN4B2RNG","tabId":"channel"}}},"terminateNavigation":false,"isViewTransformed":true,"iterationCount":0,"executionTime":7.899999999906868} 
[08/04/26, 21:47:27:113] info: [NAVIGATION-MIDDLEWARE] Navigation middleware execution is complete {"maybeUpdatedViewSet":{"sidebar":{"id":"ChannelList","viewType":"ChannelList"},"primary":{"id":"D0BMN4B2RNG","viewType":"Channel","params":{"parentTab":"D0BMN4B2RNG","tabId":"channel"}}},"terminateNavigation":false,"executionTime":11.199999999720603} 
[08/04/26, 21:47:27:118] info: [DESKTOP-SIDE-EFFECT] (T034MTGTM) Creating desktop delegate 
[08/04/26, 21:47:27:118] info: [DESKTOP PRELOAD]	Exposing workspace desktop delegate for  {
  "workspaceId": "T034MTGTM"
} 
[08/04/26, 21:47:27:118] info: [DESKTOP PRELOAD]	Setting global desktop delegate 
[08/04/26, 21:47:27:119] info: [BOOT] (T034MTGTM) (T034MTGTM) Mounting client 
[08/04/26, 21:47:27:239] info: [COUNTS] (T034MTGTM) dmsBadgeCount: 0 
[08/04/26, 21:47:27:239] info: [COUNTS] (T034MTGTM) activityBadgeCount: 0 
[08/04/26, 21:47:27:242] info: [DEVICE-PERMISSIONS-MA] Initializing media device permissions manager 
[08/04/26, 21:47:27:242] info: [DEVICE-PERMISSIONS-MA] Using desktop device permissions strategy 
[08/04/26, 21:47:27:242] info: [DEVICE-PERMISSIONS-MA] Scheduled permissions refresh 
[08/04/26, 21:47:27:242] info: [(?)] Initializing device preferences manager with teamId: T034MTGTM 
[08/04/26, 21:47:27:242] info: [DEVICE-PREFS] Using device preferences manager 
[08/04/26, 21:47:27:242] info: [DEVICE-PREFS] No preferred devices found in local storage. 
[08/04/26, 21:47:27:242] info: [DEVICE-PREFS] No preferred devices found in local storage. Detecting preferences from selection records 
[08/04/26, 21:47:27:242] info: [DEVICE-PREFS] Initializing device preferences manager from local storage 
[08/04/26, 21:47:27:242] info: [DEVICE-PREFS] Device selection records: {} 
[08/04/26, 21:47:27:242] info: [DEVICE-PREFS] Updating available devices (original flow) 
[08/04/26, 21:47:27:243] info: [AVDEVICESERVICE] [AVDeviceService] [LIFECYCLE] [avds_1785860247242] Device enumerator initialized 
[08/04/26, 21:47:27:297] warn: TRACER (T034MTGTM) (boot:time_to_mount_client) was forced closed and marked with the _flush=true tag. 
[08/04/26, 21:47:27:298] info: [BOOT] Fetching client.extras {"extras":["feature_usage_data","plan_info","onboarding","misc","salesforce_features"]} 
[08/04/26, 21:47:27:298] info: [API-Q] (T034MTGTM) 8f0ebd62-1785860247.298 client.extras called with reason: fetch-client-extras 
[08/04/26, 21:47:27:298] info: [API-Q] (T034MTGTM) 8f0ebd62-1785860247.298 client.extras is ENQUEUED 
[08/04/26, 21:47:27:299] info: [API-Q] (T034MTGTM) 8f0ebd62-1785860247.299 drafts.list called with reason: client-v2-boot-team 
[08/04/26, 21:47:27:299] info: [API-Q] (T034MTGTM) 8f0ebd62-1785860247.299 drafts.list is ENQUEUED 
[08/04/26, 21:47:27:299] info: [DRAFTS] (T034MTGTM) No local drafts - skipping fetch to purge inactive drafts 
[08/04/26, 21:47:27:301] info: [EMOJI_TRANSLATION] Emoji translations not needed for default locale, only adding keywords 
[08/04/26, 21:47:27:302] info: [API-Q] (T034MTGTM) 8f0ebd62-1785860247.302 workflows.triggers.listRecentlyRunForUser called with reason: fetch_and_upsert_recently_run_triggers 
[08/04/26, 21:47:27:302] info: [API-Q] (T034MTGTM) 8f0ebd62-1785860247.302 workflows.triggers.listRecentlyRunForUser is ENQUEUED 
[08/04/26, 21:47:27:302] info: [API-Q] (T034MTGTM) 8f0ebd62-1785860247.302 functions.workflows.list called with reason: automations_gallery 
[08/04/26, 21:47:27:302] info: [API-Q] (T034MTGTM) 8f0ebd62-1785860247.302 functions.workflows.list is ENQUEUED 
[08/04/26, 21:47:27:303] info: [API-Q] (T034MTGTM) 8f0ebd62-1785860247.303 megaphone.notifications.list called with reason: boot 
[08/04/26, 21:47:27:303] info: [API-Q] (T034MTGTM) 8f0ebd62-1785860247.303 megaphone.notifications.list is ENQUEUED 
[08/04/26, 21:47:27:303] info: [API-Q] (T034MTGTM) 8f0ebd62-1785860247.303 megaphone.notifications.list called with reason: boot 
[08/04/26, 21:47:27:303] info: [API-Q] (T034MTGTM) 8f0ebd62-1785860247.303 megaphone.notifications.list is ENQUEUED 
[08/04/26, 21:47:27:304] info: [API-Q] (T034MTGTM) 8f0ebd62-1785860247.304 teams.trials.info called with reason: client-v2-boot-team 
[08/04/26, 21:47:27:304] info: [API-Q] (T034MTGTM) 8f0ebd62-1785860247.304 teams.trials.info is ENQUEUED 
[08/04/26, 21:47:27:304] info: [API-Q] (T034MTGTM) 8f0ebd62-1785860247.304 users.prefs.get called with reason: fetch-user-expectation-last-triggered-pref 
[08/04/26, 21:47:27:304] info: [API-Q] (T034MTGTM) 8f0ebd62-1785860247.304 users.prefs.get is ENQUEUED 
[08/04/26, 21:47:27:304] info: [API-Q] (T034MTGTM) 8f0ebd62-1785860247.304 users.priority.list called with reason: fetch-priority-users-on-boot-render 
[08/04/26, 21:47:27:304] info: [API-Q] (T034MTGTM) 8f0ebd62-1785860247.304 users.priority.list is ENQUEUED 
[08/04/26, 21:47:27:305] info: [API-Q] (T034MTGTM) 8f0ebd62-1785860247.305 activity.views called with reason: fetch-deferred-messaging-client-data 
[08/04/26, 21:47:27:305] info: [API-Q] (T034MTGTM) 8f0ebd62-1785860247.305 activity.views is ENQUEUED 
[08/04/26, 21:47:27:306] info: [API-Q] (T034MTGTM) 8f0ebd62-1785860247.298 client.extras is ACTIVE 
[08/04/26, 21:47:27:306] info: [API-Q] (T034MTGTM) 8f0ebd62-1785860247.299 drafts.list is ACTIVE 
[08/04/26, 21:47:27:306] info: [API-Q] (T034MTGTM) 8f0ebd62-1785860247.302 workflows.triggers.listRecentlyRunForUser is ACTIVE 
[08/04/26, 21:47:27:306] info: [API-Q] (T034MTGTM) 8f0ebd62-1785860247.302 functions.workflows.list is ACTIVE 
[08/04/26, 21:47:27:306] info: [API-Q] (T034MTGTM) 8f0ebd62-1785860247.303 megaphone.notifications.list is ACTIVE 
[08/04/26, 21:47:27:306] info: [API-Q] (T034MTGTM) 8f0ebd62-1785860247.306 calendar.getInstalledCalendars called with reason: calendar-get-installed-calendars 
[08/04/26, 21:47:27:306] info: [API-Q] (T034MTGTM) 8f0ebd62-1785860247.306 calendar.getInstalledCalendars is ENQUEUED 
[08/04/26, 21:47:27:308] info: [API-Q] (T034MTGTM) 8f0ebd62-1785860247.308 users.prefs.set called with reason: prefs-api/setUserPrefByApi 
[08/04/26, 21:47:27:308] info: [API-Q] (T034MTGTM) 8f0ebd62-1785860247.308 users.prefs.set is ENQUEUED 
[08/04/26, 21:47:27:309] info: [BOOT] Setting reducedSignInWorkflowExperiment object in local storage. teamId: T034MTGTM, enterpriseId: undefined, isOn: true 
[08/04/26, 21:47:27:311] info: [NAVIGATE-LISTENERS] (T034MTGTM) Starting navigation listeners for triggerType CLIENT_MOUNT 
[08/04/26, 21:47:27:314] info: [NAVIGATE-LISTENERS] (T034MTGTM) Navigation listeners complete without errors 
[08/04/26, 21:47:27:315] info: [MIN-VERSION] Starting client min-version poll. 
[08/04/26, 21:47:27:316] info: [PERSIST] Purging persisted models, except for the following teamIds ["T034MTGTM"] 
[08/04/26, 21:47:27:352] info: [CHECK-UNREADS] (T034MTGTM) Checking unreads after window became focused 
[08/04/26, 21:47:27:353] info: Store: REDUX_UPDATE_FROM_WEBAPP (T034MTGTM) Changed keys [userId] 
[08/04/26, 21:47:27:355] info: [UFM-TEAMS] (T034MTGTM) requesting T034MTGTM (1) 
[08/04/26, 21:47:27:355] info: [UFM-TEAMS] (T034MTGTM) received T034MTGTM (1) 
[08/04/26, 21:47:27:356] info: [GS_REQUEST] (T034MTGTM) received a user_change_subscribe_request call while we are not connected; deferring 
[08/04/26, 21:47:27:356] info: [UFM-MEMBERS] (T034MTGTM) requesting U0BFG9ME1PU,USLACKBOT (1) 
[08/04/26, 21:47:27:357] info: [UFM-PERMISSIONS] (T034MTGTM) requesting ACCESS_SLACK_AI_SLACKBOT,ACCESS_SLACK_AI_TODAY,ACCESS_SLACK_AI_SEARCH,ACCESS_SLACK_AI_FILTERS,ACCESS_SLACK_AI_HUDDLE_SUMMARIES,ADD_FULL_USER_TO_WORKSPACE,ACCESS_SLACK_AI_RECAP,ACCESS_SLACK_AI_CHANNEL_THREAD_SUMMARIES,ACCESS_SLACK_AI_FILE_SUMMARIES,VIEW_OVERVIEW_ANALYTICS,VIEW_MEMBER_ANALYTICS,VIEW_APP_ANALYTICS,VIEW_CHANNEL_ANALYTICS,VIEW_TOP_LEVEL_WORKFLOWS,ADD_CUSTOM_EMOJI,EDIT_SLACKBOT_RESPONSES,ADD_GUEST_USER_TO_WORKSPACE,REMOVE_GUEST_USER_FROM_WORKSPACE,REMOVE_FULL_USER_FROM_WORKSPACE,CONVERT_TO_GUEST,CONVERT_TO_MEMBER,READ_LEGAL_HOLDS,WRITE_LEGAL_HOLDS,CREATE_PUBLIC_CHANNEL,CREATE_PRIVATE_CHANNEL,READ_AUDIT_LOGS,ARCHIVE_CHANNEL,CONVERT_MPDM_TO_PRIVATE,EDIT_CHANNEL_WORKSPACES,CAN_AT_CHANNEL,VIEW_WORKSPACE_ANALYTICS,VIEW_ORG_WIDE_CHANNEL_ANALYTICS,VIEW_HUDDLE_ANALYTICS,VIEW_CLIP_ANALYTICS,VIEW_AI_ANALYTICS,VIEW_CANVAS_ANALYTICS,VIEW_WORKFLOW_ANALYTICS,VIEW_LIST_ANALYTICS,VIEW_SLACKBOT_ANALYTICS,ADD_COLLABORATOR_TO_ANY_WORKFLOW,UNPUBLISH_ANY_WORKFLOW,CREATE_WORKFLOWS,CREATE_CANVAS_TEMPLATES,PUBLISH_CANVAS_ORG_TEMPLATES,MANAGE_SALES_HOME,MANAGE_SALES_HOME_DATA_SOURCE,DELETE_CUSTOM_EMOJI,UPDATE_NAME,UPDATE_DISPLAY_NAME,EDIT_PROFILE_PHOTO,ACCEPT_SLACK_CONNECT_INVITES,MANAGE_SLACK_CONNECT,CREATE_SLACK_CONNECT_DM,VIEW_APP_REQUESTS,MANAGE_AAA_AUTOMATION_RULES,MANAGE_SCOPE_RATINGS,VIEW_INSTALLED_APPS,MANAGE_ORG_LEVEL_APP_APPROVAL,VIEW_APPROVED_APPS,VIEW_RESTRICTED_APPS,ADD_ORG_APPS_TO_WORKSPACES,REMOVE_ORG_APPS_FROM_WORKSPACES,VIEW_DEPRECATIONS,MANAGE_WORKFLOW_CONNECTORS,MANAGE_WORKFLOW_TRIGGERS,MANAGE_APP_ACLS,CREATE_SOLUTION_TEMPLATE,PUBLISH_SOLUTION_TEMPLATE,MANAGE_SOLUTION_TEMPLATE,CREATE_LIST_TEMPLATE,CREATE_USER_GROUPS,EDIT_USER_GROUPS,DELETE_USER_GROUPS,ACCESS_SLACK_AI_DETAILED_FEEDBACK,ACCESS_SLACK_AI_STEPS_IN_WORKFLOW,ACCESS_SLACK_AI_TRANSLATIONS,ACCESS_SLACK_AI_WORKFLOW_BUILDER,ACCESS_SLACK_AI_RECORD_CHANNEL_DIGEST,ACCESS_SLACK_AI_DEVELOPMENT,ACCESS_SLACK_AI_EXPLAIN,ACCESS_SLACK_AI_CANVAS,ACCESS_SLACK_AI_SALESFORCE_CSV_MAPPER,ACCESS_SLACK_AI_SUGGESTED_SECTIONS,ACCESS_SLACK_AI_CHANNEL_SECTION_RECOMMENDATIONS,ACCESS_SLACK_AI_SLACKIVERSARY,ACCESS_ENTERPRISE_SEARCH,AUTHOR_SKILLS,AUTO_ENABLE_SKILL,CAN_MANAGE_XWS_CHANNELS,CREATE_AND_EDIT_ORG_USER_GROUPS,EDIT_ORG_USER_GROUPS,DELETE_ORG_USER_GROUPS (1) 
[08/04/26, 21:47:27:357] info: [UFM] (T034MTGTM) requesting D0BMN4B2RNG (1) 
[08/04/26, 21:47:27:357] info: [API-Q] (T034MTGTM) 8f0ebd62-1785860247.357 conversations.info called with reason: app-homes-store/conditional-fetching 
[08/04/26, 21:47:27:357] info: [API-Q] (T034MTGTM) 8f0ebd62-1785860247.357 conversations.info is ENQUEUED 
[08/04/26, 21:47:27:358] info: [DND_V2] (T034MTGTM) fetchAndUpsertDndForUsers - Preparing to fetch DND times for the following members: U0BMLBAL6BB 
[08/04/26, 21:47:27:358] info: [API-Q] (T034MTGTM) 8f0ebd62-1785860247.358 dnd.info called with reason: fetchAndUpsertDndForUsers-getDndTimesFor:self 
[08/04/26, 21:47:27:358] info: [API-Q] (T034MTGTM) 8f0ebd62-1785860247.358 dnd.info is ENQUEUED 
[08/04/26, 21:47:27:358] info: [API-Q] (T034MTGTM) 8f0ebd62-1785860247.358 help.issues.ticketStats called with reason: fetchAndUpsertTicketStats 
[08/04/26, 21:47:27:358] info: [API-Q] (T034MTGTM) 8f0ebd62-1785860247.358 help.issues.ticketStats is ENQUEUED 
[08/04/26, 21:47:27:359] info: [UFM] (T034MTGTM) requesting D0BMN4B2RNG (1) 
[08/04/26, 21:47:27:359] info: [API-Q] (T034MTGTM) 8f0ebd62-1785860247.359 users.channelSections.list called with reason: conditional-fetch-manager 
[08/04/26, 21:47:27:359] info: [API-Q] (T034MTGTM) 8f0ebd62-1785860247.359 users.channelSections.list is ENQUEUED 
[08/04/26, 21:47:27:363] info: [OBJECT-STORE] attempting to delete shards [] 
[08/04/26, 21:47:27:365] info: [PERSIST] Purged persisted models [] 
[08/04/26, 21:47:27:367] info: [BOOT] Client boot completed 
[08/04/26, 21:47:27:372] info: [SIGNAL-TO-DESKTOP] (T034MTGTM) Attempted boot for all workspaces, signaling desktop 
[08/04/26, 21:47:27:376] info: [RTM-EVENT-METRICS] Metrics collection sampling has been reset. 
[08/04/26, 21:47:27:425] info: Store: REDUX_UPDATE_FROM_WEBAPP (T034MTGTM) Changed keys [notificationPrefs,unreads] 
[08/04/26, 21:47:27:425] info: Store: REDUX_UPDATE_FROM_WEBAPP (T034MTGTM) Changed keys [connectivityPrefs] 
[08/04/26, 21:47:27:425] info: Store: REDUX_UPDATE_FROM_WEBAPP (T034MTGTM) Changed keys [unreads] 
[08/04/26, 21:47:27:426] info: Store: STORE_USER_WORKSPACES {
  "userTeamId": "T034MTGTM",
  "workspaceIds": [
    "T034MTGTM"
  ]
} 
[08/04/26, 21:47:27:426] info: Store: SELECTION_CHANGED T034MTGTM 
[08/04/26, 21:47:27:426] info: Store: EXTEND_MENU global: menucategory-file,menucategory-view,menucategory-jump-to 
[08/04/26, 21:47:27:426] info: Store: EXTEND_MENU T034MTGTM: menucategory-file,menucategory-view,menucategory-edit,menucategory-help,menucategory-history 
[08/04/26, 21:47:27:426] info: Store: UPDATE_SETTINGS {
  "zoomLevel": 0
} 
[08/04/26, 21:47:27:427] info: [DESKTOP-SIDE-EFFECT] Update from desktop for keys  ["settings"] 
[08/04/26, 21:47:27:429] info: Store: DISPLAY_METRICS_CHANGED  
[08/04/26, 21:47:27:430] info: [API-Q] (T034MTGTM) 8f0ebd62-1785860247.083 client.appCommands is RESOLVED 
[08/04/26, 21:47:27:432] info: [API-Q] (T034MTGTM) 8f0ebd62-1785860247.304 users.prefs.get is ACTIVE 
[08/04/26, 21:47:27:432] info: [API-Q] (T034MTGTM) 8f0ebd62-1785860247.084 links.getDomains is RESOLVED 
[08/04/26, 21:47:27:433] info: [API-Q] (T034MTGTM) 8f0ebd62-1785860247.303 megaphone.notifications.list is ACTIVE 
[08/04/26, 21:47:27:433] info: [API-Q] (T034MTGTM) 8f0ebd62-1785860247.099 users.stateMachine is RESOLVED 
[08/04/26, 21:47:27:433] info: [API-Q] (T034MTGTM) 8f0ebd62-1785860247.304 teams.trials.info is ACTIVE 
[08/04/26, 21:47:27:434] info: [API-Q] (T034MTGTM) 8f0ebd62-1785860247.104 api.getFlannelHttpUrl is RESOLVED 
[08/04/26, 21:47:27:435] info: [API-Q] (T034MTGTM) noversion-1785860247.434 Flannel huddles/list called with reason: flannel-call:huddles/list 
[08/04/26, 21:47:27:435] info: [API-Q] (T034MTGTM) noversion-1785860247.434 Flannel huddles/list is ENQUEUED 
[08/04/26, 21:47:27:435] info: [API-Q] (T034MTGTM) noversion-1785860247.435 Flannel users/info called with reason: flannel-call:users/info 
[08/04/26, 21:47:27:435] info: [API-Q] (T034MTGTM) noversion-1785860247.435 Flannel users/info is ENQUEUED 
[08/04/26, 21:47:27:435] info: [API-Q] (T034MTGTM) noversion-1785860247.435 Flannel users/info called with reason: flannel-call:users/info 
[08/04/26, 21:47:27:435] info: [API-Q] (T034MTGTM) noversion-1785860247.435 Flannel users/info is ENQUEUED 
[08/04/26, 21:47:27:435] info: [API-Q] (T034MTGTM) noversion-1785860247.435 Flannel permissions/info called with reason: flannel-call:permissions/info 
[08/04/26, 21:47:27:435] info: [API-Q] (T034MTGTM) noversion-1785860247.435 Flannel permissions/info is ENQUEUED 
[08/04/26, 21:47:27:435] info: [API-Q] (T034MTGTM) noversion-1785860247.435 Flannel huddles/info called with reason: flannel-call:huddles/info 
[08/04/26, 21:47:27:435] info: [API-Q] (T034MTGTM) noversion-1785860247.435 Flannel huddles/info is ENQUEUED 
[08/04/26, 21:47:27:435] info: [API-Q] (T034MTGTM) 8f0ebd62-1785860247.304 users.priority.list is ACTIVE 
[08/04/26, 21:47:27:436] info: [ENDPOINT-MANAGER] (T034MTGTM) socketUrl - got endpoint 
[08/04/26, 21:47:27:474] info: [WD] All assets have reported back; s: 15; f: 0 
[08/04/26, 21:47:27:479] info: [SERVICE-WORKER] Writing (["en-US"]) to Service Worker with key https://slack.com/fake-url-for-service-worker-item-storage/locales. 
[08/04/26, 21:47:27:484] info: [API-Q] (T034MTGTM) 8f0ebd62-1785860247.082 users.prefs.get is RESOLVED 
[08/04/26, 21:47:27:485] info: [API-Q] (T034MTGTM) noversion-1785860247.435 Flannel huddles/info is ACTIVE 
[08/04/26, 21:47:27:485] info: Store: SYNC Synced 1 workspaces with IDs [T034MTGTM] 
[08/04/26, 21:47:27:486] info: Store: UPSERT_WEB_CONTENTS {
  "id": 1,
  "state": "webapp-loaded"
} 
[08/04/26, 21:47:27:488] info: Store: RECORD_PERFORMANCE_TIMING {
  "phase": 3,
  "interval": 21445
} 
[08/04/26, 21:47:27:498] info: [AVDEVICESERVICE] [AVDeviceService] [DEVICE_LIST] [avds_1785860247242] Enumerated 5 devices (deviceCount=5, devices=audioinput:default "Default", audioinput:38a1eacf35592c3982e4a38750e280882d8aa08fcce531eb37087d16aa4d1f61 "Ryzen HD Audio Controller Digital Microphone", videoinput:a0f5736ec38ce858e144cdb738860fc3aca7e2d3e3fb8db2f2b2e2dc2e63030f "HP True Vision FHD Camera", audiooutput:default "Default", audiooutput:272949a729b930d3cfd7b9052fcad7a300d4318f7a266d1474721c34b8d45c3a "Ryzen HD Audio Controller Speaker") 
[08/04/26, 21:47:27:498] info: [DEVICE-PREFS] Device list validation result: true 
[08/04/26, 21:47:27:498] info: [DEVICE-PREFS] Device list updated [{},{},{},{},{}] 
[08/04/26, 21:47:27:498] info: [DEVICE-PREFS] Processing device list [{},{},{},{},{}] 
[08/04/26, 21:47:27:499] info: [DEVICE-PREFS] No preferred devices found in local storage. Detecting preferences from selection records 
[08/04/26, 21:47:27:499] info: [DEVICE-PREFS] Initializing device preferences manager from local storage 
[08/04/26, 21:47:27:499] info: [DEVICE-PREFS] Device selection records: {} 
[08/04/26, 21:47:27:499] info: [DEVICE-PREFS] Device list processing complete 
[08/04/26, 21:47:27:499] info: [DEVICE-PREFS] Preferred audioinput device matches OS default. Updating to OS default 
[08/04/26, 21:47:27:499] info: [DEVICE-PREFS] Recording selected audioinput device: default 
[08/04/26, 21:47:27:499] info: [DEVICE-PREFS] Preferred audiooutput device matches OS default. Updating to OS default 
[08/04/26, 21:47:27:499] info: [DEVICE-PREFS] Recording selected audiooutput device: default 
[08/04/26, 21:47:27:499] info: [DEVICE-PREFS] Device list change handler updated 
[08/04/26, 21:47:27:499] info: [DEVICE-PREFS] Device preferences manager initialized 
[08/04/26, 21:47:27:499] info: [DEVICE-PREFS] Analyzing stored device records 
[08/04/26, 21:47:27:499] info: [DEVICE-PREFS] Returning all records for initialization analyses 
[08/04/26, 21:47:27:499] info: [DEVICE-PREFS] Device selection records analysis: {"totalRecords":0,"webAudioDevices":0,"webAudioSelectedDevices":0,"webAudioUsedDevices":0,"microphoneCount":0,"speakerCount":0,"cameraCount":0} 
[08/04/26, 21:47:27:499] info: [(?)] Device preferences manager initialized 
[08/04/26, 21:47:27:499] info: Store: SET_SYSTEM_DIAGNOSTIC_INFO {
  "virtualization": null,
  "network": {
    "connectionEffectiveType": "fast",
    "downlinkSpeed": 10
  },
  "hardware": {
    "total_memory_in_gb": 15,
    "available_memory_gb": 12,
    "chrome_version": "150.0.7871.114",
    "locale": "en-US",
    "uptime_hours": 0.86,
    "cpu_model": "AMD Ryzen 7 7840HS w/ Radeon 780M Graphics",
    "cpu_logical_core": 16,
    "cpu_clock_speed": 2232,
    "machine_model_name": "unknown",
    "machine_model_version": "unknown"
  }
} 
[08/04/26, 21:47:27:512] info: [API-Q] (T034MTGTM) 8f0ebd62-1785860247.512 conversations.listPrefs called with reason: client_redux_store 
[08/04/26, 21:47:27:512] info: [API-Q] (T034MTGTM) 8f0ebd62-1785860247.512 conversations.listPrefs is ENQUEUED 
[08/04/26, 21:47:27:512] info: [UFM] (T034MTGTM) requesting A0F7YS351,A5GE9BMQC (1) 
[08/04/26, 21:47:27:513] info: [API-Q] (T034MTGTM) 8f0ebd62-1785860247.512 apps.profile.get called with reason: fetch-all-apps-by-id 
[08/04/26, 21:47:27:513] info: [API-Q] (T034MTGTM) 8f0ebd62-1785860247.512 apps.profile.get is ENQUEUED 
[08/04/26, 21:47:27:513] info: [API-Q] (T034MTGTM) 8f0ebd62-1785860247.513 apps.profile.get called with reason: fetch-all-apps-by-id 
[08/04/26, 21:47:27:513] info: [API-Q] (T034MTGTM) 8f0ebd62-1785860247.513 apps.profile.get is ENQUEUED 
[08/04/26, 21:47:27:524] info: [UFM-PERMISSIONS] (T034MTGTM) requesting CAN_AT_CHANNEL,CAN_AT_EVERYONE,ARCHIVE_CHANNEL (1) 
[08/04/26, 21:47:27:524] info: [API-Q] (T034MTGTM) noversion-1785860247.523 Flannel permissions/info called with reason: flannel-call:permissions/info 
[08/04/26, 21:47:27:524] info: [API-Q] (T034MTGTM) noversion-1785860247.523 Flannel permissions/info is ENQUEUED 
[08/04/26, 21:47:27:530] info: [API-Q] (T034MTGTM) 8f0ebd62-1785860247.299 drafts.list is RESOLVED 
[08/04/26, 21:47:27:530] info: [DRAFTS] (T034MTGTM) No active drafts 
[08/04/26, 21:47:27:530] info: [API-Q] (T034MTGTM) noversion-1785860247.523 Flannel permissions/info is ACTIVE 
[08/04/26, 21:47:27:530] info: [DRAFTS] (T034MTGTM) Successfully fetched all active and inactive drafts ✨ 
[08/04/26, 21:47:27:539] info: [API-Q] (T034MTGTM) 8f0ebd62-1785860247.302 functions.workflows.list is RESOLVED 
[08/04/26, 21:47:27:540] info: [API-Q] (T034MTGTM) 8f0ebd62-1785860247.540 workflows.triggers.list called with reason: automations_gallery 
[08/04/26, 21:47:27:540] info: [API-Q] (T034MTGTM) 8f0ebd62-1785860247.540 workflows.triggers.list is ENQUEUED 
[08/04/26, 21:47:27:540] info: [API-Q] (T034MTGTM) noversion-1785860247.435 Flannel permissions/info is ACTIVE 
[08/04/26, 21:47:27:572] info: [DRAFTS] (T034MTGTM) There are no channels with drafts 
[08/04/26, 21:47:27:572] info: [BOOT] (T034MTGTM) Beaconed client boot mount success 
[08/04/26, 21:47:27:572] info: [API-Q] (T034MTGTM) 8f0ebd62-1785860247.572 sharedInvites.canGetLink called with reason: sidebar-mount 
[08/04/26, 21:47:27:572] info: [API-Q] (T034MTGTM) 8f0ebd62-1785860247.572 sharedInvites.canGetLink is ENQUEUED 
[08/04/26, 21:47:27:586] info: [API-Q] (T034MTGTM) 8f0ebd62-1785860247.585 users.interactions.list called with reason: ai_workspace_resource_tab_coachmark 
[08/04/26, 21:47:27:586] info: [API-Q] (T034MTGTM) 8f0ebd62-1785860247.585 users.interactions.list is ENQUEUED 
[08/04/26, 21:47:27:587] info: [API-Q] (T034MTGTM) 8f0ebd62-1785860247.587 megaphone.notifications.list called with reason: load-megaphone-notification-data 
[08/04/26, 21:47:27:587] info: [API-Q] (T034MTGTM) 8f0ebd62-1785860247.587 megaphone.notifications.list is ENQUEUED 
[08/04/26, 21:47:27:590] info: [ALLTHREADSROWELEMENT] (T034MTGTM) From channel badges count, has unreads: false with badge count: 0 
[08/04/26, 21:47:27:646] info: [MESSAGE-LIST] (T034MTGTM) requestAround channelId: D0BMN4B2RNG isLoading: false timestamps: 0 reachedStart: false reachedEnd: false 
[08/04/26, 21:47:27:646] info: [HISTORY-FETCH] (T034MTGTM) Fetching history for message pane: D0BMN4B2RNG oldest: null latest: null 
[08/04/26, 21:47:27:646] info: [API-Q] (T034MTGTM) 8f0ebd62-1785860247.646 conversations.history called with reason: message-pane/requestHistory 
[08/04/26, 21:47:27:646] info: [API-Q] (T034MTGTM) 8f0ebd62-1785860247.646 conversations.history is ENQUEUED 
[08/04/26, 21:47:27:650] info: [ALLTHREADSROWELEMENT] (T034MTGTM) From channel badges count, has unreads: false with badge count: 0 
[08/04/26, 21:47:27:651] info: [API-Q] (T034MTGTM) noversion-1785860247.651 Flannel permissions/info called with reason: flannel-call:permissions/info 
[08/04/26, 21:47:27:651] info: [API-Q] (T034MTGTM) noversion-1785860247.651 Flannel permissions/info is ENQUEUED 
[08/04/26, 21:47:27:656] info: [MESSAGE-LIST] (T034MTGTM) componentWillReceiveProps isLoading: true isLoadingOlder: false timestamps: 0 
[08/04/26, 21:47:27:659] info: [CHECK-UNREADS] (T034MTGTM) unreadLineVisible updated in main window container primary: undefined -> false 
[08/04/26, 21:47:27:667] info: [API-Q] (T034MTGTM) 8f0ebd62-1785860247.298 client.extras is RESOLVED 
[08/04/26, 21:47:27:669] info: [API-Q] (T034MTGTM) noversion-1785860247.651 Flannel permissions/info is ACTIVE 
[08/04/26, 21:47:27:672] info: [API-Q] (T034MTGTM) 8f0ebd62-1785860247.671 bookmarks.list called with reason: bookmarks-store/conditional-fetching 
[08/04/26, 21:47:27:672] info: [API-Q] (T034MTGTM) 8f0ebd62-1785860247.671 bookmarks.list is ENQUEUED 
[08/04/26, 21:47:27:672] info: [API-Q] (T034MTGTM) 8f0ebd62-1785860247.303 megaphone.notifications.list is RESOLVED 
[08/04/26, 21:47:27:676] info: [API-Q] (T034MTGTM) noversion-1785860247.435 Flannel users/info is ACTIVE 
[08/04/26, 21:47:27:688] info: [API-Q] (T034MTGTM) 8f0ebd62-1785860247.304 teams.trials.info is RESOLVED 
[08/04/26, 21:47:27:690] info: [API-Q] (T034MTGTM) noversion-1785860247.435 Flannel users/info is ACTIVE 
[08/04/26, 21:47:27:690] info: [API-Q] (T034MTGTM) 8f0ebd62-1785860247.304 users.priority.list is RESOLVED 
[08/04/26, 21:47:27:691] info: [API-Q] (T034MTGTM) noversion-1785860247.434 Flannel huddles/list is ACTIVE 
[08/04/26, 21:47:27:709] info: [API-Q] (T034MTGTM) 8f0ebd62-1785860247.304 users.prefs.get is RESOLVED 
[08/04/26, 21:47:27:710] info: [API-Q] (T034MTGTM) 8f0ebd62-1785860247.305 activity.views is ACTIVE 
[08/04/26, 21:47:27:711] info: [SOCKET-MANAGER] (T034MTGTM) Changing from prov_connecting to prov_connected 
[08/04/26, 21:47:27:711] info: [SOCKET-MANAGER] (T034MTGTM) will stay in prov_connected state for up to 60000 ms 
[08/04/26, 21:47:27:714] info: [SOCKET-MANAGER] (T034MTGTM) Changing from prov_connected to prov_finalize 
[08/04/26, 21:47:27:714] info: [SOCKET-MANAGER] (T034MTGTM) will stay in prov_finalize state for up to 10000 ms 
[08/04/26, 21:47:27:714] info: [SOCKET-MANAGER] (T034MTGTM) Changing from prov_finalize to prov_finalizing 
[08/04/26, 21:47:27:714] info: [SOCKET-MANAGER] (T034MTGTM) will stay in prov_finalizing state for up to 10000 ms 
[08/04/26, 21:47:27:714] info: [SOCKET-MANAGER] (T034MTGTM) Changing from prov_finalizing to connected 
[08/04/26, 21:47:27:715] info: [SOCKET-MANAGER] (T034MTGTM) will stay in connected state for up to Infinity ms 
[08/04/26, 21:47:27:715] info: [SOCKET-MANAGER] (T034MTGTM) Connected to primary region 
[08/04/26, 21:47:27:716] info: [MESSAGE-HISTORY] (T034MTGTM) Resetting reachedEnd 
[08/04/26, 21:47:27:717] info: [API-Q] (T034MTGTM) 8f0ebd62-1785860247.717 users.customStatus.list called with reason: fetchCustomStatusOnReconnect 
[08/04/26, 21:47:27:717] info: [API-Q] (T034MTGTM) 8f0ebd62-1785860247.717 users.customStatus.list is ENQUEUED 
[08/04/26, 21:47:27:718] info: [UNREAD-COUNTS] (T034MTGTM) Fetching counts 
[08/04/26, 21:47:27:718] info: [API-Q] (T034MTGTM) 8f0ebd62-1785860247.718 client.counts called with reason: fetchClientCountsOnConnect 
[08/04/26, 21:47:27:718] info: [API-Q] (T034MTGTM) 8f0ebd62-1785860247.718 client.counts is ENQUEUED 
[08/04/26, 21:47:27:719] info: [PRESENCE_PROMPT] (T034MTGTM) ignoring prompt due to presence (active) 
[08/04/26, 21:47:27:719] info: [GS_REQUEST] (T034MTGTM) connected and trouble free! Continuing deferred user_change_subscribe_request call 
[08/04/26, 21:47:27:734] info: [API-Q] (T034MTGTM) 8f0ebd62-1785860247.303 megaphone.notifications.list is RESOLVED 
[08/04/26, 21:47:27:738] info: [API-Q] (T034MTGTM) 8f0ebd62-1785860247.306 calendar.getInstalledCalendars is ACTIVE 
[08/04/26, 21:47:27:754] info: [SERVICE-WORKER] registration success {} 
[08/04/26, 21:47:27:754] info: [SERVICE-WORKER-STATE] initial installing 
[08/04/26, 21:47:27:754] info: [SERVICE-WORKER-STATE] change installed 0ms 
[08/04/26, 21:47:27:754] info: [SERVICE-WORKER-STATE] change activating 
[08/04/26, 21:47:27:754] info: [SERVICE-WORKER-STATE] change activated 0ms 
[08/04/26, 21:47:27:754] info: [API-Q] (T034MTGTM) noversion-1785860247.435 Flannel huddles/info is RESOLVED 
[08/04/26, 21:47:27:755] info: [API-Q] (T034MTGTM) 8f0ebd62-1785860247.308 users.prefs.set is ACTIVE 
[08/04/26, 21:47:27:755] info: [UFM] (T034MTGTM) received D0BMN4B2RNG (1) 
[08/04/26, 21:47:27:757] info: [UFM] (T034MTGTM) requesting CH21NUGDD,D0BMGBHSQDB,D0BM32FL7GF (1) 
[08/04/26, 21:47:27:757] info: [API-Q] (T034MTGTM) noversion-1785860247.757 Flannel huddles/info called with reason: flannel-call:huddles/info 
[08/04/26, 21:47:27:757] info: [API-Q] (T034MTGTM) noversion-1785860247.757 Flannel huddles/info is ENQUEUED 
[08/04/26, 21:47:27:764] info: [API-Q] (T034MTGTM) noversion-1785860247.435 Flannel permissions/info is RESOLVED 
[08/04/26, 21:47:27:765] info: [API-Q] (T034MTGTM) noversion-1785860247.757 Flannel huddles/info is ACTIVE 
[08/04/26, 21:47:27:765] info: [UFM-PERMISSIONS] (T034MTGTM) received ACCESS_SLACK_AI_SLACKBOT,ACCESS_SLACK_AI_TODAY,ACCESS_SLACK_AI_SEARCH,ACCESS_SLACK_AI_FILTERS,ACCESS_SLACK_AI_HUDDLE_SUMMARIES,ADD_FULL_USER_TO_WORKSPACE,ACCESS_SLACK_AI_RECAP,ACCESS_SLACK_AI_CHANNEL_THREAD_SUMMARIES,ACCESS_SLACK_AI_FILE_SUMMARIES,VIEW_OVERVIEW_ANALYTICS,VIEW_MEMBER_ANALYTICS,VIEW_APP_ANALYTICS,VIEW_CHANNEL_ANALYTICS,VIEW_TOP_LEVEL_WORKFLOWS,ADD_CUSTOM_EMOJI,EDIT_SLACKBOT_RESPONSES,ADD_GUEST_USER_TO_WORKSPACE,REMOVE_GUEST_USER_FROM_WORKSPACE,REMOVE_FULL_USER_FROM_WORKSPACE,CONVERT_TO_GUEST,CONVERT_TO_MEMBER,READ_LEGAL_HOLDS,WRITE_LEGAL_HOLDS,CREATE_PUBLIC_CHANNEL,CREATE_PRIVATE_CHANNEL,READ_AUDIT_LOGS,ARCHIVE_CHANNEL,CONVERT_MPDM_TO_PRIVATE,EDIT_CHANNEL_WORKSPACES,CAN_AT_CHANNEL,VIEW_WORKSPACE_ANALYTICS,VIEW_ORG_WIDE_CHANNEL_ANALYTICS,VIEW_HUDDLE_ANALYTICS,VIEW_CLIP_ANALYTICS,VIEW_AI_ANALYTICS,VIEW_CANVAS_ANALYTICS,VIEW_WORKFLOW_ANALYTICS,VIEW_LIST_ANALYTICS,VIEW_SLACKBOT_ANALYTICS,ADD_COLLABORATOR_TO_ANY_WORKFLOW,UNPUBLISH_ANY_WORKFLOW,CREATE_WORKFLOWS,CREATE_CANVAS_TEMPLATES,PUBLISH_CANVAS_ORG_TEMPLATES,MANAGE_SALES_HOME,MANAGE_SALES_HOME_DATA_SOURCE,DELETE_CUSTOM_EMOJI,UPDATE_NAME,UPDATE_DISPLAY_NAME,EDIT_PROFILE_PHOTO,ACCEPT_SLACK_CONNECT_INVITES,MANAGE_SLACK_CONNECT,CREATE_SLACK_CONNECT_DM,VIEW_APP_REQUESTS,MANAGE_AAA_AUTOMATION_RULES,MANAGE_SCOPE_RATINGS,VIEW_INSTALLED_APPS,MANAGE_ORG_LEVEL_APP_APPROVAL,VIEW_APPROVED_APPS,VIEW_RESTRICTED_APPS,ADD_ORG_APPS_TO_WORKSPACES,REMOVE_ORG_APPS_FROM_WORKSPACES,VIEW_DEPRECATIONS,MANAGE_WORKFLOW_CONNECTORS,MANAGE_WORKFLOW_TRIGGERS,MANAGE_APP_ACLS,CREATE_SOLUTION_TEMPLATE,PUBLISH_SOLUTION_TEMPLATE,MANAGE_SOLUTION_TEMPLATE,CREATE_LIST_TEMPLATE,CREATE_USER_GROUPS,EDIT_USER_GROUPS,DELETE_USER_GROUPS,ACCESS_SLACK_AI_DETAILED_FEEDBACK,ACCESS_SLACK_AI_STEPS_IN_WORKFLOW,ACCESS_SLACK_AI_TRANSLATIONS,ACCESS_SLACK_AI_WORKFLOW_BUILDER,ACCESS_SLACK_AI_RECORD_CHANNEL_DIGEST,ACCESS_SLACK_AI_DEVELOPMENT,ACCESS_SLACK_AI_EXPLAIN,ACCESS_SLACK_AI_CANVAS,ACCESS_SLACK_AI_SALESFORCE_CSV_MAPPER,ACCESS_SLACK_AI_SUGGESTED_SECTIONS,ACCESS_SLACK_AI_CHANNEL_SECTION_RECOMMENDATIONS,ACCESS_SLACK_AI_SLACKIVERSARY,ACCESS_ENTERPRISE_SEARCH,AUTHOR_SKILLS,AUTO_ENABLE_SKILL,CAN_MANAGE_XWS_CHANNELS,CREATE_AND_EDIT_ORG_USER_GROUPS,EDIT_ORG_USER_GROUPS,DELETE_ORG_USER_GROUPS (1) 
[08/04/26, 21:47:27:778] info: [API-Q] (T034MTGTM) noversion-1785860247.523 Flannel permissions/info is RESOLVED 
[08/04/26, 21:47:27:778] info: [API-Q] (T034MTGTM) 8f0ebd62-1785860247.357 conversations.info is ACTIVE 
[08/04/26, 21:47:27:778] info: [UFM-PERMISSIONS] (T034MTGTM) received CAN_AT_CHANNEL,CAN_AT_EVERYONE,ARCHIVE_CHANNEL (1) 
[08/04/26, 21:47:27:784] info: [API-Q] (T034MTGTM) noversion-1785860247.757 Flannel huddles/info is RESOLVED 
[08/04/26, 21:47:27:785] info: [API-Q] (T034MTGTM) 8f0ebd62-1785860247.358 dnd.info is ACTIVE 
[08/04/26, 21:47:27:785] info: [UFM] (T034MTGTM) received CH21NUGDD,D0BMGBHSQDB,D0BM32FL7GF (1) 
[08/04/26, 21:47:27:797] info: Store: EXTEND_MENU T034MTGTM: menucategory-file,menucategory-view,menucategory-edit,menucategory-help,menucategory-history 
[08/04/26, 21:47:27:797] info: [PERSIST] (T034MTGTM) Successfully persisted state 
[08/04/26, 21:47:27:800] info: [DEVICE-PREFS] Propagating device selection history update 
[08/04/26, 21:47:27:801] info: [DEVICE-PREFS] Setting preferred audiooutput device in huddle default 
[08/04/26, 21:47:27:889] info: [API-Q] (T034MTGTM) noversion-1785860247.651 Flannel permissions/info is RESOLVED 
[08/04/26, 21:47:27:890] info: [API-Q] (T034MTGTM) 8f0ebd62-1785860247.358 help.issues.ticketStats is ACTIVE 
[08/04/26, 21:47:27:930] info: [API-Q] (T034MTGTM) noversion-1785860247.434 Flannel huddles/list is RESOLVED 
[08/04/26, 21:47:27:930] info: [API-Q] (T034MTGTM) 8f0ebd62-1785860247.359 users.channelSections.list is ACTIVE 
[08/04/26, 21:47:27:933] info: [API-Q] (T034MTGTM) 8f0ebd62-1785860247.305 activity.views is RESOLVED 
[08/04/26, 21:47:27:936] info: [API-Q] (T034MTGTM) 8f0ebd62-1785860247.512 conversations.listPrefs is ACTIVE 
[08/04/26, 21:47:28:040] info: [API-Q] (T034MTGTM) 8f0ebd62-1785860247.308 users.prefs.set is RESOLVED 
[08/04/26, 21:47:28:041] info: [API-Q] (T034MTGTM) 8f0ebd62-1785860247.512 apps.profile.get is ACTIVE 
[08/04/26, 21:47:28:043] info: [API-Q] (T034MTGTM) 8f0ebd62-1785860247.306 calendar.getInstalledCalendars is RESOLVED 
[08/04/26, 21:47:28:044] info: [API-Q] (T034MTGTM) 8f0ebd62-1785860248.044 calendar.user.info called with reason: calendar-get-user-info 
[08/04/26, 21:47:28:044] info: [API-Q] (T034MTGTM) 8f0ebd62-1785860248.044 calendar.user.info is ENQUEUED 
[08/04/26, 21:47:28:044] info: [API-Q] (T034MTGTM) 8f0ebd62-1785860247.513 apps.profile.get is ACTIVE 
[08/04/26, 21:47:28:045] info: [API-Q] (T034MTGTM) 8f0ebd62-1785860247.357 conversations.info is RESOLVED 
[08/04/26, 21:47:28:045] info: [API-Q] (T034MTGTM) 8f0ebd62-1785860247.540 workflows.triggers.list is ACTIVE 
[08/04/26, 21:47:28:045] info: [UFM] (T034MTGTM) received D0BMN4B2RNG (1) 
[08/04/26, 21:47:28:046] info: [API-Q] (T034MTGTM) 8f0ebd62-1785860247.358 dnd.info is RESOLVED 
[08/04/26, 21:47:28:046] info: [DND] (T034MTGTM) Fetched DND info for the following member: U0BMLBAL6BB 
[08/04/26, 21:47:28:048] info: [DND_V2] (T034MTGTM) Not setting a timer as all schedules are stale 
[08/04/26, 21:47:28:048] info: [API-Q] (T034MTGTM) 8f0ebd62-1785860247.572 sharedInvites.canGetLink is ACTIVE 
[08/04/26, 21:47:28:050] info: [DND_V2] (T034MTGTM) fetchAndUpsertDndForUsers - Preparing to fetch DND times for the following members: USLACKBOT,U0BFG9ME1PU 
[08/04/26, 21:47:28:051] info: [API-Q] (T034MTGTM) 8f0ebd62-1785860248.050 dnd.teamInfo called with reason: fetchAndUpsertDndForUsers-getDndTimesFor:others 
[08/04/26, 21:47:28:051] info: [API-Q] (T034MTGTM) 8f0ebd62-1785860248.050 dnd.teamInfo is ENQUEUED 
[08/04/26, 21:47:28:051] info: [API-Q] (T034MTGTM) 8f0ebd62-1785860247.302 workflows.triggers.listRecentlyRunForUser is RESOLVED 
[08/04/26, 21:47:28:053] info: [API-Q] (T034MTGTM) 8f0ebd62-1785860247.585 users.interactions.list is ACTIVE 
[08/04/26, 21:47:28:070] info: [API-Q] (T034MTGTM) noversion-1785860247.435 Flannel users/info is RESOLVED 
[08/04/26, 21:47:28:071] info: [API-Q] (T034MTGTM) 8f0ebd62-1785860247.587 megaphone.notifications.list is ACTIVE 
[08/04/26, 21:47:28:071] info: [UFM-MEMBERS] (T034MTGTM) received U0BFG9ME1PU,USLACKBOT (1) 
[08/04/26, 21:47:28:102] info: [API-Q] (T034MTGTM) noversion-1785860248.101 Flannel channels/info called with reason: flannel-call:channels/info 
[08/04/26, 21:47:28:102] info: [API-Q] (T034MTGTM) noversion-1785860248.101 Flannel channels/info is ENQUEUED 
[08/04/26, 21:47:28:102] info: [API-Q] (T034MTGTM) noversion-1785860247.435 Flannel users/info is RESOLVED 
[08/04/26, 21:47:28:102] info: [API-Q] (T034MTGTM) noversion-1785860248.101 Flannel channels/info is ACTIVE 
[08/04/26, 21:47:28:124] info: [API-Q] (T034MTGTM) 8f0ebd62-1785860247.358 help.issues.ticketStats is RESOLVED 
[08/04/26, 21:47:28:126] info: [API-Q] (T034MTGTM) 8f0ebd62-1785860247.646 conversations.history is ACTIVE 
[08/04/26, 21:47:28:128] info: [API-Q] (T034MTGTM) noversion-1785860248.101 Flannel channels/info is RESOLVED 
[08/04/26, 21:47:28:128] info: [API-Q] (T034MTGTM) 8f0ebd62-1785860247.671 bookmarks.list is ACTIVE 
[08/04/26, 21:47:28:128] info: [API-Q] (T034MTGTM) 8f0ebd62-1785860248.128 conversations.genericInfo called with reason: fallback:fetchAndUpsertChannelsById 
[08/04/26, 21:47:28:128] info: [API-Q] (T034MTGTM) 8f0ebd62-1785860248.128 conversations.genericInfo is ENQUEUED 
[08/04/26, 21:47:28:154] info: [API-Q] (T034MTGTM) 8f0ebd62-1785860247.512 conversations.listPrefs is RESOLVED 
[08/04/26, 21:47:28:155] info: [API-Q] (T034MTGTM) 8f0ebd62-1785860247.717 users.customStatus.list is ACTIVE 
[08/04/26, 21:47:28:187] info: [API-Q] (T034MTGTM) 8f0ebd62-1785860247.359 users.channelSections.list is RESOLVED 
[08/04/26, 21:47:28:189] info: [API-Q] (T034MTGTM) 8f0ebd62-1785860247.718 client.counts is ACTIVE 
[08/04/26, 21:47:28:193] info: [ALLTHREADSROWELEMENT] (T034MTGTM) From channel badges count, has unreads: false with badge count: 0 
[08/04/26, 21:47:28:274] info: [API-Q] (T034MTGTM) 8f0ebd62-1785860247.540 workflows.triggers.list is REJECTED: API not ok access_denied 
[08/04/26, 21:47:28:275] error: (T034MTGTM) API call to workflows.triggers.list
						with reason automations_gallery failed, initiated by generated fetcher 
[08/04/26, 21:47:28:276] error: (?) {"error":"There was an issue fetching triggers by app Id: access_denied: 8f0ebd62-1785860247.540 workflows.triggers.list not ok: access_denied"} 
[08/04/26, 21:47:28:277] info: [API-Q] (T034MTGTM) 8f0ebd62-1785860248.044 calendar.user.info is ACTIVE 
[08/04/26, 21:47:28:280] info: [API-Q] (T034MTGTM) 8f0ebd62-1785860247.572 sharedInvites.canGetLink is RESOLVED 
[08/04/26, 21:47:28:281] info: [API-Q] (T034MTGTM) 8f0ebd62-1785860248.050 dnd.teamInfo is ACTIVE 
[08/04/26, 21:47:28:283] info: [API-Q] (T034MTGTM) 8f0ebd62-1785860247.585 users.interactions.list is RESOLVED 
[08/04/26, 21:47:28:284] info: [API-Q] (T034MTGTM) 8f0ebd62-1785860248.128 conversations.genericInfo is ACTIVE 
[08/04/26, 21:47:28:285] info: [API-Q] (T034MTGTM) 8f0ebd62-1785860247.512 apps.profile.get is RESOLVED 
[08/04/26, 21:47:28:309] info: [API-Q] (T034MTGTM) 8f0ebd62-1785860247.513 apps.profile.get is RESOLVED 
[08/04/26, 21:47:28:309] info: [UFM] (T034MTGTM) received A0F7YS351,A5GE9BMQC (1) 
[08/04/26, 21:47:28:330] info: [API-Q] (T034MTGTM) 8f0ebd62-1785860247.587 megaphone.notifications.list is RESOLVED 
[08/04/26, 21:47:28:367] info: [API-Q] (T034MTGTM) 8f0ebd62-1785860247.646 conversations.history is RESOLVED 
[08/04/26, 21:47:28:368] info: [PLATFORM-CHANNEL-ACTI] (T034MTGTM) setting count for channel D0BMN4B2RNG to 0, and marking channel as stale. 
[08/04/26, 21:47:28:369] info: [PINS] (T034MTGTM) Pins count updated for channel D0BMN4B2RNG: 0 
[08/04/26, 21:47:28:382] info: [MESSAGE-PANE] (T034MTGTM) D0BMN4B2RNG is empty with timestamps:  and messages:  
[08/04/26, 21:47:28:390] info: [MESSAGE-LIST] (T034MTGTM) componentWillReceiveProps isLoading: false isLoadingOlder: false timestamps: 0 
[08/04/26, 21:47:28:398] info: [CHECK-UNREADS] (T034MTGTM) unreadLineVisible updated in main window container primary: false -> true 
[08/04/26, 21:47:28:403] info: [API-Q] (T034MTGTM) 8f0ebd62-1785860247.671 bookmarks.list is RESOLVED 
[08/04/26, 21:47:28:412] info: [MESSAGE-PANE] (T034MTGTM) D0BMN4B2RNG is empty with timestamps:  and messages:  
[08/04/26, 21:47:28:413] info: [API-Q] (T034MTGTM) 8f0ebd62-1785860247.717 users.customStatus.list is RESOLVED 
[08/04/26, 21:47:28:445] info: [API-Q] (T034MTGTM) 8f0ebd62-1785860247.718 client.counts is RESOLVED 
[08/04/26, 21:47:28:447] info: [COUNTS] (T034MTGTM) Applying counts to channels. wasLastConnectFast: false isConnected: true applying: 4 out of total: 4 
[08/04/26, 21:47:28:448] info: [COUNTS] (T034MTGTM) Threads has_unreads:false mention_count:0 
[08/04/26, 21:47:28:449] info: [COUNTS] (T034MTGTM) Completed counts processing 
[08/04/26, 21:47:28:453] info: [ALLTHREADSROWELEMENT] (T034MTGTM) From channel badges count, has unreads: false with badge count: 0 
[08/04/26, 21:47:28:458] info: [MESSAGE-PANE] (T034MTGTM) D0BMN4B2RNG is empty with timestamps:  and messages:  
[08/04/26, 21:47:28:514] info: [API-Q] (T034MTGTM) 8f0ebd62-1785860248.128 conversations.genericInfo is RESOLVED 
[08/04/26, 21:47:28:517] info: [API-Q] (T034MTGTM) noversion-1785860248.517 Flannel channels/info called with reason: flannel-call:channels/info 
[08/04/26, 21:47:28:517] info: [API-Q] (T034MTGTM) noversion-1785860248.517 Flannel channels/info is ENQUEUED 
[08/04/26, 21:47:28:518] info: [API-Q] (T034MTGTM) noversion-1785860248.517 Flannel channels/info is ACTIVE 
[08/04/26, 21:47:28:531] info: [API-Q] (T034MTGTM) 8f0ebd62-1785860248.050 dnd.teamInfo is RESOLVED 
[08/04/26, 21:47:28:531] info: [DND] (T034MTGTM) Fetched DND info for the following members: USLACKBOT,U0BFG9ME1PU 
[08/04/26, 21:47:28:533] info: [DND_V2] (T034MTGTM) Will check for changes in DND status again in 5 minutes 
[08/04/26, 21:47:28:541] info: [API-Q] (T034MTGTM) noversion-1785860248.517 Flannel channels/info is RESOLVED 
[08/04/26, 21:47:28:541] info: [API-Q] (T034MTGTM) 8f0ebd62-1785860248.541 conversations.genericInfo called with reason: fallback:fetchAndUpsertChannelsById 
[08/04/26, 21:47:28:541] info: [API-Q] (T034MTGTM) 8f0ebd62-1785860248.541 conversations.genericInfo is ENQUEUED 
[08/04/26, 21:47:28:541] info: [API-Q] (T034MTGTM) 8f0ebd62-1785860248.541 conversations.genericInfo is ACTIVE 
[08/04/26, 21:47:28:603] info: [API-Q] (T034MTGTM) noversion-1785860248.602 Flannel users/info called with reason: flannel-call:users/info 
[08/04/26, 21:47:28:603] info: [API-Q] (T034MTGTM) noversion-1785860248.602 Flannel users/info is ENQUEUED 
[08/04/26, 21:47:28:603] info: [API-Q] (T034MTGTM) noversion-1785860248.602 Flannel users/info is ACTIVE 
[08/04/26, 21:47:28:617] info: [API-Q] (T034MTGTM) noversion-1785860248.602 Flannel users/info is RESOLVED 
[08/04/26, 21:47:28:752] info: [CHECK-UNREADS] (T034MTGTM) Checking unreads after unread line became visible 
[08/04/26, 21:47:28:752] info: [CHECK-UNREADS] (T034MTGTM) Not marking D0BMN4B2RNG because latest is 0000000000.000000 
[08/04/26, 21:47:28:774] info: [API-Q] (T034MTGTM) 8f0ebd62-1785860248.541 conversations.genericInfo is RESOLVED 
[08/04/26, 21:47:28:798] info: [API-Q] (T034MTGTM) 8f0ebd62-1785860248.044 calendar.user.info is RESOLVED 
[08/04/26, 21:47:29:618] info: [API-Q] (T034MTGTM) noversion-1785860249.618 Flannel users/info called with reason: flannel-call:users/info 
[08/04/26, 21:47:29:618] info: [API-Q] (T034MTGTM) noversion-1785860249.618 Flannel users/info is ENQUEUED 
[08/04/26, 21:47:29:618] info: [API-Q] (T034MTGTM) noversion-1785860249.618 Flannel users/info is ACTIVE 
[08/04/26, 21:47:29:631] info: [API-Q] (T034MTGTM) noversion-1785860249.618 Flannel users/info is RESOLVED 
[08/04/26, 21:47:29:634] info: [API-Q] (T034MTGTM) noversion-1785860249.633 Flannel users/info called with reason: flannel-call:users/info 
[08/04/26, 21:47:29:634] info: [API-Q] (T034MTGTM) noversion-1785860249.633 Flannel users/info is ENQUEUED 
[08/04/26, 21:47:29:634] info: [API-Q] (T034MTGTM) noversion-1785860249.633 Flannel users/info is ACTIVE 
[08/04/26, 21:47:29:650] info: [API-Q] (T034MTGTM) noversion-1785860249.633 Flannel users/info is RESOLVED 
[08/04/26, 21:47:30:241] info: Store: UPDATE_SETTINGS {
  "autoHideMenuBar": true
} 
[08/04/26, 21:47:30:241] info: [DESKTOP-SIDE-EFFECT] Update from desktop for keys  ["settings"] 
[08/04/26, 21:47:30:245] info: Store: EXTEND_MENU T034MTGTM: menucategory-file,menucategory-view,menucategory-edit,menucategory-help,menucategory-history 
[08/04/26, 21:47:30:291] info: [MESSAGE-PANE] (T034MTGTM) D0BMN4B2RNG is empty with timestamps:  and messages:  
[08/04/26, 21:47:31:530] info: [MESSAGE-PANE] (T034MTGTM) D0BMN4B2RNG is empty with timestamps:  and messages:  
[08/04/26, 21:47:31:633] info: Breadcrumb: ui.click: div.p-ia4_top_nav__left_container > div.p-ia4_top_nav__left_container--start  
[08/04/26, 21:47:32:243] info: [DEVICE-PERMISSIONS-MA] Refreshing all permissions 
[08/04/26, 21:47:32:356] info: [AVDEVICESERVICE] [AVDeviceService] [DEVICE_LIST] [avds_1785860247242] Enumerated 5 devices (deviceCount=5, devices=audioinput:default "Default", audioinput:38a1eacf35592c3982e4a38750e280882d8aa08fcce531eb37087d16aa4d1f61 "Ryzen HD Audio Controller Digital Microphone", videoinput:a0f5736ec38ce858e144cdb738860fc3aca7e2d3e3fb8db2f2b2e2dc2e63030f "HP True Vision FHD Camera", audiooutput:default "Default", audiooutput:272949a729b930d3cfd7b9052fcad7a300d4318f7a266d1474721c34b8d45c3a "Ryzen HD Audio Controller Speaker") 
[08/04/26, 21:47:32:357] info: [DEVICE-PERMISSIONS-MA] Received microphone access status for desktop app: granted 
[08/04/26, 21:47:32:357] info: [DEVICE-PERMISSIONS-MA] permission state for microphone changed to granted 
[08/04/26, 21:47:32:357] info: [DEVICE-PERMISSIONS-MA] Permissions changed {"microphone":"granted","camera":null,"screen":null} 
[08/04/26, 21:47:32:357] info: [DEVICE-PREFS] Updating available devices (original flow) 
[08/04/26, 21:47:32:358] info: [DEVICE-PERMISSIONS-MA] Permissions saved to local storage: {"permissions":{"microphone":"granted","camera":null,"screen":null},"timestamp":1785860252357} 
[08/04/26, 21:47:32:358] info: [DEVICE-PERMISSIONS-MA] Received camera access status for desktop app: granted 
[08/04/26, 21:47:32:358] info: [DEVICE-PERMISSIONS-MA] permission state for camera changed to granted 
[08/04/26, 21:47:32:358] info: [DEVICE-PERMISSIONS-MA] Permissions changed {"microphone":"granted","camera":"granted","screen":null} 
[08/04/26, 21:47:32:358] info: [(?)] Available devices update already in progress. Returning existing promise. 
[08/04/26, 21:47:32:358] info: [DEVICE-PERMISSIONS-MA] Permissions saved to local storage: {"permissions":{"microphone":"granted","camera":"granted","screen":null},"timestamp":1785860252357} 
[08/04/26, 21:47:32:358] info: [DEVICE-PERMISSIONS-MA] Received screen access status for desktop app: granted 
[08/04/26, 21:47:32:358] info: [DEVICE-PERMISSIONS-MA] permission state for screen changed to granted 
[08/04/26, 21:47:32:358] info: [DEVICE-PERMISSIONS-MA] Permissions changed {"microphone":"granted","camera":"granted","screen":"granted"} 
[08/04/26, 21:47:32:358] info: [(?)] Available devices update already in progress. Returning existing promise. 
[08/04/26, 21:47:32:358] info: [DEVICE-PERMISSIONS-MA] Permissions saved to local storage: {"permissions":{"microphone":"granted","camera":"granted","screen":"granted"},"timestamp":1785860252358} 
[08/04/26, 21:47:32:360] info: [AVDEVICESERVICE] [AVDeviceService] [DEVICE_LIST] [avds_1785860247242] Enumerated 5 devices (deviceCount=5, devices=audioinput:default "Default", audioinput:38a1eacf35592c3982e4a38750e280882d8aa08fcce531eb37087d16aa4d1f61 "Ryzen HD Audio Controller Digital Microphone", videoinput:a0f5736ec38ce858e144cdb738860fc3aca7e2d3e3fb8db2f2b2e2dc2e63030f "HP True Vision FHD Camera", audiooutput:default "Default", audiooutput:272949a729b930d3cfd7b9052fcad7a300d4318f7a266d1474721c34b8d45c3a "Ryzen HD Audio Controller Speaker") 
[08/04/26, 21:47:32:360] info: [DEVICE-PREFS] Device list validation result: true 
[08/04/26, 21:47:32:360] info: [DEVICE-PREFS] Device list updated [{},{},{},{},{}] 
[08/04/26, 21:47:32:360] info: [DEVICE-PREFS] Processing device list [{},{},{},{},{}] 
[08/04/26, 21:47:32:360] info: [DEVICE-PREFS] Device list processing complete 
[08/04/26, 21:47:32:661] info: [DEVICE-PREFS] Propagating device selection history update 
[08/04/26, 21:47:32:662] info: [DEVICE-PREFS] Setting preferred audioinput device in huddle default 
[08/04/26, 21:47:32:662] info: [DEVICE-PREFS] Setting preferred audiooutput device in huddle default 
[08/04/26, 21:47:35:027] info: Breadcrumb: ui.click: div.p-ia4_top_nav__native_ui_spacer  
[08/04/26, 21:47:36:895] info: [MESSAGE-PANE] (T034MTGTM) D0BMN4B2RNG is empty with timestamps:  and messages:  
[08/04/26, 21:47:37:881] info: [MESSAGE-PANE] (T034MTGTM) D0BMN4B2RNG is empty with timestamps:  and messages:  
[08/04/26, 21:47:39:531] info: [API-Q] (T034MTGTM) 8f0ebd62-1785860259.530 users.prefs.set called with reason: prefs-api/setUserPrefByApi 
[08/04/26, 21:47:39:531] info: [API-Q] (T034MTGTM) 8f0ebd62-1785860259.530 users.prefs.set is ENQUEUED 
[08/04/26, 21:47:39:531] info: [API-Q] (T034MTGTM) 8f0ebd62-1785860259.530 users.prefs.set is ACTIVE 
[08/04/26, 21:47:39:532] info: Breadcrumb: ui.click: svg  
[08/04/26, 21:47:39:535] info: [MESSAGE-PANE] (T034MTGTM) D0BMN4B2RNG is empty with timestamps:  and messages:  
[08/04/26, 21:47:39:536] info: [WIN-OPEN] (T034MTGTM) Calculated window dimensions {"x":359,"y":52,"height":934,"width":1533} 
[08/04/26, 21:47:39:536] info: [WIN-OPEN] (T034MTGTM) hasFocusedExistingWindow false 
[08/04/26, 21:47:39:536] info: [WIN-OPEN] (T034MTGTM) Opening managed window {"minHeight":400,"minWidth":380,"height":934,"width":1533,"x":359,"y":52,"title":"[redacted]","parentTeamId":"T034MTGTM","windowId":"generic-child-window-view-help","center":false,"shouldEnsureDoctype":true} 
[08/04/26, 21:47:39:555] info: Store: UPSERT_WEB_CONTENTS {
  "id": 3,
  "state": "unloaded"
} 
[08/04/26, 21:47:39:579] info: [FOCUS-EVENT] (T034MTGTM) Main window blurred 
[08/04/26, 21:47:39:581] info: [WINDOW-MGR] Created generic-child-window-view-help child window 
[08/04/26, 21:47:39:584] info: [WINDOW-MGR] generic-child-window-view-help doctype ensured 
[08/04/26, 21:47:39:584] info: Store: WINDOW_CREATED {
  "type": "webapp",
  "id": 3,
  "frame": {
    "isHtmlFullScreen": false,
    "isCurrentlyAudible": false,
    "isFullScreen": false,
    "isMinimized": false,
    "isMaximized": false,
    "isVisible": true,
    "isFocused": false,
    "bounds": {
      "x": 359,
      "y": 52,
      "width": 1533,
      "height": 934
    },
    "hasVibrancy": false,
    "isAlwaysOnTop": false,
    "isContentProtected": false
  }
} 
[08/04/26, 21:47:39:584] info: Store: UPSERT_WEB_CONTENTS {
  "id": 3,
  "state": "loaded"
} 
[08/04/26, 21:47:39:632] info: [MESSAGE-PANE] (T034MTGTM) D0BMN4B2RNG is empty with timestamps:  and messages:  
[08/04/26, 21:47:39:671] info: [MESSAGE-PANE] (T034MTGTM) D0BMN4B2RNG is empty with timestamps:  and messages:  
[08/04/26, 21:47:39:680] info: [MESSAGE-PANE] (T034MTGTM) D0BMN4B2RNG is empty with timestamps:  and messages:  
[08/04/26, 21:47:39:687] info: Store: UPSERT_WEB_CONTENTS {
  "id": 3,
  "type": "other",
  "history": "[REDACTED]"
} 
[08/04/26, 21:47:39:691] info: Store: UPSERT_WEB_CONTENTS {
  "id": 3,
  "state": "loaded"
} 
[08/04/26, 21:47:39:691] info: [WINDOW-MGR] Added window with dimensions:  {"x":0,"y":0,"width":956,"height":1038} 
[08/04/26, 21:47:39:695] info: [WIN-OPEN] (T034MTGTM) Opened window: generic-child-window-view-help 
[08/04/26, 21:47:39:695] info: [APPLY-DETAIL-VIEW] ViewSet with detail view applied {"viewSet":{"primary":{"id":"help","viewType":"Help"}}} 
[08/04/26, 21:47:39:695] info: [NAVIGATION-MIDDLEWARE] Starting a new navigation middleware execution {"context":"child-window-mount","nextViewSet":{"primary":{"id":"help","viewType":"Help"}},"middlewareCount":8} 
[08/04/26, 21:47:39:695] info: [NAVIGATION-MIDDLEWARE] Async action execution is complete for a view {"nextView":{"id":"help","viewType":"Help"},"results":[["UserIdToDMIdMiddleware",false],["OpenConversationWithIds",false],["EnsureAppViewType",false],["RedirectFileChannel",false],["RedirectChannelCanvasToCanvas",false],["RedirectFileChannel",false],["RemoveParentTabFromQuipThreadMiddleware",false],["CanvasSetScrollParam",false]],"shouldTerminateNavigation":false,"executionTime":0.10000000009313226} 
[08/04/26, 21:47:39:695] info: [NAVIGATION-MIDDLEWARE] Finish middleware execution for primary container {"maybeTransformedViewSet":{"primary":{"id":"help","viewType":"Help"}},"terminateNavigation":false,"isViewTransformed":false,"iterationCount":0,"executionTime":0.2999999998137355} 
[08/04/26, 21:47:39:695] info: [NAVIGATION-MIDDLEWARE] Navigation middleware execution is complete {"maybeUpdatedViewSet":{"primary":{"id":"help","viewType":"Help"}},"terminateNavigation":false,"executionTime":0.2999999998137355} 
[08/04/26, 21:47:39:706] info: [MESSAGE-PANE] (T034MTGTM) D0BMN4B2RNG is empty with timestamps:  and messages:  
[08/04/26, 21:47:39:732] info: Store: EXTEND_MENU global: menucategory-file,menucategory-view,menucategory-jump-to 
[08/04/26, 21:47:39:733] info: [NAVIGATE-IN-CHILD-WIN] Starting a new navigation event for child window generic-child-window-view-help {"id":"help","viewType":"Help"} 
[08/04/26, 21:47:39:734] info: [APPLY-DETAIL-VIEW] ViewSet with detail view applied {"viewSet":{"primary":{"id":"help","viewType":"Help"}}} 
[08/04/26, 21:47:39:734] info: [NAVIGATION-MIDDLEWARE] Starting a new navigation middleware execution {"context":"child-window-navigation","nextViewSet":{"primary":{"id":"help","viewType":"Help"}},"middlewareCount":15} 
[08/04/26, 21:47:39:734] info: [NAVIGATION-MIDDLEWARE] Async action execution is complete for a view {"nextView":{"id":"help","viewType":"Help"},"results":[["UserIdToDMIdMiddleware",false],["AttemptToStopEditingInChannel",false],["AttemptToStopEditingSalesforceForm",false],["AttemptToStopComposingTodo",false],["OpenConversationWithIds",false],["EnsureChannel",false],["EnsureAppViewType",false],["RedirectFileChannel",false],["RedirectFileChannel",false],["RedirectChannelCanvasToCanvas",false],["RedirectHuddleRecordChannel",false],["EnsureChannelHasParentTabMiddleware",false],["EnsureMessagesTabHasTabIdMiddleware",false],["CanvasSetScrollParam",false],["MaybeCloseSecondaryViewAfterSplit",false]],"shouldTerminateNavigation":false,"executionTime":0.10000000009313226} 
[08/04/26, 21:47:39:734] info: [NAVIGATION-MIDDLEWARE] Finish middleware execution for primary container {"maybeTransformedViewSet":{"primary":{"id":"help","viewType":"Help"}},"terminateNavigation":false,"isViewTransformed":false,"iterationCount":0,"executionTime":0.2999999998137355} 
[08/04/26, 21:47:39:734] info: [NAVIGATION-MIDDLEWARE] Navigation middleware execution is complete {"maybeUpdatedViewSet":{"primary":{"id":"help","viewType":"Help"}},"terminateNavigation":false,"executionTime":0.2999999998137355} 
[08/04/26, 21:47:39:734] info: [NAVIGATE-IN-CHILD-WIN] Built view set after middleware {"viewSet":{"primary":{"id":"help","viewType":"Help"}}} 
[08/04/26, 21:47:39:734] info: [NAVIGATE-IN-CHILD-WIN] Replacing last history entry from duplicate view set 
[08/04/26, 21:47:39:735] info: [NAVIGATE-LISTENERS] (T034MTGTM) Starting navigation listeners for triggerType CHILD_WINDOW_NAVIGATION 
[08/04/26, 21:47:39:736] info: [NAVIGATE-LISTENERS] (T034MTGTM) Navigation listeners complete without errors 
[08/04/26, 21:47:39:746] info: [NAVIGATE-LISTENERS] (T034MTGTM) Starting navigation listeners for triggerType CHILD_WINDOW_MOUNT 
[08/04/26, 21:47:39:746] info: [NAVIGATE-LISTENERS] (T034MTGTM) Navigation listeners complete without errors 
[08/04/26, 21:47:39:774] info: [WD] All assets have reported back; s: 16; f: 0 
[08/04/26, 21:47:39:782] info: [API-Q] (T034MTGTM) 8f0ebd62-1785860259.781 helpdesk.categories called with reason: categories_for_help_home 
[08/04/26, 21:47:39:782] info: [API-Q] (T034MTGTM) 8f0ebd62-1785860259.781 helpdesk.categories is ENQUEUED 
[08/04/26, 21:47:39:782] info: [API-Q] (T034MTGTM) 8f0ebd62-1785860259.781 helpdesk.categories is ACTIVE 
[08/04/26, 21:47:39:782] info: [API-Q] (T034MTGTM) 8f0ebd62-1785860259.782 helpdesk.get called with reason: help_search/fetch_all_articles 
[08/04/26, 21:47:39:782] info: [API-Q] (T034MTGTM) 8f0ebd62-1785860259.782 helpdesk.get is ENQUEUED 
[08/04/26, 21:47:39:782] info: [API-Q] (T034MTGTM) 8f0ebd62-1785860259.782 helpdesk.get is ACTIVE 
[08/04/26, 21:47:39:783] info: [API-Q] (T034MTGTM) 8f0ebd62-1785860259.782 help.productHelpCard.list called with reason: client/fetch_published_product_release_cards 
[08/04/26, 21:47:39:783] info: [API-Q] (T034MTGTM) 8f0ebd62-1785860259.782 help.productHelpCard.list is ENQUEUED 
[08/04/26, 21:47:39:783] info: [API-Q] (T034MTGTM) 8f0ebd62-1785860259.782 help.productHelpCard.list is ACTIVE 
[08/04/26, 21:47:39:803] info: [API-Q] (T034MTGTM) 8f0ebd62-1785860259.530 users.prefs.set is RESOLVED 
[08/04/26, 21:47:39:950] info: [QUIP] (T034MTGTM) Initializing Collab SDK client: preload 
[08/04/26, 21:47:39:960] info: [WD] All assets have reported back; s: 17; f: 0 
[08/04/26, 21:47:39:999] info: [API-Q] (T034MTGTM) 8f0ebd62-1785860259.782 helpdesk.get is RESOLVED 
[08/04/26, 21:47:40:011] info: [API-Q] (T034MTGTM) 8f0ebd62-1785860259.782 help.productHelpCard.list is RESOLVED 
[08/04/26, 21:47:40:014] info: [API-Q] (T034MTGTM) 8f0ebd62-1785860259.781 helpdesk.categories is RESOLVED 
[08/04/26, 21:47:40:066] info: [API-Q] (T034MTGTM) 8f0ebd62-1785860260.066 users.prefs.set called with reason: prefs-api/setUserPrefByApi 
[08/04/26, 21:47:40:067] info: [API-Q] (T034MTGTM) 8f0ebd62-1785860260.066 users.prefs.set is ENQUEUED 
[08/04/26, 21:47:40:067] info: [API-Q] (T034MTGTM) 8f0ebd62-1785860260.067 users.prefs.set called with reason: prefs-api/setUserPrefByApi 
[08/04/26, 21:47:40:067] info: [API-Q] (T034MTGTM) 8f0ebd62-1785860260.067 users.prefs.set is ENQUEUED 
[08/04/26, 21:47:40:067] info: [API-Q] (T034MTGTM) 8f0ebd62-1785860260.067 users.prefs.set called with reason: prefs-api/setUserPrefByApi 
[08/04/26, 21:47:40:067] info: [API-Q] (T034MTGTM) 8f0ebd62-1785860260.067 users.prefs.set is ENQUEUED 
[08/04/26, 21:47:40:068] info: [API-Q] (T034MTGTM) 8f0ebd62-1785860260.066 users.prefs.set is ACTIVE 
[08/04/26, 21:47:40:068] info: [API-Q] (T034MTGTM) 8f0ebd62-1785860260.067 users.prefs.set is ACTIVE 
[08/04/26, 21:47:40:068] info: [API-Q] (T034MTGTM) 8f0ebd62-1785860260.067 users.prefs.set is ACTIVE 
[08/04/26, 21:47:40:070] info: [API-Q] (T034MTGTM) 8f0ebd62-1785860260.070 users.prefs.set called with reason: prefs-api/setUserPrefByApi 
[08/04/26, 21:47:40:070] info: [API-Q] (T034MTGTM) 8f0ebd62-1785860260.070 users.prefs.set is ENQUEUED 
[08/04/26, 21:47:40:071] info: [API-Q] (T034MTGTM) 8f0ebd62-1785860260.070 users.prefs.set called with reason: prefs-api/setUserPrefByApi 
[08/04/26, 21:47:40:071] info: [API-Q] (T034MTGTM) 8f0ebd62-1785860260.070 users.prefs.set is ENQUEUED 
[08/04/26, 21:47:40:071] info: [API-Q] (T034MTGTM) 8f0ebd62-1785860260.070 users.prefs.set is ACTIVE 
[08/04/26, 21:47:40:071] info: [API-Q] (T034MTGTM) 8f0ebd62-1785860260.070 users.prefs.set is ACTIVE 
[08/04/26, 21:47:40:077] info: [MESSAGE-PANE] (T034MTGTM) D0BMN4B2RNG is empty with timestamps:  and messages:  
[08/04/26, 21:47:40:080] info: [API-Q] (T034MTGTM) 8f0ebd62-1785860260.080 users.prefs.set called with reason: prefs-api/setUserPrefByApi 
[08/04/26, 21:47:40:080] info: [API-Q] (T034MTGTM) 8f0ebd62-1785860260.080 users.prefs.set is ENQUEUED 
[08/04/26, 21:47:40:085] info: [MESSAGE-PANE] (T034MTGTM) D0BMN4B2RNG is empty with timestamps:  and messages:  
[08/04/26, 21:47:40:254] warn: FOCUS_TRANSITION_MANAGER Focus did not transition view_help last active element .c-filter_input__input is child window - true 
[08/04/26, 21:47:40:541] info: [API-Q] (T034MTGTM) 8f0ebd62-1785860260.541 users.prefs.set called with reason: prefs-api/setUserPrefByApi 
[08/04/26, 21:47:40:541] info: [API-Q] (T034MTGTM) 8f0ebd62-1785860260.541 users.prefs.set is ENQUEUED 
[08/04/26, 21:47:40:544] info: [MESSAGE-PANE] (T034MTGTM) D0BMN4B2RNG is empty with timestamps:  and messages:  
[08/04/26, 21:47:40:545] info: [API-Q] (T034MTGTM) 8f0ebd62-1785860260.070 users.prefs.set is RESOLVED 
[08/04/26, 21:47:40:546] info: [API-Q] (T034MTGTM) 8f0ebd62-1785860260.080 users.prefs.set is ACTIVE 
[08/04/26, 21:47:40:547] info: [API-Q] (T034MTGTM) 8f0ebd62-1785860260.066 users.prefs.set is RESOLVED 
[08/04/26, 21:47:40:547] info: [API-Q] (T034MTGTM) 8f0ebd62-1785860260.541 users.prefs.set is ACTIVE 
[08/04/26, 21:47:40:548] info: [API-Q] (T034MTGTM) 8f0ebd62-1785860260.070 users.prefs.set is RESOLVED 
[08/04/26, 21:47:40:550] info: [API-Q] (T034MTGTM) Deduped request for method: users.prefs.set 
[08/04/26, 21:47:40:550] info: [API-Q] (T034MTGTM) 8f0ebd62-1785860260.067 users.prefs.set is RESOLVED 
[08/04/26, 21:47:40:551] info: [API-Q] (T034MTGTM) 8f0ebd62-1785860260.067 users.prefs.set is RESOLVED 
[08/04/26, 21:47:40:553] info: [MESSAGE-PANE] (T034MTGTM) D0BMN4B2RNG is empty with timestamps:  and messages:  
[08/04/26, 21:47:40:556] info: [API-Q] (T034MTGTM) 8f0ebd62-1785860260.554 users.prefs.set called with reason: prefs-api/setUserPrefByApi 
[08/04/26, 21:47:40:556] info: [API-Q] (T034MTGTM) 8f0ebd62-1785860260.554 users.prefs.set is ENQUEUED 
[08/04/26, 21:47:40:556] info: [API-Q] (T034MTGTM) 8f0ebd62-1785860260.555 users.prefs.set called with reason: prefs-api/setUserPrefByApi 
[08/04/26, 21:47:40:556] info: [API-Q] (T034MTGTM) 8f0ebd62-1785860260.555 users.prefs.set is ENQUEUED 
[08/04/26, 21:47:40:556] info: [API-Q] (T034MTGTM) 8f0ebd62-1785860260.554 users.prefs.set is ACTIVE 
[08/04/26, 21:47:40:556] info: [API-Q] (T034MTGTM) 8f0ebd62-1785860260.555 users.prefs.set is ACTIVE 
[08/04/26, 21:47:40:558] info: [MESSAGE-PANE] (T034MTGTM) D0BMN4B2RNG is empty with timestamps:  and messages:  
[08/04/26, 21:47:40:559] info: [API-Q] (T034MTGTM) Deduped request for method: users.prefs.set 
[08/04/26, 21:47:40:560] info: Store: UPDATE_SETTINGS {
  "mainWindowSettings": {
    "fullScreen": false,
    "maximized": true,
    "bounds": {
      "width": 1200,
      "height": 800,
      "x": 360,
      "y": 140
    }
  }
} 
[08/04/26, 21:47:40:561] info: [DESKTOP-SIDE-EFFECT] Update from desktop for keys  ["settings"] 
[08/04/26, 21:47:40:563] info: [MESSAGE-PANE] (T034MTGTM) D0BMN4B2RNG is empty with timestamps:  and messages:  
[08/04/26, 21:47:40:579] info: [QUIP] SystemJS Fork initialized 1785860260578-0.6118359883587094 
[08/04/26, 21:47:40:643] info: [API-Q] (T034MTGTM) Deduped request for method: users.prefs.set 
[08/04/26, 21:47:40:643] info: [API-Q] (T034MTGTM) Deduped request for method: users.prefs.set 
[08/04/26, 21:47:40:645] info: [MESSAGE-PANE] (T034MTGTM) D0BMN4B2RNG is empty with timestamps:  and messages:  
[08/04/26, 21:47:40:648] info: [API-Q] (T034MTGTM) Deduped request for method: users.prefs.set 
[08/04/26, 21:47:40:651] info: [MESSAGE-PANE] (T034MTGTM) D0BMN4B2RNG is empty with timestamps:  and messages:  
[08/04/26, 21:47:40:797] info: [Diagnostics] Adding window recorder 41a1f58965a74a7b9b6d39302 
[08/04/26, 21:47:40:836] info: [QUIP] (T034MTGTM) {"type":"set_current_user_id","timestamp_ms":1785860260834,"user_id":"ENd9EA9WYxx"} 
[08/04/26, 21:47:40:837] info: [QUIP] (T034MTGTM) {"type":"indexeddb_event","timestamp_ms":1785860260836,"db_type":0,"description":"Deleting DB","stack":"Error\n    at Mu (https://a.slack-edge.com/canvas_blob/TwIey7se6mQ0_u3Pa4Mm9Q:2:99538)\n    at $X (https://a.slack-edge.com/canvas_blob/TwIey7se6mQ0_u3Pa4Mm9Q:2:1148889)\n    at https://a.slack-edge.com/canvas_blob/TwIey7se6mQ0_u3Pa4Mm9Q:2:1149562\n    at https://a.slack-edge.com/canvas_blob/muZsSbKG81HRHlsYagjSlg-ancillary:2:1646\n    at Object.next (https://a.slack-edge.com/canvas_blob/muZsSbKG81HRHlsYagjSlg-ancillary:2:1751)\n    at https://a.slack-edge.com/canvas_blob/muZsSbKG81HRHlsYagjSlg-ancillary:2:2590\n    at new Promise (<anonymous>)\n    at ac (https://a.slack-edge.com/canvas_blob/muZsSbKG81HRHlsYagjSlg-ancillary:2:2338)\n    at eQ (https://a.slack-edge.com/canvas_blob/TwIey7se6mQ0_u3Pa4Mm9Q:2:1149359)\n    at https://a.slack-edge.com/canvas_blob/TwIey7se6mQ0_u3Pa4Mm9Q:2:1530529\n    at https://a.slack-edge.com/canvas_blob/muZsSbKG81HRHlsYagjSlg-ancillary:2:1646\n    at Object.next (https://a.slack-edge.com/canvas_blob/muZsSbKG81HRHlsYagjSlg-ancillary:2:1751)\n    at https://a.slack-edge.com/canvas_blob/muZsSbKG81HRHlsYagjSlg-ancillary:2:2590\n    at new Promise (<anonymous>)\n    at ac (https://a.slack-edge.com/canvas_blob/muZsSbKG81HRHlsYagjSlg-ancillary:2:2338)\n    at https://a.slack-edge.com/canvas_blob/TwIey7se6mQ0_u3Pa4Mm9Q:2:1530036\n    at Object.main (https://a.slack-edge.com/canvas_blob/TwIey7se6mQ0_u3Pa4Mm9Q:2:1530588)\n    at https://a.slack-edge.com/bv1-13-br/gantry-v2-async-quip-collab.1a801e963ddb0cb1.min.js?cacheKey=gantry-1785813452:1:14504"} 
[08/04/26, 21:47:40:837] warn: Deleting IndexedDB database 'quip-test' 
[08/04/26, 21:47:40:837] warn: TRACER (T034MTGTM) (canvas:collab-init) was forced closed and marked with the _flush=true tag. 
[08/04/26, 21:47:40:837] warn: TRACER (T034MTGTM) (canvas:await-callback) was forced closed and marked with the _flush=true tag. 
[08/04/26, 21:47:40:840] info: [API-Q] (T034MTGTM) 8f0ebd62-1785860260.080 users.prefs.set is RESOLVED 
[08/04/26, 21:47:40:841] info: [API-Q] (T034MTGTM) 8f0ebd62-1785860260.555 users.prefs.set is RESOLVED 
[08/04/26, 21:47:40:842] info: [API-Q] (T034MTGTM) 8f0ebd62-1785860260.554 users.prefs.set is RESOLVED 
[08/04/26, 21:47:40:843] info: [API-Q] (T034MTGTM) 8f0ebd62-1785860260.541 users.prefs.set is RESOLVED 
[08/04/26, 21:47:40:877] info: [MESSAGE-PANE] (T034MTGTM) D0BMN4B2RNG is empty with timestamps:  and messages:  
[08/04/26, 21:47:40:884] info: [QUIP] (T034MTGTM) {"type":"indexeddb_event","timestamp_ms":1785860260884,"db_type":1,"description":"Deleting DB","stack":"Error\n    at Mu (https://a.slack-edge.com/canvas_blob/TwIey7se6mQ0_u3Pa4Mm9Q:2:99538)\n    at $X (https://a.slack-edge.com/canvas_blob/TwIey7se6mQ0_u3Pa4Mm9Q:2:1148889)\n    at https://a.slack-edge.com/canvas_blob/TwIey7se6mQ0_u3Pa4Mm9Q:2:1149562\n    at https://a.slack-edge.com/canvas_blob/muZsSbKG81HRHlsYagjSlg-ancillary:2:1646\n    at Object.next (https://a.slack-edge.com/canvas_blob/muZsSbKG81HRHlsYagjSlg-ancillary:2:1751)\n    at a (https://a.slack-edge.com/canvas_blob/muZsSbKG81HRHlsYagjSlg-ancillary:2:2394)"} 
[08/04/26, 21:47:40:884] warn: Deleting IndexedDB database 'quip' 
[08/04/26, 21:47:40:924] info: [QUIP] (T034MTGTM) {"type":"indexeddb_event","timestamp_ms":1785860260923,"db_type":2,"description":"Deleting DB","stack":"Error\n    at Mu (https://a.slack-edge.com/canvas_blob/TwIey7se6mQ0_u3Pa4Mm9Q:2:99538)\n    at $X (https://a.slack-edge.com/canvas_blob/TwIey7se6mQ0_u3Pa4Mm9Q:2:1148889)\n    at https://a.slack-edge.com/canvas_blob/TwIey7se6mQ0_u3Pa4Mm9Q:2:1149562\n    at https://a.slack-edge.com/canvas_blob/muZsSbKG81HRHlsYagjSlg-ancillary:2:1646\n    at Object.next (https://a.slack-edge.com/canvas_blob/muZsSbKG81HRHlsYagjSlg-ancillary:2:1751)\n    at a (https://a.slack-edge.com/canvas_blob/muZsSbKG81HRHlsYagjSlg-ancillary:2:2394)"} 
[08/04/26, 21:47:40:924] warn: Deleting IndexedDB database 'metrics' 
[08/04/26, 21:47:40:924] info: [QUIP] (T034MTGTM) {"type":"indexeddb_event","timestamp_ms":1785860260924,"db_type":3,"description":"Deleting DB","stack":"Error\n    at Mu (https://a.slack-edge.com/canvas_blob/TwIey7se6mQ0_u3Pa4Mm9Q:2:99538)\n    at $X (https://a.slack-edge.com/canvas_blob/TwIey7se6mQ0_u3Pa4Mm9Q:2:1148889)\n    at https://a.slack-edge.com/canvas_blob/TwIey7se6mQ0_u3Pa4Mm9Q:2:1149562\n    at https://a.slack-edge.com/canvas_blob/muZsSbKG81HRHlsYagjSlg-ancillary:2:1646\n    at Object.next (https://a.slack-edge.com/canvas_blob/muZsSbKG81HRHlsYagjSlg-ancillary:2:1751)\n    at a (https://a.slack-edge.com/canvas_blob/muZsSbKG81HRHlsYagjSlg-ancillary:2:2394)"} 
[08/04/26, 21:47:40:924] warn: Deleting IndexedDB database 'local-storage' 
[08/04/26, 21:47:40:924] info: [QUIP] (T034MTGTM) {"type":"indexeddb_event","timestamp_ms":1785860260924,"db_type":4,"description":"Deleting DB","stack":"Error\n    at Mu (https://a.slack-edge.com/canvas_blob/TwIey7se6mQ0_u3Pa4Mm9Q:2:99538)\n    at $X (https://a.slack-edge.com/canvas_blob/TwIey7se6mQ0_u3Pa4Mm9Q:2:1148889)\n    at https://a.slack-edge.com/canvas_blob/TwIey7se6mQ0_u3Pa4Mm9Q:2:1149562\n    at https://a.slack-edge.com/canvas_blob/muZsSbKG81HRHlsYagjSlg-ancillary:2:1646\n    at Object.next (https://a.slack-edge.com/canvas_blob/muZsSbKG81HRHlsYagjSlg-ancillary:2:1751)\n    at a (https://a.slack-edge.com/canvas_blob/muZsSbKG81HRHlsYagjSlg-ancillary:2:2394)"} 
[08/04/26, 21:47:40:924] warn: Deleting IndexedDB database 'canvas' 
[08/04/26, 21:47:41:034] info: [CRDT] Automerge loaded. 
[08/04/26, 21:47:41:049] info: [API-Q] (T034MTGTM) 8f0ebd62-1785860261.049 users.prefs.set called with reason: prefs-api/setUserPrefByApi 
[08/04/26, 21:47:41:049] info: [API-Q] (T034MTGTM) 8f0ebd62-1785860261.049 users.prefs.set is ENQUEUED 
[08/04/26, 21:47:41:050] info: [API-Q] (T034MTGTM) 8f0ebd62-1785860261.049 users.prefs.set is ACTIVE 
[08/04/26, 21:47:41:052] info: [MESSAGE-PANE] (T034MTGTM) D0BMN4B2RNG is empty with timestamps:  and messages:  
[08/04/26, 21:47:41:199] info: [CLOSE-MODALS-FOR-WIND] (T034MTGTM) Closing all modals for child window with ID generic-child-window-view-help 
[08/04/26, 21:47:41:201] info: [WIN-RESTORE] Cleaning up window with Id generic-child-window-view-help due to it being closed with dimensions {"x":0,"y":0,"width":956,"height":1038} 
[08/04/26, 21:47:41:223] info: [MESSAGE-PANE] (T034MTGTM) D0BMN4B2RNG is empty with timestamps:  and messages:  
[08/04/26, 21:47:41:225] info: Store: EXTEND_MENU global: menucategory-file,menucategory-view,menucategory-jump-to 
[08/04/26, 21:47:41:225] info: Store: UPSERT_WEB_CONTENTS {
  "id": 3,
  "state": "page-closed"
} 
[08/04/26, 21:47:41:234] info: Store: REMOVE_WEB_CONTENTS {
  "id": 3
} 
[08/04/26, 21:47:41:235] info: Store: REMOVE_WINDOW 3 
[08/04/26, 21:47:41:238] info: [FOCUS-EVENT] (T034MTGTM) Main window focused 
[08/04/26, 21:47:41:296] info: [MESSAGE-PANE] (T034MTGTM) D0BMN4B2RNG is empty with timestamps:  and messages:  
[08/04/26, 21:47:41:334] info: [MESSAGE-PANE] (T034MTGTM) D0BMN4B2RNG is empty with timestamps:  and messages:  
[08/04/26, 21:47:41:341] info: [MESSAGE-PANE] (T034MTGTM) D0BMN4B2RNG is empty with timestamps:  and messages:  
[08/04/26, 21:47:41:373] info: [CHECK-UNREADS] (T034MTGTM) Checking unreads after window became focused 
[08/04/26, 21:47:41:373] info: [CHECK-UNREADS] (T034MTGTM) Not marking D0BMN4B2RNG because latest is 0000000000.000000 
[08/04/26, 21:47:41:505] info: [API-Q] (T034MTGTM) 8f0ebd62-1785860261.049 users.prefs.set is RESOLVED 
[08/04/26, 21:47:42:239] info: Store: UPDATE_SETTINGS {
  "mainWindowSettings": {
    "fullScreen": false,
    "maximized": true,
    "bounds": {
      "width": 1200,
      "height": 800,
      "x": 360,
      "y": 140
    }
  }
} 
[08/04/26, 21:47:42:240] info: [DESKTOP-SIDE-EFFECT] Update from desktop for keys  ["settings"] 
[08/04/26, 21:47:43:203] info: [WIN-RESTORE] maybeSaveWindowRestorationDataInternal isAppQuitting: false 
[08/04/26, 21:47:43:203] info: [WIN-RESTORE] There are no open windows, persisting an empty scene. 
[08/04/26, 21:47:43:444] info: [MESSAGE-PANE] (T034MTGTM) D0BMN4B2RNG is empty with timestamps:  and messages:  
[08/04/26, 21:47:43:463] info: [UFM-PERMISSIONS] (T034MTGTM) requesting MANAGE_ROLES,MANAGE_CUSTOM_ROLES,SEND_GRID_MIGRATION_INVITE,APPROVE_GRID_MIGRATION_INVITE,DEACTIVATE_FULL_USER,DEACTIVATE_GUEST_USER,DELETE_USER_PROFILE,READ_NATIVE_DLP,WRITE_NATIVE_DLP,VIEW_COMPLIANCE_EXPORT,RUN_COMPLIANCE_EXPORT,DOWNLOAD_COMPLIANCE_EXPORT,MANAGE_COMPLIANCE_EXPORT_TOKEN,VIEW_SECURITY_SETTINGS,VIEW_SSO_SETTINGS,REVIEW_FLAGGED_CONTENT,MANAGE_SALESFORCE_CONNECTIONS,MANAGE_PERMISSIONS,SIGN_OUT_USER,MANAGE_SALESFORCE_MCP_SERVERS (1) 
[08/04/26, 21:47:43:463] info: [API-Q] (T034MTGTM) noversion-1785860263.463 Flannel permissions/info called with reason: flannel-call:permissions/info 
[08/04/26, 21:47:43:463] info: [API-Q] (T034MTGTM) noversion-1785860263.463 Flannel permissions/info is ENQUEUED 
[08/04/26, 21:47:43:464] info: [API-Q] (T034MTGTM) noversion-1785860263.463 Flannel permissions/info is ACTIVE 
[08/04/26, 21:47:43:524] info: [API-Q] (T034MTGTM) noversion-1785860263.463 Flannel permissions/info is RESOLVED 
[08/04/26, 21:47:43:524] info: [UFM-PERMISSIONS] (T034MTGTM) received MANAGE_ROLES,MANAGE_CUSTOM_ROLES,SEND_GRID_MIGRATION_INVITE,APPROVE_GRID_MIGRATION_INVITE,DEACTIVATE_FULL_USER,DEACTIVATE_GUEST_USER,DELETE_USER_PROFILE,READ_NATIVE_DLP,WRITE_NATIVE_DLP,VIEW_COMPLIANCE_EXPORT,RUN_COMPLIANCE_EXPORT,DOWNLOAD_COMPLIANCE_EXPORT,MANAGE_COMPLIANCE_EXPORT_TOKEN,VIEW_SECURITY_SETTINGS,VIEW_SSO_SETTINGS,REVIEW_FLAGGED_CONTENT,MANAGE_SALESFORCE_CONNECTIONS,MANAGE_PERMISSIONS,SIGN_OUT_USER,MANAGE_SALESFORCE_MCP_SERVERS (1) 
[08/04/26, 21:47:43:529] info: [MESSAGE-PANE] (T034MTGTM) D0BMN4B2RNG is empty with timestamps:  and messages:  
[08/04/26, 21:47:43:856] info: [MESSAGE-PANE] (T034MTGTM) D0BMN4B2RNG is empty with timestamps:  and messages:  
[08/04/26, 21:47:44:901] info: [ACTION:CHANNEL-SIDEBAR] Selected Vall_threads 
[08/04/26, 21:47:44:901] info: [NAVIGATE-IN-MAIN-WIND] Starting a new navigation event {"id":"Vall_threads","viewType":"Threads","options":{}} 
[08/04/26, 21:47:44:902] info: [APPLY-DETAIL-VIEW] ViewSet with detail view applied {"viewSet":{"primary":{"id":"Vall_threads","viewType":"Threads"}}} 
[08/04/26, 21:47:44:902] info: [NAVIGATE-IN-MAIN-WIND] Applying changes to the primary container {"viewSet":{"sidebar":{"id":"ChannelList","viewType":"ChannelList","uiState":{}},"primary":{"id":"Vall_threads","viewType":"Threads"}},"nextTab":"home"} 
[08/04/26, 21:47:44:902] info: [NAVIGATION-MIDDLEWARE] Starting a new navigation middleware execution {"context":"navigation","nextViewSet":{"sidebar":{"id":"ChannelList","viewType":"ChannelList","uiState":{}},"primary":{"id":"Vall_threads","viewType":"Threads"}},"middlewareCount":25,"nextTab":"home"} 
[08/04/26, 21:47:44:903] info: [NAVIGATION-MIDDLEWARE] Async action execution is complete for a view {"nextView":{"id":"ChannelList","viewType":"ChannelList","uiState":{}},"results":[["UserIdToDMIdMiddleware",false],["AttemptToStopEditingInChannel",false],["AttemptToStopEditingSalesforceForm",false],["AttemptToStopComposingTodo",false],["PreventVideoRecorderModalClose",false],["OpenConversationWithIds",false],["EnsureChannel",false],["EnsureAppViewType",false],["RedirectFileChannel",false],["RedirectChannelCanvasToCanvas",false],["RedirectLegacyFileBrowsersToUnified",false],["RedirectFileChannel",false],["SyncSearchTab",false],["RedirectHuddleRecordChannel",false],["EnsureCannedCanvasTemplates",false],["EnsureChannelHasParentTabMiddleware",false],["EnsureMessagesTabHasTabIdMiddleware",false],["TriggerMegaphoneGalleryFlow",false],["MaybeCloseSecondaryViewAfterSplit",false],["CanvasSetScrollParam",false],["RedirectSlackbotHistory",false],["RedirectSlackbotBadge",false],["EnsureActivityInboxMiddleware",false],["EnsureSearchPrimaryPrototypeMiddleware",false],["EnsureActivitySidebarPrototypeMiddleware",false]],"shouldTerminateNavigation":false,"executionTime":0.2999999998137355,"nextTab":"home"} 
[08/04/26, 21:47:44:903] info: [NAVIGATION-MIDDLEWARE] Finish middleware execution for sidebar container {"maybeTransformedViewSet":{"sidebar":{"id":"ChannelList","viewType":"ChannelList","uiState":{}},"primary":{"id":"Vall_threads","viewType":"Threads"}},"terminateNavigation":false,"isViewTransformed":false,"iterationCount":0,"executionTime":0.599999999627471} 
[08/04/26, 21:47:44:903] info: [NAVIGATION-MIDDLEWARE] Async action execution is complete for a view {"nextView":{"id":"Vall_threads","viewType":"Threads"},"results":[["UserIdToDMIdMiddleware",false],["AttemptToStopEditingInChannel",false],["AttemptToStopEditingSalesforceForm",false],["AttemptToStopComposingTodo",false],["PreventVideoRecorderModalClose",false],["OpenConversationWithIds",false],["EnsureChannel",false],["EnsureAppViewType",false],["RedirectFileChannel",false],["RedirectChannelCanvasToCanvas",false],["RedirectLegacyFileBrowsersToUnified",false],["RedirectFileChannel",false],["SyncSearchTab",false],["RedirectHuddleRecordChannel",false],["EnsureCannedCanvasTemplates",false],["EnsureChannelHasParentTabMiddleware",false],["EnsureMessagesTabHasTabIdMiddleware",false],["TriggerMegaphoneGalleryFlow",false],["MaybeCloseSecondaryViewAfterSplit",false],["CanvasSetScrollParam",false],["RedirectSlackbotHistory",false],["RedirectSlackbotBadge",false],["EnsureActivityInboxMiddleware",false],["EnsureSearchPrimaryPrototypeMiddleware",false],["EnsureActivitySidebarPrototypeMiddleware",false]],"shouldTerminateNavigation":false,"executionTime":0.10000000009313226,"nextTab":"home"} 
[08/04/26, 21:47:44:904] info: [NAVIGATION-MIDDLEWARE] Finish middleware execution for primary container {"maybeTransformedViewSet":{"sidebar":{"id":"ChannelList","viewType":"ChannelList","uiState":{}},"primary":{"id":"Vall_threads","viewType":"Threads"}},"terminateNavigation":false,"isViewTransformed":false,"iterationCount":0,"executionTime":0.20000000018626451} 
[08/04/26, 21:47:44:904] info: [NAVIGATION-MIDDLEWARE] Navigation middleware execution is complete {"maybeUpdatedViewSet":{"sidebar":{"id":"ChannelList","viewType":"ChannelList","uiState":{}},"primary":{"id":"Vall_threads","viewType":"Threads"}},"terminateNavigation":false,"executionTime":1,"nextTab":"home"} 
[08/04/26, 21:47:44:904] info: [NAVIGATE-IN-MAIN-WIND] Built view set after middleware {"viewSet":{"sidebar":{"id":"ChannelList","viewType":"ChannelList","uiState":{}},"primary":{"id":"Vall_threads","viewType":"Threads"}},"nextTab":"home"} 
[08/04/26, 21:47:44:908] info: [NAVIGATE-LISTENERS] (T034MTGTM) Starting navigation listeners for triggerType NAVIGATION 
[08/04/26, 21:47:44:909] info: [NAVIGATE-LISTENERS] (T034MTGTM) Navigation listeners complete without errors 
[08/04/26, 21:47:44:909] info: [NAVIGATE-IN-MAIN-WIND]  Navigation thunk execution complete {"id":"Vall_threads","viewType":"Threads","options":{}} 
[08/04/26, 21:47:44:910] info: Breadcrumb: ui.click: div.p-channel_sidebar__link.p-channel_sidebar__link--all-threads  
[08/04/26, 21:47:44:920] info: [MESSAGE-LIST] (T034MTGTM) getScrollmark reason:unmount channelId:D0BMN4B2RNG at end 
[08/04/26, 21:47:44:930] info: [ALLTHREADSROWELEMENT] (T034MTGTM) From channel badges count, has unreads: false with badge count: 0 
[08/04/26, 21:47:44:935] info: [WD] All assets have reported back; s: 18; f: 0 
[08/04/26, 21:47:44:942] info: Store: EXTEND_MENU T034MTGTM: menucategory-file,menucategory-view,menucategory-edit,menucategory-help,menucategory-history 
[08/04/26, 21:47:45:222] info: [THREADS-VIEW] (T034MTGTM) mounting 
[08/04/26, 21:47:45:223] info: [API-Q] (T034MTGTM) 8f0ebd62-1785860265.222 subscriptions.thread.getView called with reason: fetch-threads-view-via-refresh 
[08/04/26, 21:47:45:223] info: [API-Q] (T034MTGTM) 8f0ebd62-1785860265.222 subscriptions.thread.getView is ENQUEUED 
[08/04/26, 21:47:45:223] info: [API-Q] (T034MTGTM) 8f0ebd62-1785860265.223 users.interactions.list called with reason: activityInboxThreadsEduBanner 
[08/04/26, 21:47:45:223] info: [API-Q] (T034MTGTM) 8f0ebd62-1785860265.223 users.interactions.list is ENQUEUED 
[08/04/26, 21:47:45:224] info: [API-Q] (T034MTGTM) 8f0ebd62-1785860265.222 subscriptions.thread.getView is ACTIVE 
[08/04/26, 21:47:45:224] info: [API-Q] (T034MTGTM) 8f0ebd62-1785860265.223 users.interactions.list is ACTIVE 
[08/04/26, 21:47:45:542] info: [API-Q] (T034MTGTM) 8f0ebd62-1785860265.223 users.interactions.list is RESOLVED 
[08/04/26, 21:47:45:544] info: [API-Q] (T034MTGTM) 8f0ebd62-1785860265.222 subscriptions.thread.getView is RESOLVED 
[08/04/26, 21:47:45:602] info: [API-Q] (T034MTGTM) 8f0ebd62-1785860265.601 users.interactions.list called with reason: activityInboxThreadsEduBanner 
[08/04/26, 21:47:45:602] info: [API-Q] (T034MTGTM) 8f0ebd62-1785860265.601 users.interactions.list is ENQUEUED 
[08/04/26, 21:47:45:615] info: [API-Q] (T034MTGTM) noversion-1785860265.614 Flannel users/list called with reason: flannel-call:users/list 
[08/04/26, 21:47:45:615] info: [API-Q] (T034MTGTM) noversion-1785860265.614 Flannel users/list is ENQUEUED 
[08/04/26, 21:47:45:615] info: [API-Q] (T034MTGTM) 8f0ebd62-1785860265.601 users.interactions.list is ACTIVE 
[08/04/26, 21:47:45:615] info: [API-Q] (T034MTGTM) noversion-1785860265.614 Flannel users/list is ACTIVE 
[08/04/26, 21:47:45:619] info: [ALLTHREADSROWELEMENT] (T034MTGTM) From channel badges count, has unreads: false with badge count: 0 
[08/04/26, 21:47:45:623] info: [UFM-MEMBERS] (T034MTGTM) requesting UUUCQ8M60,U0B7AK4RN94 (1) 
[08/04/26, 21:47:45:623] info: [API-Q] (T034MTGTM) noversion-1785860265.623 Flannel users/info called with reason: flannel-call:users/info 
[08/04/26, 21:47:45:623] info: [API-Q] (T034MTGTM) noversion-1785860265.623 Flannel users/info is ENQUEUED 
[08/04/26, 21:47:45:623] info: [API-Q] (T034MTGTM) noversion-1785860265.623 Flannel users/info is ACTIVE 
[08/04/26, 21:47:45:624] info: [UFM] (T034MTGTM) requesting A09KFLACPNH (1) 
[08/04/26, 21:47:45:624] info: [API-Q] (T034MTGTM) 8f0ebd62-1785860265.624 apps.profile.get called with reason: fetch-all-apps-by-id 
[08/04/26, 21:47:45:624] info: [API-Q] (T034MTGTM) 8f0ebd62-1785860265.624 apps.profile.get is ENQUEUED 
[08/04/26, 21:47:45:624] info: [API-Q] (T034MTGTM) 8f0ebd62-1785860265.624 apps.profile.get is ACTIVE 
[08/04/26, 21:47:45:624] info: [DND_V2] (T034MTGTM) fetchAndUpsertDndForUsers - Preparing to fetch DND times for the following members: X00000000,U0BAGGCKXPG 
[08/04/26, 21:47:45:625] info: [API-Q] (T034MTGTM) 8f0ebd62-1785860265.624 dnd.teamInfo called with reason: fetchAndUpsertDndForUsers-getDndTimesFor:others 
[08/04/26, 21:47:45:625] info: [API-Q] (T034MTGTM) 8f0ebd62-1785860265.624 dnd.teamInfo is ENQUEUED 
[08/04/26, 21:47:45:625] info: [API-Q] (T034MTGTM) 8f0ebd62-1785860265.624 dnd.teamInfo is ACTIVE 
[08/04/26, 21:47:45:625] info: [API-Q] (T034MTGTM) noversion-1785860265.625 Flannel users/counts called with reason: flannel-call:users/counts 
[08/04/26, 21:47:45:625] info: [API-Q] (T034MTGTM) noversion-1785860265.625 Flannel users/counts is ENQUEUED 
[08/04/26, 21:47:45:625] info: [API-Q] (T034MTGTM) noversion-1785860265.625 Flannel users/counts is ACTIVE 
[08/04/26, 21:47:45:625] info: [API-Q] (T034MTGTM) 8f0ebd62-1785860265.625 conversations.listPrefs called with reason: client_redux_store 
[08/04/26, 21:47:45:625] info: [API-Q] (T034MTGTM) 8f0ebd62-1785860265.625 conversations.listPrefs is ENQUEUED 
[08/04/26, 21:47:45:625] info: [API-Q] (T034MTGTM) 8f0ebd62-1785860265.625 conversations.listPrefs is ACTIVE 
[08/04/26, 21:47:45:625] info: [UFM-HERMESTRIGGERS] (T034MTGTM) requesting Ft0A187NV5PU (1) 
[08/04/26, 21:47:45:626] info: [API-Q] (T034MTGTM) 8f0ebd62-1785860265.625 workflows.triggers.info called with reason: hermes_triggers_ufm 
[08/04/26, 21:47:45:626] info: [API-Q] (T034MTGTM) 8f0ebd62-1785860265.625 workflows.triggers.info is ENQUEUED 
[08/04/26, 21:47:45:626] info: [API-Q] (T034MTGTM) 8f0ebd62-1785860265.625 workflows.triggers.info is ACTIVE 
[08/04/26, 21:47:45:655] info: [UFM-REACJITRIGGERS] (T034MTGTM) requesting CH21NUGDD (1) 
[08/04/26, 21:47:45:655] info: [API-Q] (T034MTGTM) 8f0ebd62-1785860265.655 conversations.bulkReacjiTriggers called with reason: reacji_triggers_ufm 
[08/04/26, 21:47:45:656] info: [API-Q] (T034MTGTM) 8f0ebd62-1785860265.655 conversations.bulkReacjiTriggers is ENQUEUED 
[08/04/26, 21:47:45:656] info: [API-Q] (T034MTGTM) 8f0ebd62-1785860265.655 conversations.bulkReacjiTriggers is ACTIVE 
[08/04/26, 21:47:45:656] info: [API-Q] (T034MTGTM) 8f0ebd62-1785860265.656 saved.list called with reason: saved-api/savedList 
[08/04/26, 21:47:45:656] info: [API-Q] (T034MTGTM) 8f0ebd62-1785860265.656 saved.list is ENQUEUED 
[08/04/26, 21:47:45:656] info: [API-Q] (T034MTGTM) 8f0ebd62-1785860265.656 saved.list is ACTIVE 
[08/04/26, 21:47:45:659] info: [API-Q] (T034MTGTM) noversion-1785860265.614 Flannel users/list is RESOLVED 
[08/04/26, 21:47:45:663] info: [API-Q] (T034MTGTM) noversion-1785860265.623 Flannel users/info is RESOLVED 
[08/04/26, 21:47:45:663] info: [UFM-MEMBERS] (T034MTGTM) received UUUCQ8M60,U0B7AK4RN94 (1) 
[08/04/26, 21:47:45:665] info: [API-Q] (T034MTGTM) noversion-1785860265.625 Flannel users/counts is RESOLVED 
[08/04/26, 21:47:45:722] info: [API-Q] (T034MTGTM) noversion-1785860265.722 Flannel users/info called with reason: flannel-call:users/info 
[08/04/26, 21:47:45:723] info: [API-Q] (T034MTGTM) noversion-1785860265.722 Flannel users/info is ENQUEUED 
[08/04/26, 21:47:45:723] info: [API-Q] (T034MTGTM) noversion-1785860265.722 Flannel users/info is ACTIVE 
[08/04/26, 21:47:45:769] info: [API-Q] (T034MTGTM) noversion-1785860265.722 Flannel users/info is RESOLVED 
[08/04/26, 21:47:45:864] info: [API-Q] (T034MTGTM) noversion-1785860265.863 Flannel channels/membership called with reason: flannel-call:channels/membership 
[08/04/26, 21:47:45:864] info: [API-Q] (T034MTGTM) noversion-1785860265.863 Flannel channels/membership is ENQUEUED 
[08/04/26, 21:47:45:864] info: [API-Q] (T034MTGTM) noversion-1785860265.863 Flannel channels/membership is ACTIVE 
[08/04/26, 21:47:45:877] info: [API-Q] (T034MTGTM) 8f0ebd62-1785860265.601 users.interactions.list is RESOLVED 
[08/04/26, 21:47:45:879] info: [API-Q] (T034MTGTM) 8f0ebd62-1785860265.624 apps.profile.get is RESOLVED 
[08/04/26, 21:47:45:879] info: [UFM] (T034MTGTM) received A09KFLACPNH (1) 
[08/04/26, 21:47:45:882] info: [API-Q] (T034MTGTM) 8f0ebd62-1785860265.625 conversations.listPrefs is RESOLVED 
[08/04/26, 21:47:45:888] info: [API-Q] (T034MTGTM) 8f0ebd62-1785860265.656 saved.list is RESOLVED 
[08/04/26, 21:47:45:889] info: [API-Q] (T034MTGTM) 8f0ebd62-1785860265.655 conversations.bulkReacjiTriggers is RESOLVED 
[08/04/26, 21:47:45:889] info: [UFM-REACJITRIGGERS] (T034MTGTM) received CH21NUGDD (1) 
[08/04/26, 21:47:45:892] info: [API-Q] (T034MTGTM) noversion-1785860265.863 Flannel channels/membership is RESOLVED 
[08/04/26, 21:47:45:902] info: [API-Q] (T034MTGTM) 8f0ebd62-1785860265.624 dnd.teamInfo is RESOLVED 
[08/04/26, 21:47:45:902] info: [DND] (T034MTGTM) Fetched DND info for the following members: X00000000,U0BAGGCKXPG 
[08/04/26, 21:47:45:903] info: [DND_V2] (T034MTGTM) Will check for changes in DND status again in 5 minutes 
[08/04/26, 21:47:45:904] info: [DND_V2] (T034MTGTM) fetchAndUpsertDndForUsers - Preparing to fetch DND times for the following members: UUUCQ8M60,U0B7AK4RN94 
[08/04/26, 21:47:45:904] info: [API-Q] (T034MTGTM) 8f0ebd62-1785860265.904 dnd.teamInfo called with reason: fetchAndUpsertDndForUsers-getDndTimesFor:others 
[08/04/26, 21:47:45:904] info: [API-Q] (T034MTGTM) 8f0ebd62-1785860265.904 dnd.teamInfo is ENQUEUED 
[08/04/26, 21:47:45:904] info: [API-Q] (T034MTGTM) 8f0ebd62-1785860265.904 dnd.teamInfo is ACTIVE 
[08/04/26, 21:47:46:123] info: [API-Q] (T034MTGTM) 8f0ebd62-1785860265.625 workflows.triggers.info is RESOLVED 
[08/04/26, 21:47:46:123] info: [UFM-HERMESTRIGGERS] (T034MTGTM) received Ft0A187NV5PU (1) 
[08/04/26, 21:47:46:142] info: [API-Q] (T034MTGTM) 8f0ebd62-1785860265.904 dnd.teamInfo is RESOLVED 
[08/04/26, 21:47:46:143] info: [DND] (T034MTGTM) Fetched DND info for the following members: UUUCQ8M60,U0B7AK4RN94 
[08/04/26, 21:47:46:144] info: [DND_V2] (T034MTGTM) Will check for changes in DND status again in 5 minutes 
[08/04/26, 21:47:46:658] info: [UFM] (T034MTGTM) requesting Wf09K3LG9UFR (1) 
[08/04/26, 21:47:46:658] info: [API-Q] (T034MTGTM) 8f0ebd62-1785860266.658 functions.workflows.get called with reason: hermes_workflows_store_unknown_fetching 
[08/04/26, 21:47:46:659] info: [API-Q] (T034MTGTM) 8f0ebd62-1785860266.658 functions.workflows.get is ENQUEUED 
[08/04/26, 21:47:46:659] info: [API-Q] (T034MTGTM) 8f0ebd62-1785860266.658 functions.workflows.get is ACTIVE 
[08/04/26, 21:47:46:659] info: [UFM-PERMISSIONS] (T034MTGTM) requesting DELETE_APP_AND_BOT_MESSAGES (1) 
[08/04/26, 21:47:46:659] info: [API-Q] (T034MTGTM) noversion-1785860266.659 Flannel permissions/info called with reason: flannel-call:permissions/info 
[08/04/26, 21:47:46:659] info: [API-Q] (T034MTGTM) noversion-1785860266.659 Flannel permissions/info is ENQUEUED 
[08/04/26, 21:47:46:659] info: [API-Q] (T034MTGTM) noversion-1785860266.659 Flannel permissions/info is ACTIVE 
[08/04/26, 21:47:46:703] info: [API-Q] (T034MTGTM) noversion-1785860266.659 Flannel permissions/info is RESOLVED 
[08/04/26, 21:47:46:703] info: [UFM-PERMISSIONS] (T034MTGTM) received DELETE_APP_AND_BOT_MESSAGES (1) 
[08/04/26, 21:47:47:112] info: [API-Q] (T034MTGTM) 8f0ebd62-1785860266.658 functions.workflows.get is RESOLVED 
[08/04/26, 21:47:47:112] info: [UFM] (T034MTGTM) received Wf09K3LG9UFR (1) 
[08/04/26, 21:47:48:162] info: Breadcrumb: ui.click: div.p-texty_sticky_formatting_bar  
[08/04/26, 21:48:04:929] info: Store: UPDATE_SETTINGS {
  "lastClogForProxyInfo": 1785860284927
} 
[08/04/26, 21:48:04:930] info: [DESKTOP-SIDE-EFFECT] Update from desktop for keys  ["settings"] 
[08/04/26, 21:48:09:736] info: [FOCUS-EVENT] (T034MTGTM) Main window blurred 
[08/04/26, 21:48:13:398] info: [FOCUS-EVENT] (T034MTGTM) Main window focused 
[08/04/26, 21:48:15:114] info: [FOCUS-EVENT] (T034MTGTM) Main window blurred 
[08/04/26, 21:48:15:136] info: [PERSIST] (T034MTGTM) Persisting state to storage because the window is about to unload 
[08/04/26, 21:48:15:140] info: [VISIBILITY-STATE] (T034MTGTM) Main window visibility state changed: hidden 
[08/04/26, 21:48:15:141] info: Store: UPDATE_SETTINGS {
  "hasRunFromTray": true
} 
[08/04/26, 21:48:15:142] info: [DESKTOP-SIDE-EFFECT] Update from desktop for keys  ["settings"] 
[08/04/26, 21:48:15:143] info: Store: SHOW_TRAY_BALLOON {
  "title": "Why didn’t Slack quit?",
  "content": "Slack’s set to stay running in the notification area. To change this, visit Preferences > Advanced."
} 
[08/04/26, 21:48:15:144] info: [PERSIST] (T034MTGTM) Successfully persisted state 
[08/04/26, 21:48:16:158] info: Store: FOREGROUND_APP  
[08/04/26, 21:48:16:158] info: Store: FOCUS_WINDOW  
[08/04/26, 21:48:16:160] info: [VISIBILITY-STATE] (T034MTGTM) Main window visibility state changed: visible 
[08/04/26, 21:48:16:160] info: [FOCUS-EVENT] (T034MTGTM) Main window focused 
[08/04/26, 21:48:17:085] info: [UFM-PERMISSIONS] (T034MTGTM) requesting DELETE_OWN_MESSAGE (1) 
[08/04/26, 21:48:17:085] info: [API-Q] (T034MTGTM) noversion-1785860297.084 Flannel permissions/info called with reason: flannel-call:permissions/info 
[08/04/26, 21:48:17:085] info: [API-Q] (T034MTGTM) noversion-1785860297.084 Flannel permissions/info is ENQUEUED 
[08/04/26, 21:48:17:085] info: [API-Q] (T034MTGTM) noversion-1785860297.084 Flannel permissions/info is ACTIVE 
[08/04/26, 21:48:17:114] info: [API-Q] (T034MTGTM) noversion-1785860297.084 Flannel permissions/info is RESOLVED 
[08/04/26, 21:48:17:114] info: [UFM-PERMISSIONS] (T034MTGTM) received DELETE_OWN_MESSAGE (1) 
[08/04/26, 21:48:17:170] info: Store: UPDATE_SETTINGS {
  "mainWindowSettings": {
    "fullScreen": false,
    "maximized": true,
    "bounds": {
      "width": 1200,
      "height": 800,
      "x": 360,
      "y": 140
    }
  }
} 
[08/04/26, 21:48:17:173] info: [DESKTOP-SIDE-EFFECT] Update from desktop for keys  ["settings"] 
[08/04/26, 21:48:17:879] info: [FOCUS-EVENT] (T034MTGTM) Main window blurred 
[08/04/26, 21:48:29:100] info: [API-Q] (T034MTGTM) 8f0ebd62-1785860309.099 conversations.suggestions called with reason: trigger-channel-suggestions 
[08/04/26, 21:48:29:100] info: [API-Q] (T034MTGTM) 8f0ebd62-1785860309.099 conversations.suggestions is ENQUEUED 
[08/04/26, 21:48:29:100] info: [API-Q] (T034MTGTM) 8f0ebd62-1785860309.099 conversations.suggestions is ACTIVE 
[08/04/26, 21:48:29:343] info: [API-Q] (T034MTGTM) 8f0ebd62-1785860309.099 conversations.suggestions is RESOLVED 
[08/04/26, 21:48:35:681] info: [API-Q] (T034MTGTM) 8f0ebd62-1785860315.681 client.counts called with reason: pollClientCountsAfterTimeout 
[08/04/26, 21:48:35:681] info: [API-Q] (T034MTGTM) 8f0ebd62-1785860315.681 client.counts is ENQUEUED 
[08/04/26, 21:48:35:682] info: [API-Q] (T034MTGTM) 8f0ebd62-1785860315.681 client.counts is ACTIVE 
[08/04/26, 21:48:35:939] info: [API-Q] (T034MTGTM) 8f0ebd62-1785860315.681 client.counts is RESOLVED 
[08/04/26, 21:48:35:950] info: [COUNTS] (T034MTGTM) Applying counts to channels. wasLastConnectFast: false isConnected: true applying: 4 out of total: 4 
[08/04/26, 21:48:35:951] info: [COUNTS] (T034MTGTM) Threads has_unreads:false mention_count:0 
[08/04/26, 21:48:35:951] info: [COUNTS] (T034MTGTM) Completed counts processing 
[08/04/26, 21:48:35:957] info: [ALLTHREADSROWELEMENT] (T034MTGTM) From channel badges count, has unreads: false with badge count: 0 
[08/04/26, 21:49:25:431] info: [FOCUS-EVENT] (T034MTGTM) Main window focused 
[08/04/26, 21:49:27:343] info: [ALLTHREADSROWELEMENT] (T034MTGTM) From channel badges count, has unreads: false with badge count: 0 
[08/04/26, 21:49:27:447] info: [NAVIGATE-IN-MAIN-WIND] Starting a new navigation event {"id":"CH21NUGDD","viewType":"Channel","options":{}} 
[08/04/26, 21:49:27:448] info: [APPLY-DETAIL-VIEW] ViewSet with detail view applied {"viewSet":{"primary":{"id":"CH21NUGDD","viewType":"Channel","uiState":{"preventMoveFocus":false}}}} 
[08/04/26, 21:49:27:448] info: [NAVIGATE-IN-MAIN-WIND] Applying changes to the primary container {"viewSet":{"sidebar":{"id":"ChannelList","viewType":"ChannelList","uiState":{}},"primary":{"id":"CH21NUGDD","viewType":"Channel","uiState":{"preventMoveFocus":false}}},"nextTab":"home"} 
[08/04/26, 21:49:27:448] info: [NAVIGATION-MIDDLEWARE] Starting a new navigation middleware execution {"context":"navigation","nextViewSet":{"sidebar":{"id":"ChannelList","viewType":"ChannelList","uiState":{}},"primary":{"id":"CH21NUGDD","viewType":"Channel","uiState":{"preventMoveFocus":false}}},"middlewareCount":25,"nextTab":"home"} 
[08/04/26, 21:49:27:448] info: [NAVIGATION-MIDDLEWARE] Async action execution is complete for a view {"nextView":{"id":"ChannelList","viewType":"ChannelList","uiState":{}},"results":[["UserIdToDMIdMiddleware",false],["AttemptToStopEditingInChannel",false],["AttemptToStopEditingSalesforceForm",false],["AttemptToStopComposingTodo",false],["PreventVideoRecorderModalClose",false],["OpenConversationWithIds",false],["EnsureChannel",false],["EnsureAppViewType",false],["RedirectFileChannel",false],["RedirectChannelCanvasToCanvas",false],["RedirectLegacyFileBrowsersToUnified",false],["RedirectFileChannel",false],["SyncSearchTab",false],["RedirectHuddleRecordChannel",false],["EnsureCannedCanvasTemplates",false],["EnsureChannelHasParentTabMiddleware",false],["EnsureMessagesTabHasTabIdMiddleware",false],["TriggerMegaphoneGalleryFlow",false],["MaybeCloseSecondaryViewAfterSplit",false],["CanvasSetScrollParam",false],["RedirectSlackbotHistory",false],["RedirectSlackbotBadge",false],["EnsureActivityInboxMiddleware",false],["EnsureSearchPrimaryPrototypeMiddleware",false],["EnsureActivitySidebarPrototypeMiddleware",false]],"shouldTerminateNavigation":false,"executionTime":0.2999999998137355,"nextTab":"home"} 
[08/04/26, 21:49:27:449] info: [NAVIGATION-MIDDLEWARE] Finish middleware execution for sidebar container {"maybeTransformedViewSet":{"sidebar":{"id":"ChannelList","viewType":"ChannelList","uiState":{}},"primary":{"id":"CH21NUGDD","viewType":"Channel","uiState":{"preventMoveFocus":false}}},"terminateNavigation":false,"isViewTransformed":false,"iterationCount":0,"executionTime":0.5} 
[08/04/26, 21:49:27:449] info: [NAVIGATION-MIDDLEWARE] Async action execution is complete for a view {"nextView":{"id":"CH21NUGDD","viewType":"Channel","uiState":{"preventMoveFocus":false}},"results":[["UserIdToDMIdMiddleware",false],["AttemptToStopEditingInChannel",false],["AttemptToStopEditingSalesforceForm",false],["AttemptToStopComposingTodo",false],["PreventVideoRecorderModalClose",false],["OpenConversationWithIds",false],["EnsureChannel",false],["EnsureAppViewType",false],["RedirectFileChannel",false],["RedirectChannelCanvasToCanvas",false],["RedirectLegacyFileBrowsersToUnified",false],["RedirectFileChannel",false],["SyncSearchTab",false],["RedirectHuddleRecordChannel",false],["EnsureCannedCanvasTemplates",false],["EnsureChannelHasParentTabMiddleware",false],["EnsureMessagesTabHasTabIdMiddleware",false],["TriggerMegaphoneGalleryFlow",false],["MaybeCloseSecondaryViewAfterSplit",false],["CanvasSetScrollParam",false],["RedirectSlackbotHistory",false],["RedirectSlackbotBadge",false],["EnsureActivityInboxMiddleware",false],["EnsureSearchPrimaryPrototypeMiddleware",false],["EnsureActivitySidebarPrototypeMiddleware",false]],"shouldTerminateNavigation":false,"executionTime":0.19999999972060323,"nextTab":"home"} 
[08/04/26, 21:49:27:449] info: [APPLY-DETAIL-VIEW] ViewSet with detail view applied {"viewSet":{"sidebar":{"id":"ChannelList","viewType":"ChannelList","uiState":{}},"primary":{"id":"CH21NUGDD","viewType":"Channel","params":{"parentTab":"CH21NUGDD","tabId":"channel"},"uiState":{"preventMoveFocus":false}}}} 
[08/04/26, 21:49:27:449] info: [NAVIGATION-MIDDLEWARE] View has been transformed {"container":"primary","initialView":{"id":"CH21NUGDD","viewType":"Channel","uiState":{"preventMoveFocus":false}},"transformedView":{"id":"CH21NUGDD","viewType":"Channel","params":{"parentTab":"CH21NUGDD","tabId":"channel"},"uiState":"[circular]"},"iterationCount":0} 
[08/04/26, 21:49:27:449] info: [NAVIGATION-MIDDLEWARE] Skipping middleware execution for sidebar container as we have cached value {"initialView":{"id":"ChannelList","viewType":"ChannelList","uiState":{}},"iterationCount":1} 
[08/04/26, 21:49:27:449] info: [NAVIGATION-MIDDLEWARE] Async action execution is complete for a view {"nextView":{"id":"CH21NUGDD","viewType":"Channel","params":{"parentTab":"CH21NUGDD","tabId":"channel"},"uiState":{"preventMoveFocus":false}},"results":[["UserIdToDMIdMiddleware",false],["AttemptToStopEditingInChannel",false],["AttemptToStopEditingSalesforceForm",false],["AttemptToStopComposingTodo",false],["PreventVideoRecorderModalClose",false],["OpenConversationWithIds",false],["EnsureChannel",false],["EnsureAppViewType",false],["RedirectFileChannel",false],["RedirectChannelCanvasToCanvas",false],["RedirectLegacyFileBrowsersToUnified",false],["RedirectFileChannel",false],["SyncSearchTab",false],["RedirectHuddleRecordChannel",false],["EnsureCannedCanvasTemplates",false],["EnsureChannelHasParentTabMiddleware",false],["EnsureMessagesTabHasTabIdMiddleware",false],["TriggerMegaphoneGalleryFlow",false],["MaybeCloseSecondaryViewAfterSplit",false],["CanvasSetScrollParam",false],["RedirectSlackbotHistory",false],["RedirectSlackbotBadge",false],["EnsureActivityInboxMiddleware",false],["EnsureSearchPrimaryPrototypeMiddleware",false],["EnsureActivitySidebarPrototypeMiddleware",false]],"shouldTerminateNavigation":false,"executionTime":0.09999999962747097,"nextTab":"home"} 
[08/04/26, 21:49:27:449] info: [NAVIGATION-MIDDLEWARE] Finish middleware execution for primary container {"maybeTransformedViewSet":{"sidebar":{"id":"ChannelList","viewType":"ChannelList","uiState":{}},"primary":{"id":"CH21NUGDD","viewType":"Channel","params":{"parentTab":"CH21NUGDD","tabId":"channel"},"uiState":{"preventMoveFocus":false}}},"terminateNavigation":false,"isViewTransformed":false,"iterationCount":1,"executionTime":0.19999999972060323} 
[08/04/26, 21:49:27:449] info: [NAVIGATION-MIDDLEWARE] Finish middleware execution for primary container {"maybeTransformedViewSet":{"sidebar":{"id":"ChannelList","viewType":"ChannelList","uiState":{}},"primary":{"id":"CH21NUGDD","viewType":"Channel","params":{"parentTab":"CH21NUGDD","tabId":"channel"},"uiState":{"preventMoveFocus":false}}},"terminateNavigation":false,"isViewTransformed":true,"iterationCount":0,"executionTime":0.6999999997206032} 
[08/04/26, 21:49:27:449] info: [NAVIGATION-MIDDLEWARE] Navigation middleware execution is complete {"maybeUpdatedViewSet":{"sidebar":{"id":"ChannelList","viewType":"ChannelList","uiState":{}},"primary":{"id":"CH21NUGDD","viewType":"Channel","params":{"parentTab":"CH21NUGDD","tabId":"channel"},"uiState":{"preventMoveFocus":false}}},"terminateNavigation":false,"executionTime":1.2999999998137355,"nextTab":"home"} 
[08/04/26, 21:49:27:449] info: [NAVIGATE-IN-MAIN-WIND] Built view set after middleware {"viewSet":{"sidebar":{"id":"ChannelList","viewType":"ChannelList","uiState":{}},"primary":{"id":"CH21NUGDD","viewType":"Channel","params":{"parentTab":"CH21NUGDD","tabId":"channel"},"uiState":{"preventMoveFocus":false}}},"nextTab":"home"} 
[08/04/26, 21:49:27:453] info: [NAVIGATE-LISTENERS] (T034MTGTM) Starting navigation listeners for triggerType NAVIGATION 
[08/04/26, 21:49:27:455] info: [SET-LAST-READ] (T034MTGTM) markLastRead CH21NUGDD:1785855315.661229, immediate: false 
[08/04/26, 21:49:27:455] info: [SET-LAST-READ] (T034MTGTM) delaying CH21NUGDD:1785855315.661229 mark by 3157.603005657481ms 
[08/04/26, 21:49:27:456] info: [NAVIGATE-LISTENERS] (T034MTGTM) Navigation listeners complete without errors 
[08/04/26, 21:49:27:456] info: [NAVIGATE-IN-MAIN-WIND]  Navigation thunk execution complete {"id":"CH21NUGDD","viewType":"Channel","options":{}} 
[08/04/26, 21:49:27:456] info: [UNREAD-COUNTS] (T034MTGTM) Counting unreads in CH21NUGDD because last_read changed to 1785855315.661229 
[08/04/26, 21:49:27:457] info: [UNREAD-COUNTS] (T034MTGTM) Fetching history for unread counting: CH21NUGDD, waiting 0 ms 
[08/04/26, 21:49:27:457] info: Breadcrumb: ui.click: span.p-channel_sidebar__name > span  
[08/04/26, 21:49:27:486] info: [THREADS-VIEW] (T034MTGTM) unmounting 
[08/04/26, 21:49:27:523] info: [API-Q] (T034MTGTM) 8f0ebd62-1785860367.522 users.profile.get called with reason: with-call-menu 
[08/04/26, 21:49:27:523] info: [API-Q] (T034MTGTM) 8f0ebd62-1785860367.522 users.profile.get is ENQUEUED 
[08/04/26, 21:49:27:524] info: [API-Q] (T034MTGTM) 8f0ebd62-1785860367.524 megaphone.notifications.list called with reason: channel_opened_with_slack_connect_invites_created 
[08/04/26, 21:49:27:524] info: [API-Q] (T034MTGTM) 8f0ebd62-1785860367.524 megaphone.notifications.list is ENQUEUED 
[08/04/26, 21:49:27:530] info: [MESSAGE-LIST] (T034MTGTM) requestAround channelId: CH21NUGDD isLoading: false timestamps: 0 reachedStart: false reachedEnd: false 
[08/04/26, 21:49:27:530] info: [HISTORY-FETCH] (T034MTGTM) Fetching history for message pane: CH21NUGDD oldest: 1785839234.501979 latest: 1785839234.501979 
[08/04/26, 21:49:27:530] info: [API-Q] (T034MTGTM) 8f0ebd62-1785860367.530 conversations.history called with reason: message-pane/requestHistory 
[08/04/26, 21:49:27:530] info: [API-Q] (T034MTGTM) 8f0ebd62-1785860367.530 conversations.history is ENQUEUED 
[08/04/26, 21:49:27:530] info: [API-Q] (T034MTGTM) 8f0ebd62-1785860367.530 conversations.history called with reason: message-pane/requestHistory 
[08/04/26, 21:49:27:530] info: [API-Q] (T034MTGTM) 8f0ebd62-1785860367.530 conversations.history is ENQUEUED 
[08/04/26, 21:49:27:533] info: [API-Q] (T034MTGTM) noversion-1785860367.533 Flannel permissions/info called with reason: flannel-call:permissions/info 
[08/04/26, 21:49:27:533] info: [API-Q] (T034MTGTM) noversion-1785860367.533 Flannel permissions/info is ENQUEUED 
[08/04/26, 21:49:27:533] info: [API-Q] (T034MTGTM) 8f0ebd62-1785860367.522 users.profile.get is ACTIVE 
[08/04/26, 21:49:27:533] info: [API-Q] (T034MTGTM) 8f0ebd62-1785860367.524 megaphone.notifications.list is ACTIVE 
[08/04/26, 21:49:27:534] info: [API-Q] (T034MTGTM) 8f0ebd62-1785860367.530 conversations.history is ACTIVE 
[08/04/26, 21:49:27:534] info: [API-Q] (T034MTGTM) 8f0ebd62-1785860367.530 conversations.history is ACTIVE 
[08/04/26, 21:49:27:534] info: [API-Q] (T034MTGTM) noversion-1785860367.533 Flannel permissions/info is ACTIVE 
[08/04/26, 21:49:27:540] info: [ALLTHREADSROWELEMENT] (T034MTGTM) From channel badges count, has unreads: false with badge count: 0 
[08/04/26, 21:49:27:543] info: [HISTORY-FETCH] (T034MTGTM) Fetching history for unread counting: CH21NUGDD 
[08/04/26, 21:49:27:543] info: [API-Q] (T034MTGTM) 8f0ebd62-1785860367.543 conversations.history called with reason: unread-counts/onLastReadUpdated 
[08/04/26, 21:49:27:544] info: [API-Q] (T034MTGTM) 8f0ebd62-1785860367.543 conversations.history is ENQUEUED 
[08/04/26, 21:49:27:544] info: [API-Q] (T034MTGTM) 8f0ebd62-1785860367.543 conversations.history is ACTIVE 
[08/04/26, 21:49:27:544] info: [UFM-PERMISSIONS] (T034MTGTM) requesting SET_CHANNEL_TOPIC,ASSIGN_CHANNEL_MANAGER,CAN_AT_CHANNEL,CAN_AT_EVERYONE,ARCHIVE_CHANNEL (1) 
[08/04/26, 21:49:27:544] info: [API-Q] (T034MTGTM) noversion-1785860367.544 Flannel permissions/info called with reason: flannel-call:permissions/info 
[08/04/26, 21:49:27:544] info: [API-Q] (T034MTGTM) noversion-1785860367.544 Flannel permissions/info is ENQUEUED 
[08/04/26, 21:49:27:544] info: [API-Q] (T034MTGTM) noversion-1785860367.544 Flannel permissions/info is ACTIVE 
[08/04/26, 21:49:27:544] info: [UFM-MEMBERS] (T034MTGTM) requesting UCHANNELEXPERT (1) 
[08/04/26, 21:49:27:544] info: [API-Q] (T034MTGTM) noversion-1785860367.544 Flannel users/info called with reason: flannel-call:users/info 
[08/04/26, 21:49:27:544] info: [API-Q] (T034MTGTM) noversion-1785860367.544 Flannel users/info is ENQUEUED 
[08/04/26, 21:49:27:544] info: [API-Q] (T034MTGTM) noversion-1785860367.544 Flannel users/info is ACTIVE 
[08/04/26, 21:49:27:544] info: [UFM-FILES] (T034MTGTM) requesting F05G0701PNK (1) 
[08/04/26, 21:49:27:545] info: [API-Q] (T034MTGTM) 8f0ebd62-1785860367.545 files.info called with reason: files-store-unknown-fetch 
[08/04/26, 21:49:27:545] info: [API-Q] (T034MTGTM) 8f0ebd62-1785860367.545 files.info is ENQUEUED 
[08/04/26, 21:49:27:545] info: [API-Q] (T034MTGTM) 8f0ebd62-1785860367.545 files.info is ACTIVE 
[08/04/26, 21:49:27:545] info: [UFM] (T034MTGTM) requesting Wf0A11RST9T5 (1) 
[08/04/26, 21:49:27:545] info: [API-Q] (T034MTGTM) 8f0ebd62-1785860367.545 functions.workflows.get called with reason: hermes_workflows_store_unknown_fetching 
[08/04/26, 21:49:27:545] info: [API-Q] (T034MTGTM) 8f0ebd62-1785860367.545 functions.workflows.get is ENQUEUED 
[08/04/26, 21:49:27:545] info: [API-Q] (T034MTGTM) 8f0ebd62-1785860367.545 functions.workflows.get is ACTIVE 
[08/04/26, 21:49:27:546] info: [API-Q] (T034MTGTM) 8f0ebd62-1785860367.546 bookmarks.list called with reason: bookmarks-store/conditional-fetching 
[08/04/26, 21:49:27:546] info: [API-Q] (T034MTGTM) 8f0ebd62-1785860367.546 bookmarks.list is ENQUEUED 
[08/04/26, 21:49:27:548] info: [MESSAGE-LIST] (T034MTGTM) componentWillReceiveProps isLoading: true isLoadingOlder: true timestamps: 0 
[08/04/26, 21:49:27:594] info: [API-Q] (T034MTGTM) noversion-1785860367.544 Flannel users/info is RESOLVED 
[08/04/26, 21:49:27:595] info: [API-Q] (T034MTGTM) 8f0ebd62-1785860367.546 bookmarks.list is ACTIVE 
[08/04/26, 21:49:27:595] info: [UFM-MEMBERS] (T034MTGTM) received UCHANNELEXPERT (1) 
[08/04/26, 21:49:27:595] warn: UFM-members (T034MTGTM) UnknownFetchManager requested 1 objects but received 0. Missing objects: UCHANNELEXPERT 
[08/04/26, 21:49:27:602] info: [API-Q] (T034MTGTM) noversion-1785860367.602 Flannel users/info called with reason: flannel-call:users/info 
[08/04/26, 21:49:27:602] info: [API-Q] (T034MTGTM) noversion-1785860367.602 Flannel users/info is ENQUEUED 
[08/04/26, 21:49:27:603] info: [API-Q] (T034MTGTM) noversion-1785860367.533 Flannel permissions/info is RESOLVED 
[08/04/26, 21:49:27:603] info: [API-Q] (T034MTGTM) noversion-1785860367.602 Flannel users/info is ACTIVE 
[08/04/26, 21:49:27:604] info: [API-Q] (T034MTGTM) noversion-1785860367.544 Flannel permissions/info is RESOLVED 
[08/04/26, 21:49:27:604] info: [UFM-PERMISSIONS] (T034MTGTM) received SET_CHANNEL_TOPIC,ASSIGN_CHANNEL_MANAGER,CAN_AT_CHANNEL,CAN_AT_EVERYONE,ARCHIVE_CHANNEL (1) 
[08/04/26, 21:49:27:619] info: [API-Q] (T034MTGTM) noversion-1785860367.602 Flannel users/info is RESOLVED 
[08/04/26, 21:49:27:633] info: Store: EXTEND_MENU T034MTGTM: menucategory-file,menucategory-view,menucategory-edit,menucategory-help,menucategory-history 
[08/04/26, 21:49:27:720] info: [CHECK-FOR-OLD-CHANNEL] (T034MTGTM) Start cleaning up DMs/MPDMs — starting with 3 entries. 
[08/04/26, 21:49:27:720] info: [CHECK-FOR-OLD-CHANNEL] (T034MTGTM) Eligible DMs/MPDMs for cleanup — [external DMs]:0, [internal DMs]: 2, [app DMs]: 0 
[08/04/26, 21:49:27:720] info: [CHECK-FOR-OLD-CHANNEL] (T034MTGTM) Identified 0 DMs/MPDMs of externalDMs type for closure 
[08/04/26, 21:49:27:720] info: [CHECK-FOR-OLD-CHANNEL] (T034MTGTM) Not eligible D0BM32FL7GF: Self DM 
[08/04/26, 21:49:27:721] info: [CHECK-FOR-OLD-CHANNEL] (T034MTGTM) Not eligible D0BMGBHSQDB: Not idle 
[08/04/26, 21:49:27:721] info: [CHECK-FOR-OLD-CHANNEL] (T034MTGTM) Identified 0 DMs/MPDMs of internalDMs type for closure 
[08/04/26, 21:49:27:721] info: [CHECK-FOR-OLD-CHANNEL] (T034MTGTM) Identified 0 DMs/MPDMs of appDMs type for closure 
[08/04/26, 21:49:27:756] info: [API-Q] (T034MTGTM) noversion-1785860367.755 Flannel channels/membership called with reason: flannel-call:channels/membership 
[08/04/26, 21:49:27:756] info: [API-Q] (T034MTGTM) noversion-1785860367.755 Flannel channels/membership is ENQUEUED 
[08/04/26, 21:49:27:757] info: [API-Q] (T034MTGTM) noversion-1785860367.755 Flannel channels/membership is ACTIVE 
[08/04/26, 21:49:27:827] info: [API-Q] (T034MTGTM) noversion-1785860367.755 Flannel channels/membership is RESOLVED 
[08/04/26, 21:49:28:148] info: [ACTION:CHANNEL-SIDEBAR] Selected add_more_items_channel 
[08/04/26, 21:49:28:150] error: (T034MTGTM) {"error":"Trying to reset browser before browser instance permanent_browser_instance_channels has been instantiated. Make sure upstream callers of this function are called AFTER init-browser or useBrowser()"} 
[08/04/26, 21:49:28:154] info: [NAVIGATE-IN-MAIN-WIND] Starting a new navigation event {"id":"UnifiedDirectory","viewType":"UnifiedDirectory","viewParams":{"tabId":"channels"},"options":{"forceTab":"home"}} 
[08/04/26, 21:49:28:154] info: [APPLY-DETAIL-VIEW] ViewSet with detail view applied {"viewSet":{"primary":{"id":"UnifiedDirectory","viewType":"UnifiedDirectory","params":{"tabId":"channels"},"uiState":{"preventMoveFocus":false}}}} 
[08/04/26, 21:49:28:154] info: [NAVIGATE-IN-MAIN-WIND] Applying changes to the primary container {"viewSet":{"sidebar":{"id":"ChannelList","viewType":"ChannelList","uiState":{"ghostLastRead":"1785839234.501979"}},"primary":{"id":"UnifiedDirectory","viewType":"UnifiedDirectory","params":{"tabId":"channels"},"uiState":{"preventMoveFocus":false}}},"nextTab":"home"} 
[08/04/26, 21:49:28:154] info: [NAVIGATION-MIDDLEWARE] Starting a new navigation middleware execution {"context":"navigation","nextViewSet":{"sidebar":{"id":"ChannelList","viewType":"ChannelList","uiState":{"ghostLastRead":"1785839234.501979"}},"primary":{"id":"UnifiedDirectory","viewType":"UnifiedDirectory","params":{"tabId":"channels"},"uiState":{"preventMoveFocus":false}}},"middlewareCount":25,"nextTab":"home"} 
[08/04/26, 21:49:28:154] info: [NAVIGATION-MIDDLEWARE] Async action execution is complete for a view {"nextView":{"id":"ChannelList","viewType":"ChannelList","uiState":{"ghostLastRead":"1785839234.501979"}},"results":[["UserIdToDMIdMiddleware",false],["AttemptToStopEditingInChannel",false],["AttemptToStopEditingSalesforceForm",false],["AttemptToStopComposingTodo",false],["PreventVideoRecorderModalClose",false],["OpenConversationWithIds",false],["EnsureChannel",false],["EnsureAppViewType",false],["RedirectFileChannel",false],["RedirectChannelCanvasToCanvas",false],["RedirectLegacyFileBrowsersToUnified",false],["RedirectFileChannel",false],["SyncSearchTab",false],["RedirectHuddleRecordChannel",false],["EnsureCannedCanvasTemplates",false],["EnsureChannelHasParentTabMiddleware",false],["EnsureMessagesTabHasTabIdMiddleware",false],["TriggerMegaphoneGalleryFlow",false],["MaybeCloseSecondaryViewAfterSplit",false],["CanvasSetScrollParam",false],["RedirectSlackbotHistory",false],["RedirectSlackbotBadge",false],["EnsureActivityInboxMiddleware",false],["EnsureSearchPrimaryPrototypeMiddleware",false],["EnsureActivitySidebarPrototypeMiddleware",false]],"shouldTerminateNavigation":false,"executionTime":0.10000000009313226,"nextTab":"home"} 
[08/04/26, 21:49:28:155] info: [NAVIGATION-MIDDLEWARE] Finish middleware execution for sidebar container {"maybeTransformedViewSet":{"sidebar":{"id":"ChannelList","viewType":"ChannelList","uiState":{"ghostLastRead":"1785839234.501979"}},"primary":{"id":"UnifiedDirectory","viewType":"UnifiedDirectory","params":{"tabId":"channels"},"uiState":{"preventMoveFocus":false}}},"terminateNavigation":false,"isViewTransformed":false,"iterationCount":0,"executionTime":0.10000000009313226} 
[08/04/26, 21:49:28:155] info: [NAVIGATION-MIDDLEWARE] Async action execution is complete for a view {"nextView":{"id":"UnifiedDirectory","viewType":"UnifiedDirectory","params":{"tabId":"channels"},"uiState":{"preventMoveFocus":false}},"results":[["UserIdToDMIdMiddleware",false],["AttemptToStopEditingInChannel",false],["AttemptToStopEditingSalesforceForm",false],["AttemptToStopComposingTodo",false],["PreventVideoRecorderModalClose",false],["OpenConversationWithIds",false],["EnsureChannel",false],["EnsureAppViewType",false],["RedirectFileChannel",false],["RedirectChannelCanvasToCanvas",false],["RedirectLegacyFileBrowsersToUnified",false],["RedirectFileChannel",false],["SyncSearchTab",false],["RedirectHuddleRecordChannel",false],["EnsureCannedCanvasTemplates",false],["EnsureChannelHasParentTabMiddleware",false],["EnsureMessagesTabHasTabIdMiddleware",false],["TriggerMegaphoneGalleryFlow",false],["MaybeCloseSecondaryViewAfterSplit",false],["CanvasSetScrollParam",false],["RedirectSlackbotHistory",false],["RedirectSlackbotBadge",false],["EnsureActivityInboxMiddleware",false],["EnsureSearchPrimaryPrototypeMiddleware",false],["EnsureActivitySidebarPrototypeMiddleware",false]],"shouldTerminateNavigation":false,"executionTime":0.10000000009313226,"nextTab":"home"} 
[08/04/26, 21:49:28:155] info: [NAVIGATION-MIDDLEWARE] Finish middleware execution for primary container {"maybeTransformedViewSet":{"sidebar":{"id":"ChannelList","viewType":"ChannelList","uiState":{"ghostLastRead":"1785839234.501979"}},"primary":{"id":"UnifiedDirectory","viewType":"UnifiedDirectory","params":{"tabId":"channels"},"uiState":{"preventMoveFocus":false}}},"terminateNavigation":false,"isViewTransformed":false,"iterationCount":0,"executionTime":0.2999999998137355} 
[08/04/26, 21:49:28:155] info: [NAVIGATION-MIDDLEWARE] Navigation middleware execution is complete {"maybeUpdatedViewSet":{"sidebar":{"id":"ChannelList","viewType":"ChannelList","uiState":{"ghostLastRead":"1785839234.501979"}},"primary":{"id":"UnifiedDirectory","viewType":"UnifiedDirectory","params":{"tabId":"channels"},"uiState":{"preventMoveFocus":false}}},"terminateNavigation":false,"executionTime":0.39999999990686774,"nextTab":"home"} 
[08/04/26, 21:49:28:155] info: [NAVIGATE-IN-MAIN-WIND] Built view set after middleware {"viewSet":{"sidebar":{"id":"ChannelList","viewType":"ChannelList","uiState":{"ghostLastRead":"1785839234.501979"}},"primary":{"id":"UnifiedDirectory","viewType":"UnifiedDirectory","params":{"tabId":"channels"},"uiState":{"preventMoveFocus":false}}},"nextTab":"home"} 
[08/04/26, 21:49:28:157] info: [NAVIGATE-LISTENERS] (T034MTGTM) Starting navigation listeners for triggerType NAVIGATION 
[08/04/26, 21:49:28:158] info: [NAVIGATE-LISTENERS] (T034MTGTM) Navigation listeners complete without errors 
[08/04/26, 21:49:28:158] info: [NAVIGATE-IN-MAIN-WIND]  Navigation thunk execution complete {"id":"UnifiedDirectory","viewType":"UnifiedDirectory","viewParams":{"tabId":"channels"},"options":{"forceTab":"home"}} 
[08/04/26, 21:49:28:158] info: Breadcrumb: ui.click: span.p-channel_sidebar__name  
[08/04/26, 21:49:28:167] info: [MESSAGE-LIST] (T034MTGTM) getScrollmark reason:unmount channelId:CH21NUGDD mark:null offset:NaN 
[08/04/26, 21:49:28:168] warn: MAYBE-SAVE-SCROLLMARK (T034MTGTM) replacing NaN offset for CH21NUGDD 
[08/04/26, 21:49:28:213] info: [WD] All assets have reported back; s: 19; f: 0 
[08/04/26, 21:49:28:222] info: Store: EXTEND_MENU T034MTGTM: menucategory-file,menucategory-view,menucategory-edit,menucategory-help,menucategory-history 
[08/04/26, 21:49:28:490] info: [API-Q] (T034MTGTM) 8f0ebd62-1785860368.489 search.precache called with reason: search-precache-onFocus-omniswitcher 
[08/04/26, 21:49:28:490] info: [API-Q] (T034MTGTM) 8f0ebd62-1785860368.489 search.precache is ENQUEUED 
[08/04/26, 21:49:28:494] info: [API-Q] (T034MTGTM) 8f0ebd62-1785860368.494 search.autocomplete.model called with reason: AutocompleteModelCache 
[08/04/26, 21:49:28:494] info: [API-Q] (T034MTGTM) 8f0ebd62-1785860368.494 search.autocomplete.model is ENQUEUED 
[08/04/26, 21:49:28:494] info: [API-Q] (T034MTGTM) 8f0ebd62-1785860368.494 search.autocomplete.intentModel called with reason: AutocompleteModelCache 
[08/04/26, 21:49:28:494] info: [API-Q] (T034MTGTM) 8f0ebd62-1785860368.494 search.autocomplete.intentModel is ENQUEUED 
[08/04/26, 21:49:28:496] info: [API-Q] (T034MTGTM) 8f0ebd62-1785860368.495 search.autocomplete.offlineFeatures called with reason: search-offline-features 
[08/04/26, 21:49:28:496] info: [API-Q] (T034MTGTM) 8f0ebd62-1785860368.495 search.autocomplete.offlineFeatures is ENQUEUED 
[08/04/26, 21:49:28:498] info: [API-Q] (T034MTGTM) 8f0ebd62-1785860368.498 search.autocomplete called with reason: search-autocomplete 
[08/04/26, 21:49:28:498] info: [API-Q] (T034MTGTM) 8f0ebd62-1785860368.498 search.autocomplete is ENQUEUED 
[08/04/26, 21:49:28:500] info: [API-Q] (T034MTGTM) 8f0ebd62-1785860368.500 users.slackConnect.orgList called with reason: browsers-shared-teams-query 
[08/04/26, 21:49:28:500] info: [API-Q] (T034MTGTM) 8f0ebd62-1785860368.500 users.slackConnect.orgList is ENQUEUED 
[08/04/26, 21:49:28:502] info: [API-Q] (T034MTGTM) 8f0ebd62-1785860368.502 search.modules.channels called with reason: fetch-current-browser 
[08/04/26, 21:49:28:502] info: [API-Q] (T034MTGTM) 8f0ebd62-1785860368.502 search.modules.channels is ENQUEUED 
[08/04/26, 21:49:28:515] info: [API-Q] (T034MTGTM) Deduped request for method: users.slackConnect.orgList 
[08/04/26, 21:49:28:516] info: [API-Q] (T034MTGTM) 8f0ebd62-1785860368.489 search.precache is ACTIVE 
[08/04/26, 21:49:28:516] info: [API-Q] (T034MTGTM) 8f0ebd62-1785860368.494 search.autocomplete.model is ACTIVE 
[08/04/26, 21:49:29:972] info: [API-Q] (T034MTGTM) 8f0ebd62-1785860367.522 users.profile.get is RESOLVED 
[08/04/26, 21:49:29:974] info: [API-Q] (T034MTGTM) 8f0ebd62-1785860368.494 search.autocomplete.intentModel is ACTIVE 
[08/04/26, 21:49:29:974] info: [API-Q] (T034MTGTM) 8f0ebd62-1785860368.494 search.autocomplete.model is RESOLVED 
[08/04/26, 21:49:29:974] info: [API-Q] (T034MTGTM) 8f0ebd62-1785860368.495 search.autocomplete.offlineFeatures is ACTIVE 
[08/04/26, 21:49:29:975] info: [API-Q] (T034MTGTM) 8f0ebd62-1785860368.489 search.precache is RESOLVED 
[08/04/26, 21:49:29:975] info: [API-Q] (T034MTGTM) 8f0ebd62-1785860368.498 search.autocomplete is ACTIVE 
[08/04/26, 21:49:29:987] info: [API-Q] (T034MTGTM) 8f0ebd62-1785860367.524 megaphone.notifications.list is RESOLVED 
[08/04/26, 21:49:29:988] info: [API-Q] (T034MTGTM) 8f0ebd62-1785860368.500 users.slackConnect.orgList is ACTIVE 
[08/04/26, 21:49:29:989] info: [API-Q] (T034MTGTM) 8f0ebd62-1785860367.545 functions.workflows.get is RESOLVED 
[08/04/26, 21:49:29:989] info: [API-Q] (T034MTGTM) 8f0ebd62-1785860368.502 search.modules.channels is ACTIVE 
[08/04/26, 21:49:29:989] info: [UFM] (T034MTGTM) received Wf0A11RST9T5 (1) 
[08/04/26, 21:49:29:990] info: [API-Q] (T034MTGTM) 8f0ebd62-1785860367.545 files.info is RESOLVED 
[08/04/26, 21:49:29:990] info: [UFM-FILES] (T034MTGTM) received F05G0701PNK (1) 
[08/04/26, 21:49:29:991] info: [API-Q] (T034MTGTM) 8f0ebd62-1785860367.546 bookmarks.list is RESOLVED 
[08/04/26, 21:49:29:992] info: [API-Q] (T034MTGTM) 8f0ebd62-1785860367.530 conversations.history is RESOLVED 
[08/04/26, 21:49:29:994] info: [PLATFORM-CHANNEL-ACTI] (T034MTGTM) Not updating count for channel CH21NUGDD, as count was already set to 0 
[08/04/26, 21:49:29:995] info: [API-Q] (T034MTGTM) 8f0ebd62-1785860367.543 conversations.history is RESOLVED 
[08/04/26, 21:49:29:996] info: [PLATFORM-CHANNEL-ACTI] (T034MTGTM) Not updating count for channel CH21NUGDD, as count was already set to 0 
[08/04/26, 21:49:29:997] info: [PINS] (T034MTGTM) Pins count updated for channel CH21NUGDD: 22 
[08/04/26, 21:49:29:997] info: [COUNTS] (T034MTGTM) Updated unread_cnt for CH21NUGDD: 0 
[08/04/26, 21:49:30:013] info: [API-Q] (T034MTGTM) 8f0ebd62-1785860367.530 conversations.history is RESOLVED 
[08/04/26, 21:49:30:014] info: [DESKTOP-MIDDLEWARE] (T034MTGTM) Forwarding redux payload to desktop ["unreads"] 
[08/04/26, 21:49:30:016] info: [PLATFORM-CHANNEL-ACTI] (T034MTGTM) Not updating count for channel CH21NUGDD, as count was already set to 0 
[08/04/26, 21:49:30:019] info: Store: REDUX_UPDATE_FROM_WEBAPP (T034MTGTM) Changed keys [unreads] 
[08/04/26, 21:49:30:273] info: [API-Q] (T034MTGTM) 8f0ebd62-1785860368.498 search.autocomplete is RESOLVED 
[08/04/26, 21:49:30:280] info: [API-Q] (T034MTGTM) 8f0ebd62-1785860368.494 search.autocomplete.intentModel is RESOLVED 
[08/04/26, 21:49:30:281] info: [API-Q] (T034MTGTM) 8f0ebd62-1785860368.500 users.slackConnect.orgList is RESOLVED 
[08/04/26, 21:49:30:296] info: [API-Q] (T034MTGTM) 8f0ebd62-1785860368.495 search.autocomplete.offlineFeatures is RESOLVED 
[08/04/26, 21:49:30:329] info: [API-Q] (T034MTGTM) 8f0ebd62-1785860368.502 search.modules.channels is RESOLVED 
[08/04/26, 21:49:30:613] info: [SET-LAST-READ] (T034MTGTM) delay resolved, marking CH21NUGDD:1785855315.661229 with API 
[08/04/26, 21:49:30:614] info: [SET-LAST-READ] (T034MTGTM) dispatch conversations.mark with markWithAPI CH21NUGDD:1785855315.661229 
[08/04/26, 21:49:30:614] info: [API-Q] (T034MTGTM) 8f0ebd62-1785860370.614 conversations.mark called with reason: viewed 
[08/04/26, 21:49:30:614] info: [API-Q] (T034MTGTM) 8f0ebd62-1785860370.614 conversations.mark is ENQUEUED 
[08/04/26, 21:49:30:615] info: [API-Q] (T034MTGTM) 8f0ebd62-1785860370.614 conversations.mark is ACTIVE 
[08/04/26, 21:49:30:977] info: [RTM-BADGE-COUNTS-UPDA] (T034MTGTM) badge_counts_updated 
[08/04/26, 21:49:30:978] info: [API-Q] (T034MTGTM) 8f0ebd62-1785860370.614 conversations.mark is RESOLVED 
[08/04/26, 21:49:33:447] info: [API-Q] (T034MTGTM) 8f0ebd62-1785860373.447 users.prefs.set called with reason: prefs-api/setUserPrefByApi 
[08/04/26, 21:49:33:447] info: [API-Q] (T034MTGTM) 8f0ebd62-1785860373.447 users.prefs.set is ENQUEUED 
[08/04/26, 21:49:33:449] info: [API-Q] (T034MTGTM) 8f0ebd62-1785860373.447 users.prefs.set is ACTIVE 
[08/04/26, 21:49:33:449] info: Breadcrumb: ui.click: svg  
[08/04/26, 21:49:33:743] info: [API-Q] (T034MTGTM) 8f0ebd62-1785860373.447 users.prefs.set is RESOLVED 
[08/04/26, 21:49:34:757] info: [NAVIGATE-IN-MAIN-WIND] Starting a new navigation event {"id":"UnifiedDirectory","viewType":"UnifiedDirectory","viewParams":{"tabId":"people"},"options":{"forceTab":"home"}} 
[08/04/26, 21:49:34:758] info: [APPLY-DETAIL-VIEW] ViewSet with detail view applied {"viewSet":{"primary":{"id":"UnifiedDirectory","viewType":"UnifiedDirectory","params":{"tabId":"people"},"uiState":{"preventMoveFocus":true}}}} 
[08/04/26, 21:49:34:758] info: [NAVIGATE-IN-MAIN-WIND] Applying changes to the primary container {"viewSet":{"sidebar":{"id":"ChannelList","viewType":"ChannelList","uiState":{"ghostLastRead":"1785839234.501979"}},"primary":{"id":"UnifiedDirectory","viewType":"UnifiedDirectory","params":{"tabId":"people"},"uiState":{"preventMoveFocus":true}}},"nextTab":"home"} 
[08/04/26, 21:49:34:758] info: [NAVIGATION-MIDDLEWARE] Starting a new navigation middleware execution {"context":"navigation","nextViewSet":{"sidebar":{"id":"ChannelList","viewType":"ChannelList","uiState":{"ghostLastRead":"1785839234.501979"}},"primary":{"id":"UnifiedDirectory","viewType":"UnifiedDirectory","params":{"tabId":"people"},"uiState":{"preventMoveFocus":true}}},"middlewareCount":25,"nextTab":"home"} 
[08/04/26, 21:49:34:761] info: [NAVIGATION-MIDDLEWARE] Async action execution is complete for a view {"nextView":{"id":"ChannelList","viewType":"ChannelList","uiState":{"ghostLastRead":"1785839234.501979"}},"results":[["UserIdToDMIdMiddleware",false],["AttemptToStopEditingInChannel",false],["AttemptToStopEditingSalesforceForm",false],["AttemptToStopComposingTodo",false],["PreventVideoRecorderModalClose",false],["OpenConversationWithIds",false],["EnsureChannel",false],["EnsureAppViewType",false],["RedirectFileChannel",false],["RedirectChannelCanvasToCanvas",false],["RedirectLegacyFileBrowsersToUnified",false],["RedirectFileChannel",false],["SyncSearchTab",false],["RedirectHuddleRecordChannel",false],["EnsureCannedCanvasTemplates",false],["EnsureChannelHasParentTabMiddleware",false],["EnsureMessagesTabHasTabIdMiddleware",false],["TriggerMegaphoneGalleryFlow",false],["MaybeCloseSecondaryViewAfterSplit",false],["CanvasSetScrollParam",false],["RedirectSlackbotHistory",false],["RedirectSlackbotBadge",false],["EnsureActivityInboxMiddleware",false],["EnsureSearchPrimaryPrototypeMiddleware",false],["EnsureActivitySidebarPrototypeMiddleware",false]],"shouldTerminateNavigation":false,"executionTime":2.5,"nextTab":"home"} 
[08/04/26, 21:49:34:761] info: [NAVIGATION-MIDDLEWARE] Finish middleware execution for sidebar container {"maybeTransformedViewSet":{"sidebar":{"id":"ChannelList","viewType":"ChannelList","uiState":{"ghostLastRead":"1785839234.501979"}},"primary":{"id":"UnifiedDirectory","viewType":"UnifiedDirectory","params":{"tabId":"people"},"uiState":{"preventMoveFocus":true}}},"terminateNavigation":false,"isViewTransformed":false,"iterationCount":0,"executionTime":2.6999999997206032} 
[08/04/26, 21:49:34:761] info: [NAVIGATION-MIDDLEWARE] Async action execution is complete for a view {"nextView":{"id":"UnifiedDirectory","viewType":"UnifiedDirectory","params":{"tabId":"people"},"uiState":{"preventMoveFocus":true}},"results":[["UserIdToDMIdMiddleware",false],["AttemptToStopEditingInChannel",false],["AttemptToStopEditingSalesforceForm",false],["AttemptToStopComposingTodo",false],["PreventVideoRecorderModalClose",false],["OpenConversationWithIds",false],["EnsureChannel",false],["EnsureAppViewType",false],["RedirectFileChannel",false],["RedirectChannelCanvasToCanvas",false],["RedirectLegacyFileBrowsersToUnified",false],["RedirectFileChannel",false],["SyncSearchTab",false],["RedirectHuddleRecordChannel",false],["EnsureCannedCanvasTemplates",false],["EnsureChannelHasParentTabMiddleware",false],["EnsureMessagesTabHasTabIdMiddleware",false],["TriggerMegaphoneGalleryFlow",false],["MaybeCloseSecondaryViewAfterSplit",false],["CanvasSetScrollParam",false],["RedirectSlackbotHistory",false],["RedirectSlackbotBadge",false],["EnsureActivityInboxMiddleware",false],["EnsureSearchPrimaryPrototypeMiddleware",false],["EnsureActivitySidebarPrototypeMiddleware",false]],"shouldTerminateNavigation":false,"executionTime":0.10000000009313226,"nextTab":"home"} 
[08/04/26, 21:49:34:761] info: [NAVIGATION-MIDDLEWARE] Finish middleware execution for primary container {"maybeTransformedViewSet":{"sidebar":{"id":"ChannelList","viewType":"ChannelList","uiState":{"ghostLastRead":"1785839234.501979"}},"primary":{"id":"UnifiedDirectory","viewType":"UnifiedDirectory","params":{"tabId":"people"},"uiState":{"preventMoveFocus":true}}},"terminateNavigation":false,"isViewTransformed":false,"iterationCount":0,"executionTime":0.20000000018626451} 
[08/04/26, 21:49:34:761] info: [NAVIGATION-MIDDLEWARE] Navigation middleware execution is complete {"maybeUpdatedViewSet":{"sidebar":{"id":"ChannelList","viewType":"ChannelList","uiState":{"ghostLastRead":"1785839234.501979"}},"primary":{"id":"UnifiedDirectory","viewType":"UnifiedDirectory","params":{"tabId":"people"},"uiState":{"preventMoveFocus":true}}},"terminateNavigation":false,"executionTime":3,"nextTab":"home"} 
[08/04/26, 21:49:34:761] info: [NAVIGATE-IN-MAIN-WIND] Built view set after middleware {"viewSet":{"sidebar":{"id":"ChannelList","viewType":"ChannelList","uiState":{"ghostLastRead":"1785839234.501979"}},"primary":{"id":"UnifiedDirectory","viewType":"UnifiedDirectory","params":{"tabId":"people"},"uiState":{"preventMoveFocus":true}}},"nextTab":"home"} 
[08/04/26, 21:49:34:765] info: [NAVIGATE-LISTENERS] (T034MTGTM) Starting navigation listeners for triggerType NAVIGATION 
[08/04/26, 21:49:34:765] info: [NAVIGATE-LISTENERS] (T034MTGTM) Navigation listeners complete without errors 
[08/04/26, 21:49:34:765] info: [NAVIGATE-IN-MAIN-WIND]  Navigation thunk execution complete {"id":"UnifiedDirectory","viewType":"UnifiedDirectory","viewParams":{"tabId":"people"},"options":{"forceTab":"home"}} 
[08/04/26, 21:49:34:765] info: Breadcrumb: ui.click: div.c-tabs__tab_icon--left > svg  
[08/04/26, 21:49:34:777] info: [API-Q] (T034MTGTM) 8f0ebd62-1785860374.777 users.prefs.set called with reason: prefs-api/setUserPrefByApi 
[08/04/26, 21:49:34:777] info: [API-Q] (T034MTGTM) 8f0ebd62-1785860374.777 users.prefs.set is ENQUEUED 
[08/04/26, 21:49:34:780] info: [API-Q] (T034MTGTM) 8f0ebd62-1785860374.780 search.modules.people called with reason: fetch-current-browser 
[08/04/26, 21:49:34:780] info: [API-Q] (T034MTGTM) 8f0ebd62-1785860374.780 search.modules.people is ENQUEUED 
[08/04/26, 21:49:34:781] info: [API-Q] (T034MTGTM) 8f0ebd62-1785860374.780 users.listOutgoingInvites called with reason: fetch-pending-outgoing-invites 
[08/04/26, 21:49:34:781] info: [API-Q] (T034MTGTM) 8f0ebd62-1785860374.780 users.listOutgoingInvites is ENQUEUED 
[08/04/26, 21:49:34:788] info: [API-Q] (T034MTGTM) 8f0ebd62-1785860374.788 im.list called with reason: people-empty-state 
[08/04/26, 21:49:34:788] info: [API-Q] (T034MTGTM) 8f0ebd62-1785860374.788 im.list is ENQUEUED 
[08/04/26, 21:49:34:788] info: [API-Q] (T034MTGTM) 8f0ebd62-1785860374.777 users.prefs.set is ACTIVE 
[08/04/26, 21:49:34:789] info: [API-Q] (T034MTGTM) 8f0ebd62-1785860374.780 search.modules.people is ACTIVE 
[08/04/26, 21:49:34:789] info: [API-Q] (T034MTGTM) 8f0ebd62-1785860374.780 users.listOutgoingInvites is ACTIVE 
[08/04/26, 21:49:34:789] info: [API-Q] (T034MTGTM) 8f0ebd62-1785860374.788 im.list is ACTIVE 
[08/04/26, 21:49:35:154] info: [API-Q] (T034MTGTM) 8f0ebd62-1785860374.777 users.prefs.set is RESOLVED 
[08/04/26, 21:49:35:156] info: [API-Q] (T034MTGTM) 8f0ebd62-1785860374.780 users.listOutgoingInvites is REJECTED: API not ok restricted_action 
[08/04/26, 21:49:35:156] error: (T034MTGTM) API call to users.listOutgoingInvites
						with reason fetch-pending-outgoing-invites failed, initiated by generated fetcher 
[08/04/26, 21:49:35:157] warn: invited-user-bulk-invites (T034MTGTM) Failed to fetch pending outgoing invites 8f0ebd62-1785860374.780 users.listOutgoingInvites not ok: restricted_action 
[08/04/26, 21:49:35:159] info: [API-Q] (T034MTGTM) 8f0ebd62-1785860374.788 im.list is RESOLVED 
[08/04/26, 21:49:35:173] info: [UFM-MEMBERS] (T034MTGTM) requesting U727N7W1E,UHXGW9JAW (1) 
[08/04/26, 21:49:35:173] info: [API-Q] (T034MTGTM) noversion-1785860375.173 Flannel users/info called with reason: flannel-call:users/info 
[08/04/26, 21:49:35:173] info: [API-Q] (T034MTGTM) noversion-1785860375.173 Flannel users/info is ENQUEUED 
[08/04/26, 21:49:35:173] info: [API-Q] (T034MTGTM) noversion-1785860375.173 Flannel users/info is ACTIVE 
[08/04/26, 21:49:35:189] info: [API-Q] (T034MTGTM) noversion-1785860375.173 Flannel users/info is RESOLVED 
[08/04/26, 21:49:35:189] info: [UFM-MEMBERS] (T034MTGTM) received U727N7W1E,UHXGW9JAW (1) 
[08/04/26, 21:49:35:191] info: [API-Q] (T034MTGTM) noversion-1785860375.191 Flannel users/info called with reason: flannel-call:users/info 
[08/04/26, 21:49:35:191] info: [API-Q] (T034MTGTM) noversion-1785860375.191 Flannel users/info is ENQUEUED 
[08/04/26, 21:49:35:191] info: [API-Q] (T034MTGTM) noversion-1785860375.191 Flannel users/info is ACTIVE 
[08/04/26, 21:49:35:191] info: [UFM] (T034MTGTM) requesting A6NL8MJ6Q,A04E6JX41 (1) 
[08/04/26, 21:49:35:191] info: [API-Q] (T034MTGTM) 8f0ebd62-1785860375.191 apps.profile.get called with reason: fetch-all-apps-by-id 
[08/04/26, 21:49:35:191] info: [API-Q] (T034MTGTM) 8f0ebd62-1785860375.191 apps.profile.get is ENQUEUED 
[08/04/26, 21:49:35:192] info: [API-Q] (T034MTGTM) 8f0ebd62-1785860375.191 apps.profile.get called with reason: fetch-all-apps-by-id 
[08/04/26, 21:49:35:192] info: [API-Q] (T034MTGTM) 8f0ebd62-1785860375.191 apps.profile.get is ENQUEUED 
[08/04/26, 21:49:35:192] info: [API-Q] (T034MTGTM) 8f0ebd62-1785860375.191 apps.profile.get is ACTIVE 
[08/04/26, 21:49:35:192] info: [API-Q] (T034MTGTM) 8f0ebd62-1785860375.191 apps.profile.get is ACTIVE 
[08/04/26, 21:49:35:205] info: [API-Q] (T034MTGTM) noversion-1785860375.191 Flannel users/info is RESOLVED 
[08/04/26, 21:49:35:494] info: [API-Q] (T034MTGTM) 8f0ebd62-1785860375.191 apps.profile.get is RESOLVED 
[08/04/26, 21:49:35:495] info: [API-Q] (T034MTGTM) 8f0ebd62-1785860375.191 apps.profile.get is RESOLVED 
[08/04/26, 21:49:35:495] info: [UFM] (T034MTGTM) received A6NL8MJ6Q,A04E6JX41 (1) 
[08/04/26, 21:49:36:299] info: [API-Q] (T034MTGTM) 8f0ebd62-1785860374.780 search.modules.people is RESOLVED 
[08/04/26, 21:49:36:323] info: [UFM-MEMBERS] (T034MTGTM) requesting U05NDHT7XKN,U08HQNFBKNU,U0AN4MW8C1L,U03K53FBQ56,U0BMQ37GZC4,U06L64XQ2GM,U0B651LA6D6,U0A9F5E85RT,U0B6CH0UPUG,U02PFF8FDFX,U07B4LA7J4U,U095QQV4BPC,U07C3A1BM5W,U098CAQM02K,U02T4BAPFUH,U0AHYN85WCB,U05T1HTT013,U0AT5TNUDB7,U0AD7MZ67L1,U0B3E2HFGTY,U0B8VNQ18SE,U0AG75CCMC0,U03NE0Y42BS,U0A9STKDEDD,U09A0MN0DN2,U0BC47BBGE5,U093UPC41ML,U09KSSG5N6B,U0A83PLD13Q,U0B62QNB89F,U0AD5PUGHG8,UB8HLLBPA,U0BF4P80UV9,U0BJH73TJ04,U0ADU1CCKSS,U0B1JTR2ZEH,U0B9WU09UE7,U07F40C5UUU,U0BHWQSJ6KY,U09AENA8LAK,U020W1Q5VE2,U0ALUM61X6X,U0AFQ8WJH60,U0BKKA4Q0EB,U09RDAETB18,U0AKGA295EZ,U0BJD0FUYGM (1) 
[08/04/26, 21:49:36:323] info: [API-Q] (T034MTGTM) noversion-1785860376.323 Flannel users/info called with reason: flannel-call:users/info 
[08/04/26, 21:49:36:323] info: [API-Q] (T034MTGTM) noversion-1785860376.323 Flannel users/info is ENQUEUED 
[08/04/26, 21:49:36:323] info: [API-Q] (T034MTGTM) noversion-1785860376.323 Flannel users/info is ACTIVE 
[08/04/26, 21:49:36:323] info: [DND_V2] (T034MTGTM) fetchAndUpsertDndForUsers - Preparing to fetch DND times for the following members: U0281PN3FK7 
[08/04/26, 21:49:36:324] info: [API-Q] (T034MTGTM) 8f0ebd62-1785860376.323 dnd.teamInfo called with reason: fetchAndUpsertDndForUsers-getDndTimesFor:others 
[08/04/26, 21:49:36:324] info: [API-Q] (T034MTGTM) 8f0ebd62-1785860376.323 dnd.teamInfo is ENQUEUED 
[08/04/26, 21:49:36:324] info: [API-Q] (T034MTGTM) 8f0ebd62-1785860376.323 dnd.teamInfo is ACTIVE 
[08/04/26, 21:49:36:361] info: [API-Q] (T034MTGTM) noversion-1785860376.323 Flannel users/info is RESOLVED 
[08/04/26, 21:49:36:361] info: [UFM-MEMBERS] (T034MTGTM) received U05NDHT7XKN,U08HQNFBKNU,U0AN4MW8C1L,U03K53FBQ56,U0BMQ37GZC4,U06L64XQ2GM,U0B651LA6D6,U0A9F5E85RT,U0B6CH0UPUG,U02PFF8FDFX,U07B4LA7J4U,U095QQV4BPC,U07C3A1BM5W,U098CAQM02K,U02T4BAPFUH,U0AHYN85WCB,U05T1HTT013,U0AT5TNUDB7,U0AD7MZ67L1,U0B3E2HFGTY,U0B8VNQ18SE,U0AG75CCMC0,U03NE0Y42BS,U0A9STKDEDD,U09A0MN0DN2,U0BC47BBGE5,U093UPC41ML,U09KSSG5N6B,U0A83PLD13Q,U0B62QNB89F,U0AD5PUGHG8,UB8HLLBPA,U0BF4P80UV9,U0BJH73TJ04,U0ADU1CCKSS,U0B1JTR2ZEH,U0B9WU09UE7,U07F40C5UUU,U0BHWQSJ6KY,U09AENA8LAK,U020W1Q5VE2,U0ALUM61X6X,U0AFQ8WJH60,U0BKKA4Q0EB,U09RDAETB18,U0AKGA295EZ,U0BJD0FUYGM (1) 
[08/04/26, 21:49:36:401] info: [API-Q] (T034MTGTM) noversion-1785860376.400 Flannel users/info called with reason: flannel-call:users/info 
[08/04/26, 21:49:36:401] info: [API-Q] (T034MTGTM) noversion-1785860376.400 Flannel users/info is ENQUEUED 
[08/04/26, 21:49:36:401] info: [API-Q] (T034MTGTM) noversion-1785860376.400 Flannel users/info is ACTIVE 
[08/04/26, 21:49:36:426] info: [API-Q] (T034MTGTM) noversion-1785860376.400 Flannel users/info is RESOLVED 
[08/04/26, 21:49:36:568] info: [API-Q] (T034MTGTM) 8f0ebd62-1785860376.323 dnd.teamInfo is RESOLVED 
[08/04/26, 21:49:36:568] info: [DND] (T034MTGTM) Fetched DND info for the following members: U0281PN3FK7 
[08/04/26, 21:49:36:569] info: [DND_V2] (T034MTGTM) Will check for changes in DND status again in 5 minutes 
[08/04/26, 21:49:36:570] info: [DND_V2] (T034MTGTM) fetchAndUpsertDndForUsers - Preparing to fetch DND times for the following members: U05NDHT7XKN,U08HQNFBKNU,U0AN4MW8C1L,U03K53FBQ56,U0BMQ37GZC4,U06L64XQ2GM,U0B651LA6D6,U0A9F5E85RT,U0B6CH0UPUG,U02PFF8FDFX,U07B4LA7J4U,U095QQV4BPC,U07C3A1BM5W,U098CAQM02K,U02T4BAPFUH,U0AHYN85WCB,U05T1HTT013,U0AT5TNUDB7,U0AD7MZ67L1,U0B3E2HFGTY,U0B8VNQ18SE,U0AG75CCMC0,U03NE0Y42BS,U0A9STKDEDD,U09A0MN0DN2,U0BC47BBGE5,U093UPC41ML,U09KSSG5N6B,U0A83PLD13Q,U0B62QNB89F,U0AD5PUGHG8,UB8HLLBPA,U0BF4P80UV9,U0BJH73TJ04,U0ADU1CCKSS,U0B1JTR2ZEH,U0B9WU09UE7,U07F40C5UUU,U0BHWQSJ6KY,U09AENA8LAK,U020W1Q5VE2,U0ALUM61X6X,U0AFQ8WJH60,U0BKKA4Q0EB,U09RDAETB18,U0AKGA295EZ,U0BJD0FUYGM 
[08/04/26, 21:49:36:570] info: [DND_V2] (T034MTGTM) fetchAndUpsertDndForUsers - batching requests into 2 batches 
[08/04/26, 21:49:36:570] info: [API-Q] (T034MTGTM) 8f0ebd62-1785860376.570 dnd.teamInfo called with reason: fetchAndUpsertDndForUsers-getDndTimesFor:others 
[08/04/26, 21:49:36:570] info: [API-Q] (T034MTGTM) 8f0ebd62-1785860376.570 dnd.teamInfo is ENQUEUED 
[08/04/26, 21:49:36:571] info: [API-Q] (T034MTGTM) 8f0ebd62-1785860376.570 dnd.teamInfo called with reason: fetchAndUpsertDndForUsers-getDndTimesFor:others 
[08/04/26, 21:49:36:571] info: [API-Q] (T034MTGTM) 8f0ebd62-1785860376.570 dnd.teamInfo is ENQUEUED 
[08/04/26, 21:49:36:571] info: [API-Q] (T034MTGTM) 8f0ebd62-1785860376.570 dnd.teamInfo is ACTIVE 
[08/04/26, 21:49:36:571] info: [API-Q] (T034MTGTM) 8f0ebd62-1785860376.570 dnd.teamInfo is ACTIVE 
[08/04/26, 21:49:37:141] info: [API-Q] (T034MTGTM) 8f0ebd62-1785860376.570 dnd.teamInfo is RESOLVED 
[08/04/26, 21:49:37:141] info: [DND] (T034MTGTM) Fetched DND info for the following members: U05NDHT7XKN,U08HQNFBKNU,U0AN4MW8C1L,U03K53FBQ56,U0BMQ37GZC4,U06L64XQ2GM,U0B651LA6D6,U0A9F5E85RT,U0B6CH0UPUG,U02PFF8FDFX,U07B4LA7J4U,U095QQV4BPC,U07C3A1BM5W,U098CAQM02K,U02T4BAPFUH,U0AHYN85WCB,U05T1HTT013,U0AT5TNUDB7,U0AD7MZ67L1,U0B3E2HFGTY,U0B8VNQ18SE,U0AG75CCMC0,U03NE0Y42BS,U0A9STKDEDD,U09A0MN0DN2,U0BC47BBGE5,U093UPC41ML,U09KSSG5N6B,U0A83PLD13Q,U0B62QNB89F 
[08/04/26, 21:49:37:142] info: [API-Q] (T034MTGTM) 8f0ebd62-1785860376.570 dnd.teamInfo is RESOLVED 
[08/04/26, 21:49:37:142] info: [DND] (T034MTGTM) Fetched DND info for the following members: U0AD5PUGHG8,UB8HLLBPA,U0BF4P80UV9,U0BJH73TJ04,U0ADU1CCKSS,U0B1JTR2ZEH,U0B9WU09UE7,U07F40C5UUU,U0BHWQSJ6KY,U09AENA8LAK,U020W1Q5VE2,U0ALUM61X6X,U0AFQ8WJH60,U0BKKA4Q0EB,U09RDAETB18,U0AKGA295EZ,U0BJD0FUYGM 
[08/04/26, 21:49:37:143] info: [DND_V2] (T034MTGTM) Will check for changes in DND status again in 5 minutes 
[08/04/26, 21:49:39:748] info: [NAVIGATE-IN-MAIN-WIND] Starting a new navigation event {"id":"rimeto_profile","viewType":"Profile","viewParams":{"memberId":"U0B651LA6D6"},"options":{}} 
[08/04/26, 21:49:39:749] info: [APPLY-DETAIL-VIEW] ViewSet with detail view applied {"viewSet":{"primary":{"id":"UnifiedDirectory","viewType":"UnifiedDirectory","params":{"tabId":"people"},"uiState":{"preventMoveFocus":true}},"secondary":{"id":"rimeto_profile","viewType":"Profile","params":{"memberId":"U0B651LA6D6"}}}} 
[08/04/26, 21:49:39:749] info: [NAVIGATE-IN-MAIN-WIND] Applying changes to the secondary container {"viewSet":{"sidebar":{"id":"ChannelList","viewType":"ChannelList","uiState":{"ghostLastRead":"1785839234.501979"}},"primary":{"id":"UnifiedDirectory","viewType":"UnifiedDirectory","params":{"tabId":"people"},"uiState":{"preventMoveFocus":true}},"secondary":{"id":"rimeto_profile","viewType":"Profile","params":{"memberId":"U0B651LA6D6"}}},"nextTab":"home"} 
[08/04/26, 21:49:39:749] info: [NAVIGATION-MIDDLEWARE] Starting a new navigation middleware execution {"context":"navigation","nextViewSet":{"sidebar":{"id":"ChannelList","viewType":"ChannelList","uiState":{"ghostLastRead":"1785839234.501979"}},"primary":{"id":"UnifiedDirectory","viewType":"UnifiedDirectory","params":{"tabId":"people"},"uiState":{"preventMoveFocus":true}},"secondary":{"id":"rimeto_profile","viewType":"Profile","params":{"memberId":"U0B651LA6D6"}}},"middlewareCount":25,"nextTab":"home"} 
[08/04/26, 21:49:39:749] info: [NAVIGATION-MIDDLEWARE] Async action execution is complete for a view {"nextView":{"id":"ChannelList","viewType":"ChannelList","uiState":{"ghostLastRead":"1785839234.501979"}},"results":[["UserIdToDMIdMiddleware",false],["AttemptToStopEditingInChannel",false],["AttemptToStopEditingSalesforceForm",false],["AttemptToStopComposingTodo",false],["PreventVideoRecorderModalClose",false],["OpenConversationWithIds",false],["EnsureChannel",false],["EnsureAppViewType",false],["RedirectFileChannel",false],["RedirectChannelCanvasToCanvas",false],["RedirectLegacyFileBrowsersToUnified",false],["RedirectFileChannel",false],["SyncSearchTab",false],["RedirectHuddleRecordChannel",false],["EnsureCannedCanvasTemplates",false],["EnsureChannelHasParentTabMiddleware",false],["EnsureMessagesTabHasTabIdMiddleware",false],["TriggerMegaphoneGalleryFlow",false],["MaybeCloseSecondaryViewAfterSplit",false],["CanvasSetScrollParam",false],["RedirectSlackbotHistory",false],["RedirectSlackbotBadge",false],["EnsureActivityInboxMiddleware",false],["EnsureSearchPrimaryPrototypeMiddleware",false],["EnsureActivitySidebarPrototypeMiddleware",false]],"shouldTerminateNavigation":false,"executionTime":0.19999999972060323,"nextTab":"home"} 
[08/04/26, 21:49:39:749] info: [NAVIGATION-MIDDLEWARE] Finish middleware execution for sidebar container {"maybeTransformedViewSet":{"sidebar":{"id":"ChannelList","viewType":"ChannelList","uiState":{"ghostLastRead":"1785839234.501979"}},"primary":{"id":"UnifiedDirectory","viewType":"UnifiedDirectory","params":{"tabId":"people"},"uiState":{"preventMoveFocus":true}},"secondary":{"id":"rimeto_profile","viewType":"Profile","params":{"memberId":"U0B651LA6D6"}}},"terminateNavigation":false,"isViewTransformed":false,"iterationCount":0,"executionTime":0.2999999998137355} 
[08/04/26, 21:49:39:749] info: [NAVIGATION-MIDDLEWARE] Async action execution is complete for a view {"nextView":{"id":"UnifiedDirectory","viewType":"UnifiedDirectory","params":{"tabId":"people"},"uiState":{"preventMoveFocus":true}},"results":[["UserIdToDMIdMiddleware",false],["AttemptToStopEditingInChannel",false],["AttemptToStopEditingSalesforceForm",false],["AttemptToStopComposingTodo",false],["PreventVideoRecorderModalClose",false],["OpenConversationWithIds",false],["EnsureChannel",false],["EnsureAppViewType",false],["RedirectFileChannel",false],["RedirectChannelCanvasToCanvas",false],["RedirectLegacyFileBrowsersToUnified",false],["RedirectFileChannel",false],["SyncSearchTab",false],["RedirectHuddleRecordChannel",false],["EnsureCannedCanvasTemplates",false],["EnsureChannelHasParentTabMiddleware",false],["EnsureMessagesTabHasTabIdMiddleware",false],["TriggerMegaphoneGalleryFlow",false],["MaybeCloseSecondaryViewAfterSplit",false],["CanvasSetScrollParam",false],["RedirectSlackbotHistory",false],["RedirectSlackbotBadge",false],["EnsureActivityInboxMiddleware",false],["EnsureSearchPrimaryPrototypeMiddleware",false],["EnsureActivitySidebarPrototypeMiddleware",false]],"shouldTerminateNavigation":false,"executionTime":0,"nextTab":"home"} 
[08/04/26, 21:49:39:749] info: [NAVIGATION-MIDDLEWARE] Finish middleware execution for primary container {"maybeTransformedViewSet":{"sidebar":{"id":"ChannelList","viewType":"ChannelList","uiState":{"ghostLastRead":"1785839234.501979"}},"primary":{"id":"UnifiedDirectory","viewType":"UnifiedDirectory","params":{"tabId":"people"},"uiState":{"preventMoveFocus":true}},"secondary":{"id":"rimeto_profile","viewType":"Profile","params":{"memberId":"U0B651LA6D6"}}},"terminateNavigation":false,"isViewTransformed":false,"iterationCount":0,"executionTime":0.10000000009313226} 
[08/04/26, 21:49:39:749] info: [NAVIGATION-MIDDLEWARE] Async action execution is complete for a view {"nextView":{"id":"rimeto_profile","viewType":"Profile","params":{"memberId":"U0B651LA6D6"}},"results":[["UserIdToDMIdMiddleware",false],["AttemptToStopEditingInChannel",false],["AttemptToStopEditingSalesforceForm",false],["AttemptToStopComposingTodo",false],["PreventVideoRecorderModalClose",false],["OpenConversationWithIds",false],["EnsureChannel",false],["EnsureAppViewType",false],["RedirectFileChannel",false],["RedirectChannelCanvasToCanvas",false],["RedirectLegacyFileBrowsersToUnified",false],["RedirectFileChannel",false],["SyncSearchTab",false],["RedirectHuddleRecordChannel",false],["EnsureCannedCanvasTemplates",false],["EnsureChannelHasParentTabMiddleware",false],["EnsureMessagesTabHasTabIdMiddleware",false],["TriggerMegaphoneGalleryFlow",false],["MaybeCloseSecondaryViewAfterSplit",false],["CanvasSetScrollParam",false],["RedirectSlackbotHistory",false],["RedirectSlackbotBadge",false],["EnsureActivityInboxMiddleware",false],["EnsureSearchPrimaryPrototypeMiddleware",false],["EnsureActivitySidebarPrototypeMiddleware",false]],"shouldTerminateNavigation":false,"executionTime":0,"nextTab":"home"} 
[08/04/26, 21:49:39:750] info: [NAVIGATION-MIDDLEWARE] Finish middleware execution for secondary container {"maybeTransformedViewSet":{"sidebar":{"id":"ChannelList","viewType":"ChannelList","uiState":{"ghostLastRead":"1785839234.501979"}},"primary":{"id":"UnifiedDirectory","viewType":"UnifiedDirectory","params":{"tabId":"people"},"uiState":{"preventMoveFocus":true}},"secondary":{"id":"rimeto_profile","viewType":"Profile","params":{"memberId":"U0B651LA6D6"}}},"terminateNavigation":false,"isViewTransformed":false,"iterationCount":0,"executionTime":0.09999999962747097} 
[08/04/26, 21:49:39:750] info: [NAVIGATION-MIDDLEWARE] Navigation middleware execution is complete {"maybeUpdatedViewSet":{"sidebar":{"id":"ChannelList","viewType":"ChannelList","uiState":{"ghostLastRead":"1785839234.501979"}},"primary":{"id":"UnifiedDirectory","viewType":"UnifiedDirectory","params":{"tabId":"people"},"uiState":{"preventMoveFocus":true}},"secondary":{"id":"rimeto_profile","viewType":"Profile","params":{"memberId":"U0B651LA6D6"}}},"terminateNavigation":false,"executionTime":0.599999999627471,"nextTab":"home"} 
[08/04/26, 21:49:39:750] info: [NAVIGATE-IN-MAIN-WIND] Built view set after middleware {"viewSet":{"sidebar":{"id":"ChannelList","viewType":"ChannelList","uiState":{"ghostLastRead":"1785839234.501979"}},"primary":{"id":"UnifiedDirectory","viewType":"UnifiedDirectory","params":{"tabId":"people"},"uiState":{"preventMoveFocus":true}},"secondary":{"id":"rimeto_profile","viewType":"Profile","params":{"memberId":"U0B651LA6D6"}}},"nextTab":"home"} 
[08/04/26, 21:49:39:754] info: [NAVIGATE-LISTENERS] (T034MTGTM) Starting navigation listeners for triggerType NAVIGATION 
[08/04/26, 21:49:39:755] info: [NAVIGATE-LISTENERS] (T034MTGTM) Navigation listeners complete without errors 
[08/04/26, 21:49:39:755] info: [NAVIGATE-IN-MAIN-WIND]  Navigation thunk execution complete {"id":"rimeto_profile","viewType":"Profile","viewParams":{"memberId":"U0B651LA6D6"},"options":{}} 
[08/04/26, 21:49:39:755] info: Breadcrumb: ui.click: div.p-browse_page_member_card_entity__avatar--hover_overlay  
[08/04/26, 21:49:39:812] info: [WD] All assets have reported back; s: 20; f: 0 
[08/04/26, 21:49:40:076] info: [API-Q] (T034MTGTM) 8f0ebd62-1785860380.075 users.profile.get called with reason: with-call-menu 
[08/04/26, 21:49:40:076] info: [API-Q] (T034MTGTM) 8f0ebd62-1785860380.075 users.profile.get is ENQUEUED 
[08/04/26, 21:49:40:076] info: [API-Q] (T034MTGTM) 8f0ebd62-1785860380.076 users.profile.getSections called with reason: profiles 
[08/04/26, 21:49:40:076] info: [API-Q] (T034MTGTM) 8f0ebd62-1785860380.076 users.profile.getSections is ENQUEUED 
[08/04/26, 21:49:40:076] info: [API-Q] (T034MTGTM) 8f0ebd62-1785860380.076 users.profile.get called with reason: MemberProfileFlexpane 
[08/04/26, 21:49:40:077] info: [API-Q] (T034MTGTM) 8f0ebd62-1785860380.076 users.profile.get is ENQUEUED 
[08/04/26, 21:49:40:077] info: [API-Q] (T034MTGTM) 8f0ebd62-1785860380.076 team.profile.get called with reason: MemberProfileFlexpane 
[08/04/26, 21:49:40:077] info: [API-Q] (T034MTGTM) 8f0ebd62-1785860380.076 team.profile.get is ENQUEUED 
[08/04/26, 21:49:40:083] info: [API-Q] (T034MTGTM) 8f0ebd62-1785860380.075 users.profile.get is ACTIVE 
[08/04/26, 21:49:40:083] info: [API-Q] (T034MTGTM) 8f0ebd62-1785860380.076 users.profile.getSections is ACTIVE 
[08/04/26, 21:49:40:084] info: [API-Q] (T034MTGTM) 8f0ebd62-1785860380.076 users.profile.get is ACTIVE 
[08/04/26, 21:49:40:084] info: [API-Q] (T034MTGTM) 8f0ebd62-1785860380.076 team.profile.get is ACTIVE 
[08/04/26, 21:49:40:490] info: [API-Q] (T034MTGTM) 8f0ebd62-1785860380.076 team.profile.get is RESOLVED 
[08/04/26, 21:49:40:491] info: [API-Q] (T034MTGTM) 8f0ebd62-1785860380.076 users.profile.get is RESOLVED 
[08/04/26, 21:49:40:498] info: [API-Q] (T034MTGTM) 8f0ebd62-1785860380.075 users.profile.get is RESOLVED 
[08/04/26, 21:49:40:499] info: [API-Q] (T034MTGTM) 8f0ebd62-1785860380.076 users.profile.getSections is RESOLVED 
[08/04/26, 21:49:40:518] info: [API-Q] (T034MTGTM) 8f0ebd62-1785860380.518 users.profile.getExtras called with reason: useProfileExtras 
[08/04/26, 21:49:40:518] info: [API-Q] (T034MTGTM) 8f0ebd62-1785860380.518 users.profile.getExtras is ENQUEUED 
[08/04/26, 21:49:40:521] info: [API-Q] (T034MTGTM) 8f0ebd62-1785860380.518 users.profile.getExtras is ACTIVE 
[08/04/26, 21:49:40:808] info: [API-Q] (T034MTGTM) 8f0ebd62-1785860380.518 users.profile.getExtras is RESOLVED 
[08/04/26, 21:49:41:240] info: Breadcrumb: ui.click: img.p-r_member_profile__avatar__img[REDACTED]  
[08/04/26, 21:49:42:838] info: Breadcrumb: ui.click: div.p-flexpane_header__primary  
[08/04/26, 21:49:43:477] info: [FLEXPANE_HEADER] (T034MTGTM) Attempting to close 
[08/04/26, 21:49:43:477] info: [REMOVE-VIEW] Removing view in main window {"container":"secondary"} 
[08/04/26, 21:49:43:478] info: [NAVIGATION-MIDDLEWARE] Starting a new navigation middleware execution {"context":"remove-view","nextViewSet":{"sidebar":{"id":"ChannelList","viewType":"ChannelList"},"primary":{"id":"UnifiedDirectory","viewType":"UnifiedDirectory","params":{"tabId":"people"}}},"middlewareCount":2,"nextTab":"home"} 
[08/04/26, 21:49:43:478] info: [NAVIGATION-MIDDLEWARE] Async action execution is complete for a view {"nextView":{"id":"ChannelList","viewType":"ChannelList"},"results":[["AttemptToStopEditingSalesforceForm",false],["AttemptToStopComposingTodo",false]],"shouldTerminateNavigation":false,"executionTime":0,"nextTab":"home"} 
[08/04/26, 21:49:43:478] info: [NAVIGATION-MIDDLEWARE] Finish middleware execution for sidebar container {"maybeTransformedViewSet":{"sidebar":{"id":"ChannelList","viewType":"ChannelList"},"primary":{"id":"UnifiedDirectory","viewType":"UnifiedDirectory","params":{"tabId":"people"}}},"terminateNavigation":false,"isViewTransformed":false,"iterationCount":0,"executionTime":0.10000000009313226} 
[08/04/26, 21:49:43:478] info: [NAVIGATION-MIDDLEWARE] Async action execution is complete for a view {"nextView":{"id":"UnifiedDirectory","viewType":"UnifiedDirectory","params":{"tabId":"people"}},"results":[["AttemptToStopEditingSalesforceForm",false],["AttemptToStopComposingTodo",false]],"shouldTerminateNavigation":false,"executionTime":0,"nextTab":"home"} 
[08/04/26, 21:49:43:478] info: [NAVIGATION-MIDDLEWARE] Finish middleware execution for primary container {"maybeTransformedViewSet":{"sidebar":{"id":"ChannelList","viewType":"ChannelList"},"primary":{"id":"UnifiedDirectory","viewType":"UnifiedDirectory","params":{"tabId":"people"}}},"terminateNavigation":false,"isViewTransformed":false,"iterationCount":0,"executionTime":0.09999999962747097} 
[08/04/26, 21:49:43:478] info: [NAVIGATION-MIDDLEWARE] Async action execution is complete for a view {"results":[["AttemptToStopEditingSalesforceForm",false],["AttemptToStopComposingTodo",false]],"shouldTerminateNavigation":false,"executionTime":0,"nextTab":"home"} 
[08/04/26, 21:49:43:478] info: [NAVIGATION-MIDDLEWARE] Finish middleware execution for secondary container {"maybeTransformedViewSet":{"sidebar":{"id":"ChannelList","viewType":"ChannelList"},"primary":{"id":"UnifiedDirectory","viewType":"UnifiedDirectory","params":{"tabId":"people"}}},"terminateNavigation":false,"isViewTransformed":false,"iterationCount":0,"executionTime":0} 
[08/04/26, 21:49:43:478] info: [NAVIGATION-MIDDLEWARE] Navigation middleware execution is complete {"maybeUpdatedViewSet":{"sidebar":{"id":"ChannelList","viewType":"ChannelList"},"primary":{"id":"UnifiedDirectory","viewType":"UnifiedDirectory","params":{"tabId":"people"}}},"terminateNavigation":false,"executionTime":0.19999999972060323,"nextTab":"home"} 
[08/04/26, 21:49:43:482] info: [NAVIGATE-LISTENERS] (T034MTGTM) Starting navigation listeners for triggerType NAVIGATION 
[08/04/26, 21:49:43:482] info: [NAVIGATE-LISTENERS] (T034MTGTM) Navigation listeners complete without errors 
[08/04/26, 21:49:43:483] info: Breadcrumb: ui.click: button.c-button-unstyled.c-icon_button.c-icon_button--size_smedium.p-flexpane_header__control.viewHeaderActionButton__d6GTR.c-icon_button--dark[REDACTED][type="button"]  
[08/04/26, 21:49:45:723] info: Breadcrumb: ui.input: input#search-filters-location-filter.c-input_text.c-input_text--with_icon.c-select_input[type="text"][REDACTED]  
[08/04/26, 21:49:47:356] info: Breadcrumb: ui.input: input#search-filters-location-filter.c-input_text.c-input_text--with_icon.c-select_input[type="text"][REDACTED]  
[08/04/26, 21:49:48:097] info: [API-Q] (T034MTGTM) 8f0ebd62-1785860388.096 search.modules.people called with reason: fetch-current-browser 
[08/04/26, 21:49:48:097] info: [API-Q] (T034MTGTM) 8f0ebd62-1785860388.096 search.modules.people is ENQUEUED 
[08/04/26, 21:49:48:100] info: [API-Q] (T034MTGTM) 8f0ebd62-1785860388.096 search.modules.people is ACTIVE 
[08/04/26, 21:49:48:690] info: [API-Q] (T034MTGTM) 8f0ebd62-1785860388.096 search.modules.people is RESOLVED 
[08/04/26, 21:49:59:046] info: [API-Q] (T034MTGTM) 8f0ebd62-1785860399.046 search.modules.people called with reason: fetch-current-browser 
[08/04/26, 21:49:59:047] info: [API-Q] (T034MTGTM) 8f0ebd62-1785860399.046 search.modules.people is ENQUEUED 
[08/04/26, 21:49:59:048] info: [IMPROVED_SEARCH] (T034MTGTM) Ending search session 
[08/04/26, 21:49:59:053] info: [API-Q] (T034MTGTM) 8f0ebd62-1785860399.053 im.list called with reason: people-empty-state 
[08/04/26, 21:49:59:053] info: [API-Q] (T034MTGTM) 8f0ebd62-1785860399.053 im.list is ENQUEUED 
[08/04/26, 21:49:59:053] info: [API-Q] (T034MTGTM) 8f0ebd62-1785860399.046 search.modules.people is ACTIVE 
[08/04/26, 21:49:59:053] info: [API-Q] (T034MTGTM) 8f0ebd62-1785860399.053 im.list is ACTIVE 
[08/04/26, 21:49:59:060] info: [API-Q] (T034MTGTM) Deduped request for method: im.list 
[08/04/26, 21:49:59:063] warn: Couldn't complete metrics measurement for start mark 'universal_search_autocomplete_request' 
[08/04/26, 21:49:59:063] info: [API-Q] (T034MTGTM) noversion-1785860399.063 Flannel channels/info called with reason: flannel-call:channels/info 
[08/04/26, 21:49:59:063] info: [API-Q] (T034MTGTM) noversion-1785860399.063 Flannel channels/info is ENQUEUED 
[08/04/26, 21:49:59:063] info: [API-Q] (T034MTGTM) noversion-1785860399.063 Flannel channels/info is ACTIVE 
[08/04/26, 21:49:59:095] info: [API-Q] (T034MTGTM) noversion-1785860399.063 Flannel channels/info is RESOLVED 
[08/04/26, 21:49:59:096] info: [API-Q] (T034MTGTM) 8f0ebd62-1785860399.095 conversations.genericInfo called with reason: fallback:fetchAndUpsertChannelsById 
[08/04/26, 21:49:59:096] info: [API-Q] (T034MTGTM) 8f0ebd62-1785860399.095 conversations.genericInfo is ENQUEUED 
[08/04/26, 21:49:59:096] info: [API-Q] (T034MTGTM) 8f0ebd62-1785860399.095 conversations.genericInfo is ACTIVE 
[08/04/26, 21:49:59:527] info: [API-Q] (T034MTGTM) 8f0ebd62-1785860399.095 conversations.genericInfo is RESOLVED 
[08/04/26, 21:49:59:529] info: [API-Q] (T034MTGTM) 8f0ebd62-1785860399.053 im.list is RESOLVED 
[08/04/26, 21:49:59:537] info: [API-Q] (T034MTGTM) 8f0ebd62-1785860399.046 search.modules.people is RESOLVED 
[08/04/26, 21:49:59:569] info: [DND_V2] (T034MTGTM) fetchAndUpsertDndForUsers - Preparing to fetch DND times for the following members: U05T6UT0WTE,U01TY6VMGE4,U0BKXCKDE8M,U0B3T7JRPPB,U0B7ALYKSTY,U0A8GDRN60H,U05CFHVHJLT,U0A6N4PE6JZ,U097LM2EXC0,U0BAD39BJ1K,U0AS4NB13UH,U0AESK2HKFH,U075TR9DA7R,U0A6SMXT20G,U0BLFT6B5PY,U0ACDDQEZD3,U0B11SGN7CP,U05LWK40W0Z,U0B0ZBW82EQ,U0BJLLE07MW,U087X6RVAKH,U05R2PWEWUQ,U0916DC0XHD,U0B52Q53679,U0AP93YSJU8,U09DV6H1916 
[08/04/26, 21:49:59:569] info: [API-Q] (T034MTGTM) 8f0ebd62-1785860399.569 dnd.teamInfo called with reason: fetchAndUpsertDndForUsers-getDndTimesFor:others 
[08/04/26, 21:49:59:569] info: [API-Q] (T034MTGTM) 8f0ebd62-1785860399.569 dnd.teamInfo is ENQUEUED 
[08/04/26, 21:49:59:570] info: [API-Q] (T034MTGTM) 8f0ebd62-1785860399.569 dnd.teamInfo is ACTIVE 
[08/04/26, 21:49:59:570] info: [UFM-MEMBERS] (T034MTGTM) requesting U0B6D09LAJE,U0BEZKMQ00Z,U0A88QCK37W,U08U3QQAL92,U094ZQMNKPT,U076VMTLFAB,U07NXRJ1CPK,U0B2X7BJCQ2,U07053LC9NC,U0BET25NXQC,U03KKJVDNA3,U0A8J8KVB16,U0BG5AXL7K2,U08NK3ZPZ97,U09HNLDJZ6W,U0AL9CW9SHW,U0BET222K44,U0B88HK6VLH,U08F1ESUS87 (1) 
[08/04/26, 21:49:59:570] info: [API-Q] (T034MTGTM) noversion-1785860399.570 Flannel users/info called with reason: flannel-call:users/info 
[08/04/26, 21:49:59:570] info: [API-Q] (T034MTGTM) noversion-1785860399.570 Flannel users/info is ENQUEUED 
[08/04/26, 21:49:59:570] info: [API-Q] (T034MTGTM) noversion-1785860399.570 Flannel users/info is ACTIVE 
[08/04/26, 21:49:59:616] info: [API-Q] (T034MTGTM) noversion-1785860399.570 Flannel users/info is RESOLVED 
[08/04/26, 21:49:59:616] info: [UFM-MEMBERS] (T034MTGTM) received U0B6D09LAJE,U0BEZKMQ00Z,U0A88QCK37W,U08U3QQAL92,U094ZQMNKPT,U076VMTLFAB,U07NXRJ1CPK,U0B2X7BJCQ2,U07053LC9NC,U0BET25NXQC,U03KKJVDNA3,U0A8J8KVB16,U0BG5AXL7K2,U08NK3ZPZ97,U09HNLDJZ6W,U0AL9CW9SHW,U0BET222K44,U0B88HK6VLH,U08F1ESUS87 (1) 
[08/04/26, 21:49:59:654] info: [API-Q] (T034MTGTM) noversion-1785860399.653 Flannel users/info called with reason: flannel-call:users/info 
[08/04/26, 21:49:59:654] info: [API-Q] (T034MTGTM) noversion-1785860399.653 Flannel users/info is ENQUEUED 
[08/04/26, 21:49:59:654] info: [API-Q] (T034MTGTM) noversion-1785860399.653 Flannel users/info is ACTIVE 
[08/04/26, 21:49:59:680] info: [API-Q] (T034MTGTM) noversion-1785860399.653 Flannel users/info is RESOLVED 
[08/04/26, 21:49:59:967] info: [API-Q] (T034MTGTM) 8f0ebd62-1785860399.569 dnd.teamInfo is RESOLVED 
[08/04/26, 21:49:59:967] info: [DND] (T034MTGTM) Fetched DND info for the following members: U05T6UT0WTE,U01TY6VMGE4,U0BKXCKDE8M,U0B3T7JRPPB,U0B7ALYKSTY,U0A8GDRN60H,U05CFHVHJLT,U0A6N4PE6JZ,U097LM2EXC0,U0BAD39BJ1K,U0AS4NB13UH,U0AESK2HKFH,U075TR9DA7R,U0A6SMXT20G,U0BLFT6B5PY,U0ACDDQEZD3,U0B11SGN7CP,U05LWK40W0Z,U0B0ZBW82EQ,U0BJLLE07MW,U087X6RVAKH,U05R2PWEWUQ,U0916DC0XHD,U0B52Q53679,U0AP93YSJU8,U09DV6H1916 
[08/04/26, 21:49:59:969] info: [DND_V2] (T034MTGTM) Will check for changes in DND status again in 5 minutes 
[08/04/26, 21:49:59:975] info: [DND_V2] (T034MTGTM) fetchAndUpsertDndForUsers - Preparing to fetch DND times for the following members: U0B6D09LAJE,U0A88QCK37W,U08U3QQAL92,U094ZQMNKPT,U076VMTLFAB,U07NXRJ1CPK,U0B2X7BJCQ2,U07053LC9NC,U0BET25NXQC,U03KKJVDNA3,U0A8J8KVB16,U0BG5AXL7K2,U08NK3ZPZ97,U09HNLDJZ6W,U0AL9CW9SHW,U0BET222K44,U08F1ESUS87 
[08/04/26, 21:49:59:975] info: [API-Q] (T034MTGTM) 8f0ebd62-1785860399.975 dnd.teamInfo called with reason: fetchAndUpsertDndForUsers-getDndTimesFor:others 
[08/04/26, 21:49:59:975] info: [API-Q] (T034MTGTM) 8f0ebd62-1785860399.975 dnd.teamInfo is ENQUEUED 
[08/04/26, 21:49:59:975] info: [API-Q] (T034MTGTM) 8f0ebd62-1785860399.975 dnd.teamInfo is ACTIVE 
[08/04/26, 21:50:00:299] info: Breadcrumb: ui.click: span.p-search_filter__filters_link_icon > svg  
[08/04/26, 21:50:00:330] info: [API-Q] (T034MTGTM) 8f0ebd62-1785860400.330 users.slackConnect.orgList called with reason: browsers-shared-teams-query 
[08/04/26, 21:50:00:330] info: [API-Q] (T034MTGTM) 8f0ebd62-1785860400.330 users.slackConnect.orgList is ENQUEUED 
[08/04/26, 21:50:00:332] info: [API-Q] (T034MTGTM) 8f0ebd62-1785860400.330 users.slackConnect.orgList is ACTIVE 
[08/04/26, 21:50:00:355] info: [API-Q] (T034MTGTM) 8f0ebd62-1785860399.975 dnd.teamInfo is RESOLVED 
[08/04/26, 21:50:00:355] info: [DND] (T034MTGTM) Fetched DND info for the following members: U0B6D09LAJE,U0A88QCK37W,U08U3QQAL92,U094ZQMNKPT,U076VMTLFAB,U07NXRJ1CPK,U0B2X7BJCQ2,U07053LC9NC,U0BET25NXQC,U03KKJVDNA3,U0A8J8KVB16,U0BG5AXL7K2,U08NK3ZPZ97,U09HNLDJZ6W,U0AL9CW9SHW,U0BET222K44,U08F1ESUS87 
[08/04/26, 21:50:00:356] info: [DND_V2] (T034MTGTM) Will check for changes in DND status again in 5 minutes 
[08/04/26, 21:50:00:650] info: [API-Q] (T034MTGTM) 8f0ebd62-1785860400.330 users.slackConnect.orgList is RESOLVED 
[08/04/26, 21:50:04:294] info: Breadcrumb: ui.input: input#search-filters-location-filter.c-input_text.c-input_text--with_icon.c-select_input[type="text"][REDACTED]  
[08/04/26, 21:50:05:731] info: Breadcrumb: ui.input: input#search-filters-location-filter.c-input_text.c-input_text--with_icon.c-select_input[type="text"][REDACTED]  
[08/04/26, 21:50:06:887] info: Breadcrumb: ui.input: input#search-filters-location-filter.c-input_text.c-input_text--with_icon.c-select_input[type="text"][REDACTED]  
[08/04/26, 21:50:13:155] info: Breadcrumb: ui.click: svg  
[08/04/26, 21:50:24:191] info: [API-Q] (T034MTGTM) 8f0ebd62-1785860424.191 search.modules.people called with reason: fetch-current-browser 
[08/04/26, 21:50:24:192] info: [API-Q] (T034MTGTM) 8f0ebd62-1785860424.191 search.modules.people is ENQUEUED 
[08/04/26, 21:50:24:195] info: [API-Q] (T034MTGTM) 8f0ebd62-1785860424.191 search.modules.people is ACTIVE 
[08/04/26, 21:50:24:195] info: Breadcrumb: ui.click: div.p-search_filter__list_item.p-search_filter__list_item--checkbox  
[08/04/26, 21:50:24:670] info: [API-Q] (T034MTGTM) 8f0ebd62-1785860424.191 search.modules.people is RESOLVED 
[08/04/26, 21:50:24:692] info: [UFM-MEMBERS] (T034MTGTM) requesting U09B5ARDZEW,U0935A3R938,U0AQYM09B8C,U0B5N57PQRM,U0A756K52MC,U0826PLDTNV,U0BDQQJMBGW,U0B8TLP0W22,U0ASEULE1L2,U07VAH5JULC,U0B36KMRCF4,U0AV47KDL2D,U03QTRQT41E,U0BF1DT1R5J,U0AG3LLUTJN,U09CMFX47AT,U0A5BG0BRKM,U0AS8GC17H9,U0AM9VA632Q,U093RB4SMDK,U0B3388LLLV,U0BFZDJCD28,U0BHATKE8P6,U0B5XG34N5V,U06E6N14CPR,U0B9LTMAZKM,U0744L27Z5Z,U0AHG124D9B,U0BBLT4C66B,U0B75V1B0ET,U09FU6N3658,U099TU8AER4,U06AXT450US,U0B6S1MQWJU,U0ASL41DLE4,U09CGHHJC7R,U09B475JNEL,U07HFBDF9BL,U0B8RSCPL6L,U0ATN50LEF6,U09SQCP1LDS,U0AUUTU5HQC,U0BGQ1XACEL,U0B4R6VCQN5,U0B4J6SCZHA,U0AJ1MG06P7,U0ADKLF6JS3,U01HM6SJKG8,U01M9376KL5 (1) 
[08/04/26, 21:50:24:692] info: [API-Q] (T034MTGTM) noversion-1785860424.692 Flannel users/info called with reason: flannel-call:users/info 
[08/04/26, 21:50:24:693] info: [API-Q] (T034MTGTM) noversion-1785860424.692 Flannel users/info is ENQUEUED 
[08/04/26, 21:50:24:693] info: [API-Q] (T034MTGTM) noversion-1785860424.692 Flannel users/info is ACTIVE 
[08/04/26, 21:50:24:747] info: [API-Q] (T034MTGTM) noversion-1785860424.692 Flannel users/info is RESOLVED 
[08/04/26, 21:50:24:747] info: [UFM-MEMBERS] (T034MTGTM) received U09B5ARDZEW,U0935A3R938,U0AQYM09B8C,U0B5N57PQRM,U0A756K52MC,U0826PLDTNV,U0BDQQJMBGW,U0B8TLP0W22,U0ASEULE1L2,U07VAH5JULC,U0B36KMRCF4,U0AV47KDL2D,U03QTRQT41E,U0BF1DT1R5J,U0AG3LLUTJN,U09CMFX47AT,U0A5BG0BRKM,U0AS8GC17H9,U0AM9VA632Q,U093RB4SMDK,U0B3388LLLV,U0BFZDJCD28,U0BHATKE8P6,U0B5XG34N5V,U06E6N14CPR,U0B9LTMAZKM,U0744L27Z5Z,U0AHG124D9B,U0BBLT4C66B,U0B75V1B0ET,U09FU6N3658,U099TU8AER4,U06AXT450US,U0B6S1MQWJU,U0ASL41DLE4,U09CGHHJC7R,U09B475JNEL,U07HFBDF9BL,U0B8RSCPL6L,U0ATN50LEF6,U09SQCP1LDS,U0AUUTU5HQC,U0BGQ1XACEL,U0B4R6VCQN5,U0B4J6SCZHA,U0AJ1MG06P7,U0ADKLF6JS3,U01HM6SJKG8,U01M9376KL5 (1) 
[08/04/26, 21:50:24:753] info: [API-Q] (T034MTGTM) noversion-1785860424.753 Flannel users/info called with reason: flannel-call:users/info 
[08/04/26, 21:50:24:753] info: [API-Q] (T034MTGTM) noversion-1785860424.753 Flannel users/info is ENQUEUED 
[08/04/26, 21:50:24:753] info: [API-Q] (T034MTGTM) noversion-1785860424.753 Flannel users/info is ACTIVE 
[08/04/26, 21:50:24:796] info: [API-Q] (T034MTGTM) noversion-1785860424.753 Flannel users/info is RESOLVED 
[08/04/26, 21:50:24:797] info: [DND_V2] (T034MTGTM) fetchAndUpsertDndForUsers - Preparing to fetch DND times for the following members: U09B5ARDZEW,U0935A3R938,U0AQYM09B8C,U0B5N57PQRM,U0A756K52MC,U0826PLDTNV,U0BDQQJMBGW,U0B8TLP0W22,U0ASEULE1L2,U07VAH5JULC,U0B36KMRCF4,U0AV47KDL2D,U03QTRQT41E,U0BF1DT1R5J,U0AG3LLUTJN,U09CMFX47AT,U0A5BG0BRKM,U0AS8GC17H9,U0AM9VA632Q,U093RB4SMDK,U0B3388LLLV,U0BFZDJCD28,U0BHATKE8P6,U0B5XG34N5V,U06E6N14CPR,U0B9LTMAZKM,U0744L27Z5Z,U0AHG124D9B,U0BBLT4C66B,U0B75V1B0ET,U09FU6N3658,U099TU8AER4,U06AXT450US,U0B6S1MQWJU,U0ASL41DLE4,U09CGHHJC7R,U09B475JNEL,U07HFBDF9BL,U0B8RSCPL6L,U0ATN50LEF6,U09SQCP1LDS,U0AUUTU5HQC,U0BGQ1XACEL,U0B4R6VCQN5,U0B4J6SCZHA,U0AJ1MG06P7,U0ADKLF6JS3,U01HM6SJKG8,U01M9376KL5 
[08/04/26, 21:50:24:797] info: [DND_V2] (T034MTGTM) fetchAndUpsertDndForUsers - batching requests into 2 batches 
[08/04/26, 21:50:24:798] info: [API-Q] (T034MTGTM) 8f0ebd62-1785860424.798 dnd.teamInfo called with reason: fetchAndUpsertDndForUsers-getDndTimesFor:others 
[08/04/26, 21:50:24:798] info: [API-Q] (T034MTGTM) 8f0ebd62-1785860424.798 dnd.teamInfo is ENQUEUED 
[08/04/26, 21:50:24:798] info: [API-Q] (T034MTGTM) 8f0ebd62-1785860424.798 dnd.teamInfo called with reason: fetchAndUpsertDndForUsers-getDndTimesFor:others 
[08/04/26, 21:50:24:798] info: [API-Q] (T034MTGTM) 8f0ebd62-1785860424.798 dnd.teamInfo is ENQUEUED 
[08/04/26, 21:50:24:798] info: [API-Q] (T034MTGTM) 8f0ebd62-1785860424.798 dnd.teamInfo is ACTIVE 
[08/04/26, 21:50:24:798] info: [API-Q] (T034MTGTM) 8f0ebd62-1785860424.798 dnd.teamInfo is ACTIVE 
[08/04/26, 21:50:25:290] info: [API-Q] (T034MTGTM) 8f0ebd62-1785860424.798 dnd.teamInfo is RESOLVED 
[08/04/26, 21:50:25:290] info: [DND] (T034MTGTM) Fetched DND info for the following members: U09FU6N3658,U099TU8AER4,U06AXT450US,U0B6S1MQWJU,U0ASL41DLE4,U09CGHHJC7R,U09B475JNEL,U07HFBDF9BL,U0B8RSCPL6L,U0ATN50LEF6,U09SQCP1LDS,U0AUUTU5HQC,U0BGQ1XACEL,U0B4R6VCQN5,U0B4J6SCZHA,U0AJ1MG06P7,U0ADKLF6JS3,U01HM6SJKG8,U01M9376KL5 
[08/04/26, 21:50:25:294] info: [API-Q] (T034MTGTM) 8f0ebd62-1785860424.798 dnd.teamInfo is RESOLVED 
[08/04/26, 21:50:25:295] info: [DND] (T034MTGTM) Fetched DND info for the following members: U09B5ARDZEW,U0935A3R938,U0AQYM09B8C,U0B5N57PQRM,U0A756K52MC,U0826PLDTNV,U0BDQQJMBGW,U0B8TLP0W22,U0ASEULE1L2,U07VAH5JULC,U0B36KMRCF4,U0AV47KDL2D,U03QTRQT41E,U0BF1DT1R5J,U0AG3LLUTJN,U09CMFX47AT,U0A5BG0BRKM,U0AS8GC17H9,U0AM9VA632Q,U093RB4SMDK,U0B3388LLLV,U0BFZDJCD28,U0BHATKE8P6,U0B5XG34N5V,U06E6N14CPR,U0B9LTMAZKM,U0744L27Z5Z,U0AHG124D9B,U0BBLT4C66B,U0B75V1B0ET 
[08/04/26, 21:50:25:296] info: [DND_V2] (T034MTGTM) Will check for changes in DND status again in 5 minutes 
[08/04/26, 21:50:28:350] info: [API-Q] (T034MTGTM) 8f0ebd62-1785860428.349 search.modules.people called with reason: fetch-current-browser 
[08/04/26, 21:50:28:350] info: [API-Q] (T034MTGTM) 8f0ebd62-1785860428.349 search.modules.people is ENQUEUED 
[08/04/26, 21:50:28:353] info: [API-Q] (T034MTGTM) 8f0ebd62-1785860428.349 search.modules.people is ACTIVE 
[08/04/26, 21:50:28:353] info: Breadcrumb: ui.click: div.p-search_filter__list_item.p-search_filter__list_item--checkbox  
[08/04/26, 21:50:28:490] info: [API-Q] (T034MTGTM) 8f0ebd62-1785860428.490 search.precache called with reason: search-precache-onFocus-omniswitcher 
[08/04/26, 21:50:28:491] info: [API-Q] (T034MTGTM) 8f0ebd62-1785860428.490 search.precache is ENQUEUED 
[08/04/26, 21:50:28:491] info: [API-Q] (T034MTGTM) 8f0ebd62-1785860428.490 search.precache is ACTIVE 
[08/04/26, 21:50:28:881] info: [API-Q] (T034MTGTM) 8f0ebd62-1785860428.490 search.precache is RESOLVED 
[08/04/26, 21:50:28:883] info: [API-Q] (T034MTGTM) 8f0ebd62-1785860428.349 search.modules.people is RESOLVED 
[08/04/26, 21:50:28:908] info: [UFM-MEMBERS] (T034MTGTM) requesting U06NN89EF2A,U084005K6J3,U0B8GMW5C2K,U0A83PENQ9L,U097PKW6NDC,U08M4SG9WKV,U0AB93EQ8Q4,U0ATGKDA12S,U0AS88FAHTM,U0B7ASGR2MC,U09AY81SV7C,U0ATNNB1A07,U0A777H4798,U037GHEHLV7,U088E894GAY,U0A16GXEEUR,U098CB0PJJ3,U0AV12ZE279,U0BF0U1KW1M,U0BET247128,U0B4GASTKS6,U0BE4649N3T (1) 
[08/04/26, 21:50:28:908] info: [API-Q] (T034MTGTM) noversion-1785860428.908 Flannel users/info called with reason: flannel-call:users/info 
[08/04/26, 21:50:28:908] info: [API-Q] (T034MTGTM) noversion-1785860428.908 Flannel users/info is ENQUEUED 
[08/04/26, 21:50:28:909] info: [API-Q] (T034MTGTM) noversion-1785860428.908 Flannel users/info is ACTIVE 
[08/04/26, 21:50:28:950] info: [API-Q] (T034MTGTM) noversion-1785860428.908 Flannel users/info is RESOLVED 
[08/04/26, 21:50:28:950] info: [UFM-MEMBERS] (T034MTGTM) received U06NN89EF2A,U084005K6J3,U0B8GMW5C2K,U0A83PENQ9L,U097PKW6NDC,U08M4SG9WKV,U0AB93EQ8Q4,U0ATGKDA12S,U0AS88FAHTM,U0B7ASGR2MC,U09AY81SV7C,U0ATNNB1A07,U0A777H4798,U037GHEHLV7,U088E894GAY,U0A16GXEEUR,U098CB0PJJ3,U0AV12ZE279,U0BF0U1KW1M,U0BET247128,U0B4GASTKS6,U0BE4649N3T (1) 
[08/04/26, 21:50:28:998] info: [API-Q] (T034MTGTM) noversion-1785860428.998 Flannel users/info called with reason: flannel-call:users/info 
[08/04/26, 21:50:28:998] info: [API-Q] (T034MTGTM) noversion-1785860428.998 Flannel users/info is ENQUEUED 
[08/04/26, 21:50:28:998] info: [API-Q] (T034MTGTM) noversion-1785860428.998 Flannel users/info is ACTIVE 
[08/04/26, 21:50:29:000] info: [DND_V2] (T034MTGTM) fetchAndUpsertDndForUsers - Preparing to fetch DND times for the following members: U06NN89EF2A,U084005K6J3,U0B8GMW5C2K,U0A83PENQ9L,U097PKW6NDC,U08M4SG9WKV,U0AB93EQ8Q4,U0ATGKDA12S,U0AS88FAHTM,U0B7ASGR2MC,U09AY81SV7C,U0ATNNB1A07,U0A777H4798,U037GHEHLV7,U088E894GAY,U0A16GXEEUR,U098CB0PJJ3,U0AV12ZE279,U0BF0U1KW1M,U0BET247128,U0B4GASTKS6,U0BE4649N3T 
[08/04/26, 21:50:29:000] info: [API-Q] (T034MTGTM) 8f0ebd62-1785860429.000 dnd.teamInfo called with reason: fetchAndUpsertDndForUsers-getDndTimesFor:others 
[08/04/26, 21:50:29:000] info: [API-Q] (T034MTGTM) 8f0ebd62-1785860429.000 dnd.teamInfo is ENQUEUED 
[08/04/26, 21:50:29:000] info: [API-Q] (T034MTGTM) 8f0ebd62-1785860429.000 dnd.teamInfo is ACTIVE 
[08/04/26, 21:50:29:017] info: [API-Q] (T034MTGTM) noversion-1785860428.998 Flannel users/info is RESOLVED 
[08/04/26, 21:50:29:476] info: [API-Q] (T034MTGTM) 8f0ebd62-1785860429.000 dnd.teamInfo is RESOLVED 
[08/04/26, 21:50:29:476] info: [DND] (T034MTGTM) Fetched DND info for the following members: U06NN89EF2A,U084005K6J3,U0B8GMW5C2K,U0A83PENQ9L,U097PKW6NDC,U08M4SG9WKV,U0AB93EQ8Q4,U0ATGKDA12S,U0AS88FAHTM,U0B7ASGR2MC,U09AY81SV7C,U0ATNNB1A07,U0A777H4798,U037GHEHLV7,U088E894GAY,U0A16GXEEUR,U098CB0PJJ3,U0AV12ZE279,U0BF0U1KW1M,U0BET247128,U0B4GASTKS6,U0BE4649N3T 
[08/04/26, 21:50:29:477] info: [DND_V2] (T034MTGTM) Will check for changes in DND status again in 5 minutes 
[08/04/26, 21:50:32:184] info: Breadcrumb: ui.input: input#search-filters-location-filter.c-input_text.c-input_text--with_icon.c-select_input[type="text"][REDACTED]  
[08/04/26, 21:50:33:345] info: [API-Q] (T034MTGTM) 8f0ebd62-1785860433.344 search.modules.people called with reason: fetch-current-browser 
[08/04/26, 21:50:33:345] info: [API-Q] (T034MTGTM) 8f0ebd62-1785860433.344 search.modules.people is ENQUEUED 
[08/04/26, 21:50:33:348] info: [API-Q] (T034MTGTM) 8f0ebd62-1785860433.344 search.modules.people is ACTIVE 
[08/04/26, 21:50:33:788] info: [API-Q] (T034MTGTM) 8f0ebd62-1785860433.344 search.modules.people is RESOLVED 
[08/04/26, 21:50:35:217] info: [API-Q] (T034MTGTM) 8f0ebd62-1785860435.217 search.modules.people called with reason: fetch-current-browser 
[08/04/26, 21:50:35:217] info: [API-Q] (T034MTGTM) 8f0ebd62-1785860435.217 search.modules.people is ENQUEUED 
[08/04/26, 21:50:35:220] info: [API-Q] (T034MTGTM) 8f0ebd62-1785860435.217 search.modules.people is ACTIVE 
[08/04/26, 21:50:35:221] info: Breadcrumb: ui.click: div.p-search_filter__list_item.p-search_filter__list_item--selected.p-search_filter__list_item--checkbox  
[08/04/26, 21:50:35:991] info: [API-Q] (T034MTGTM) 8f0ebd62-1785860435.217 search.modules.people is RESOLVED 
[08/04/26, 21:50:38:319] info: Breadcrumb: ui.input: input#search-filters-location-filter.c-input_text.c-input_text--with_icon.c-select_input[type="text"][REDACTED]  
[08/04/26, 21:50:40:882] info: Breadcrumb: ui.input: input#search-filters-location-filter.c-input_text.c-input_text--with_icon.c-select_input[type="text"][REDACTED]  
[08/04/26, 21:50:42:710] info: [API-Q] (T034MTGTM) 8f0ebd62-1785860442.710 search.modules.people called with reason: fetch-current-browser 
[08/04/26, 21:50:42:710] info: [API-Q] (T034MTGTM) 8f0ebd62-1785860442.710 search.modules.people is ENQUEUED 
[08/04/26, 21:50:42:713] info: [API-Q] (T034MTGTM) 8f0ebd62-1785860442.710 search.modules.people is ACTIVE 
[08/04/26, 21:50:43:326] info: [API-Q] (T034MTGTM) 8f0ebd62-1785860442.710 search.modules.people is RESOLVED 
[08/04/26, 21:50:44:493] info: [API-Q] (T034MTGTM) 8f0ebd62-1785860444.493 search.modules.people called with reason: fetch-current-browser 
[08/04/26, 21:50:44:493] info: [API-Q] (T034MTGTM) 8f0ebd62-1785860444.493 search.modules.people is ENQUEUED 
[08/04/26, 21:50:44:496] info: [API-Q] (T034MTGTM) 8f0ebd62-1785860444.493 search.modules.people is ACTIVE 
[08/04/26, 21:50:44:496] info: Breadcrumb: ui.click: div.p-search_filter__list_item_content  
[08/04/26, 21:50:45:036] info: [API-Q] (T034MTGTM) 8f0ebd62-1785860444.493 search.modules.people is RESOLVED 
[08/04/26, 21:50:58:377] info: [API-Q] (T034MTGTM) 8f0ebd62-1785860458.376 search.modules.people called with reason: fetch-current-browser 
[08/04/26, 21:50:58:377] info: [API-Q] (T034MTGTM) 8f0ebd62-1785860458.376 search.modules.people is ENQUEUED 
[08/04/26, 21:50:58:381] info: [API-Q] (T034MTGTM) 8f0ebd62-1785860458.376 search.modules.people is ACTIVE 
[08/04/26, 21:50:58:381] info: Breadcrumb: ui.click: div.p-search_filter__list_item.p-search_filter__list_item--selected.p-search_filter__list_item--checkbox  
[08/04/26, 21:50:59:049] info: [API-Q] (T034MTGTM) 8f0ebd62-1785860458.376 search.modules.people is RESOLVED 
[08/04/26, 21:50:59:074] info: [UFM-MEMBERS] (T034MTGTM) requesting U0BAHUTQNH4,U0940B20DCZ,U05P65ML3A8,U0A5DS2A6NM,U0B35G0K63E,U0BJDLB2DQW,U0B4H4P349G,UR12RHT3L,U0A3MA8JMBM,U087X6RQJ2K,U0B1MSYUBAQ,U0BEM9Z44KY,U0BGAK988GY,U07BBK4A6CV,U08ERHPPVPE,U0B0YS0LHGX,U07GKFA2L1K,U08LD4DP3T7,U0AF7GLDJ2H,U0A3433V6MN,U099UBFSLES,U0BEL19BL93,U0AN3AXN5B7,U0959F95DR6,U0A777LAD50,U0AUBR6EYDD,U0B12RD46RM (1) 
[08/04/26, 21:50:59:074] info: [API-Q] (T034MTGTM) noversion-1785860459.074 Flannel users/info called with reason: flannel-call:users/info 
[08/04/26, 21:50:59:074] info: [API-Q] (T034MTGTM) noversion-1785860459.074 Flannel users/info is ENQUEUED 
[08/04/26, 21:50:59:075] info: [API-Q] (T034MTGTM) noversion-1785860459.074 Flannel users/info is ACTIVE 
[08/04/26, 21:50:59:120] info: [API-Q] (T034MTGTM) noversion-1785860459.074 Flannel users/info is RESOLVED 
[08/04/26, 21:50:59:120] info: [UFM-MEMBERS] (T034MTGTM) received U0BAHUTQNH4,U0940B20DCZ,U05P65ML3A8,U0A5DS2A6NM,U0B35G0K63E,U0BJDLB2DQW,U0B4H4P349G,UR12RHT3L,U0A3MA8JMBM,U087X6RQJ2K,U0B1MSYUBAQ,U0BEM9Z44KY,U0BGAK988GY,U07BBK4A6CV,U08ERHPPVPE,U0B0YS0LHGX,U07GKFA2L1K,U08LD4DP3T7,U0AF7GLDJ2H,U0A3433V6MN,U099UBFSLES,U0BEL19BL93,U0AN3AXN5B7,U0959F95DR6,U0A777LAD50,U0AUBR6EYDD,U0B12RD46RM (1) 
[08/04/26, 21:50:59:148] info: [DND_V2] (T034MTGTM) fetchAndUpsertDndForUsers - Preparing to fetch DND times for the following members: U0BAHUTQNH4,U0940B20DCZ,U05P65ML3A8,U0A5DS2A6NM,U0B35G0K63E,U0BJDLB2DQW,U0B4H4P349G,UR12RHT3L,U0A3MA8JMBM,U087X6RQJ2K,U0B1MSYUBAQ,U0BEM9Z44KY,U0BGAK988GY,U07BBK4A6CV,U08ERHPPVPE,U0B0YS0LHGX,U07GKFA2L1K,U08LD4DP3T7,U0AF7GLDJ2H,U0A3433V6MN,U099UBFSLES,U0BEL19BL93,U0AN3AXN5B7,U0959F95DR6,U0A777LAD50,U0AUBR6EYDD,U0B12RD46RM 
[08/04/26, 21:50:59:148] info: [API-Q] (T034MTGTM) 8f0ebd62-1785860459.148 dnd.teamInfo called with reason: fetchAndUpsertDndForUsers-getDndTimesFor:others 
[08/04/26, 21:50:59:148] info: [API-Q] (T034MTGTM) 8f0ebd62-1785860459.148 dnd.teamInfo is ENQUEUED 
[08/04/26, 21:50:59:148] info: [API-Q] (T034MTGTM) 8f0ebd62-1785860459.148 dnd.teamInfo is ACTIVE 
[08/04/26, 21:50:59:526] info: [API-Q] (T034MTGTM) 8f0ebd62-1785860459.148 dnd.teamInfo is RESOLVED 
[08/04/26, 21:50:59:526] info: [DND] (T034MTGTM) Fetched DND info for the following members: U0BAHUTQNH4,U0940B20DCZ,U05P65ML3A8,U0A5DS2A6NM,U0B35G0K63E,U0BJDLB2DQW,U0B4H4P349G,UR12RHT3L,U0A3MA8JMBM,U087X6RQJ2K,U0B1MSYUBAQ,U0BEM9Z44KY,U0BGAK988GY,U07BBK4A6CV,U08ERHPPVPE,U0B0YS0LHGX,U07GKFA2L1K,U08LD4DP3T7,U0AF7GLDJ2H,U0A3433V6MN,U099UBFSLES,U0BEL19BL93,U0AN3AXN5B7,U0959F95DR6,U0A777LAD50,U0AUBR6EYDD,U0B12RD46RM 
[08/04/26, 21:50:59:527] info: [DND_V2] (T034MTGTM) Will check for changes in DND status again in 5 minutes 
[08/04/26, 21:51:00:159] info: [API-Q] (T034MTGTM) noversion-1785860460.159 Flannel users/info called with reason: flannel-call:users/info 
[08/04/26, 21:51:00:159] info: [API-Q] (T034MTGTM) noversion-1785860460.159 Flannel users/info is ENQUEUED 
[08/04/26, 21:51:00:159] info: [API-Q] (T034MTGTM) noversion-1785860460.159 Flannel users/info is ACTIVE 
[08/04/26, 21:51:00:178] info: [API-Q] (T034MTGTM) noversion-1785860460.159 Flannel users/info is RESOLVED 
[08/04/26, 21:51:01:815] info: [API-Q] (T034MTGTM) 8f0ebd62-1785860461.814 search.modules.people called with reason: fetch-current-browser 
[08/04/26, 21:51:01:815] info: [API-Q] (T034MTGTM) 8f0ebd62-1785860461.814 search.modules.people is ENQUEUED 
[08/04/26, 21:51:01:818] info: [API-Q] (T034MTGTM) 8f0ebd62-1785860461.814 search.modules.people is ACTIVE 
[08/04/26, 21:51:01:818] info: Breadcrumb: ui.click: button.c-button-unstyled.c-pagination__page_btn[REDACTED][type="button"]  
[08/04/26, 21:51:02:542] info: [API-Q] (T034MTGTM) 8f0ebd62-1785860461.814 search.modules.people is RESOLVED 
[08/04/26, 21:51:02:566] info: [UFM-MEMBERS] (T034MTGTM) requesting U0916DK05E3,U06RC8NG613,U0BFHL0M924,U07PM4U972N,U0BER7ZDBLH,U09AL47EKL7,U0AG57ZE856,U09C9LZUDAM,U0A9JDS2W07,U0955MY4725,U0ATX9VB1FV,U08R4A987FV,U08BTMNSL2V,U091SUQPSG4,U0ASFK3BYL9,U07AFJ0L22X,U0BEXKSB9L2,U09L8TNUG3X,U0BE7UV5JRM,U0B7GDW2D5J,U098HQQK5HS,U05KWPX16EA,U0AN7CYLRJ6,U0AJQDX6S4S,U08QL5AGBEC,U0ALLFL329H,U097PKX9UBY,U095QR10Y2W,U0AP5KWKP4N,U0BHSANRG9Y,U0AHS4REJJF,U0B6019F8BU,U09P8J06JRF,U0AG57U22E4,U0BEMA7BLG6,U024JQETG1X,U03SGUCFLF4,U07JVB9FN73,U09BK3L9YRG,U03KTJRBAB0,U08FCHZEYLX,U08DM9LKPRQ,U097XNR6S02,U0ADR484C0N,U088QDGL709,U0A54GAF9LL,U071081DDEH,U08T1T26S2W,U020KE4A94G (1) 
[08/04/26, 21:51:02:566] info: [API-Q] (T034MTGTM) noversion-1785860462.566 Flannel users/info called with reason: flannel-call:users/info 
[08/04/26, 21:51:02:566] info: [API-Q] (T034MTGTM) noversion-1785860462.566 Flannel users/info is ENQUEUED 
[08/04/26, 21:51:02:566] info: [API-Q] (T034MTGTM) noversion-1785860462.566 Flannel users/info is ACTIVE 
[08/04/26, 21:51:02:602] info: [API-Q] (T034MTGTM) noversion-1785860462.566 Flannel users/info is RESOLVED 
[08/04/26, 21:51:02:602] info: [UFM-MEMBERS] (T034MTGTM) received U0916DK05E3,U06RC8NG613,U0BFHL0M924,U07PM4U972N,U0BER7ZDBLH,U09AL47EKL7,U0AG57ZE856,U09C9LZUDAM,U0A9JDS2W07,U0955MY4725,U0ATX9VB1FV,U08R4A987FV,U08BTMNSL2V,U091SUQPSG4,U0ASFK3BYL9,U07AFJ0L22X,U0BEXKSB9L2,U09L8TNUG3X,U0BE7UV5JRM,U0B7GDW2D5J,U098HQQK5HS,U05KWPX16EA,U0AN7CYLRJ6,U0AJQDX6S4S,U08QL5AGBEC,U0ALLFL329H,U097PKX9UBY,U095QR10Y2W,U0AP5KWKP4N,U0BHSANRG9Y,U0AHS4REJJF,U0B6019F8BU,U09P8J06JRF,U0AG57U22E4,U0BEMA7BLG6,U024JQETG1X,U03SGUCFLF4,U07JVB9FN73,U09BK3L9YRG,U03KTJRBAB0,U08FCHZEYLX,U08DM9LKPRQ,U097XNR6S02,U0ADR484C0N,U088QDGL709,U0A54GAF9LL,U071081DDEH,U08T1T26S2W,U020KE4A94G (1) 
[08/04/26, 21:51:02:645] info: [API-Q] (T034MTGTM) noversion-1785860462.645 Flannel users/info called with reason: flannel-call:users/info 
[08/04/26, 21:51:02:645] info: [API-Q] (T034MTGTM) noversion-1785860462.645 Flannel users/info is ENQUEUED 
[08/04/26, 21:51:02:645] info: [API-Q] (T034MTGTM) noversion-1785860462.645 Flannel users/info is ACTIVE 
[08/04/26, 21:51:02:645] info: [DND_V2] (T034MTGTM) fetchAndUpsertDndForUsers - Preparing to fetch DND times for the following members: U0916DK05E3,U06RC8NG613,U0BFHL0M924,U07PM4U972N,U0BER7ZDBLH,U09AL47EKL7,U0AG57ZE856,U09C9LZUDAM,U0A9JDS2W07,U0955MY4725,U0ATX9VB1FV,U08R4A987FV,U08BTMNSL2V,U091SUQPSG4,U0ASFK3BYL9,U07AFJ0L22X,U0BEXKSB9L2,U09L8TNUG3X,U0BE7UV5JRM,U0B7GDW2D5J,U098HQQK5HS,U05KWPX16EA,U0AN7CYLRJ6,U0AJQDX6S4S,U08QL5AGBEC,U0ALLFL329H,U097PKX9UBY,U095QR10Y2W,U0AP5KWKP4N,U0BHSANRG9Y,U0AHS4REJJF,U0B6019F8BU,U09P8J06JRF,U0AG57U22E4,U0BEMA7BLG6,U024JQETG1X,U03SGUCFLF4,U07JVB9FN73,U09BK3L9YRG,U03KTJRBAB0,U08FCHZEYLX,U08DM9LKPRQ,U097XNR6S02,U0ADR484C0N,U088QDGL709,U0A54GAF9LL,U071081DDEH,U08T1T26S2W,U020KE4A94G 
[08/04/26, 21:51:02:645] info: [DND_V2] (T034MTGTM) fetchAndUpsertDndForUsers - batching requests into 2 batches 
[08/04/26, 21:51:02:645] info: [API-Q] (T034MTGTM) 8f0ebd62-1785860462.645 dnd.teamInfo called with reason: fetchAndUpsertDndForUsers-getDndTimesFor:others 
[08/04/26, 21:51:02:646] info: [API-Q] (T034MTGTM) 8f0ebd62-1785860462.645 dnd.teamInfo is ENQUEUED 
[08/04/26, 21:51:02:646] info: [API-Q] (T034MTGTM) 8f0ebd62-1785860462.645 dnd.teamInfo called with reason: fetchAndUpsertDndForUsers-getDndTimesFor:others 
[08/04/26, 21:51:02:646] info: [API-Q] (T034MTGTM) 8f0ebd62-1785860462.645 dnd.teamInfo is ENQUEUED 
[08/04/26, 21:51:02:646] info: [API-Q] (T034MTGTM) 8f0ebd62-1785860462.645 dnd.teamInfo is ACTIVE 
[08/04/26, 21:51:02:646] info: [API-Q] (T034MTGTM) 8f0ebd62-1785860462.645 dnd.teamInfo is ACTIVE 
[08/04/26, 21:51:02:662] info: [API-Q] (T034MTGTM) noversion-1785860462.645 Flannel users/info is RESOLVED 
[08/04/26, 21:51:02:940] info: [API-Q] (T034MTGTM) 8f0ebd62-1785860462.645 dnd.teamInfo is RESOLVED 
[08/04/26, 21:51:02:940] info: [DND] (T034MTGTM) Fetched DND info for the following members: U0AHS4REJJF,U0B6019F8BU,U09P8J06JRF,U0AG57U22E4,U0BEMA7BLG6,U024JQETG1X,U03SGUCFLF4,U07JVB9FN73,U09BK3L9YRG,U03KTJRBAB0,U08FCHZEYLX,U08DM9LKPRQ,U097XNR6S02,U0ADR484C0N,U088QDGL709,U0A54GAF9LL,U071081DDEH,U08T1T26S2W,U020KE4A94G 
[08/04/26, 21:51:03:261] info: [API-Q] (T034MTGTM) 8f0ebd62-1785860462.645 dnd.teamInfo is RESOLVED 
[08/04/26, 21:51:03:261] info: [DND] (T034MTGTM) Fetched DND info for the following members: U0916DK05E3,U06RC8NG613,U0BFHL0M924,U07PM4U972N,U0BER7ZDBLH,U09AL47EKL7,U0AG57ZE856,U09C9LZUDAM,U0A9JDS2W07,U0955MY4725,U0ATX9VB1FV,U08R4A987FV,U08BTMNSL2V,U091SUQPSG4,U0ASFK3BYL9,U07AFJ0L22X,U0BEXKSB9L2,U09L8TNUG3X,U0BE7UV5JRM,U0B7GDW2D5J,U098HQQK5HS,U05KWPX16EA,U0AN7CYLRJ6,U0AJQDX6S4S,U08QL5AGBEC,U0ALLFL329H,U097PKX9UBY,U095QR10Y2W,U0AP5KWKP4N,U0BHSANRG9Y 
[08/04/26, 21:51:03:263] info: [DND_V2] (T034MTGTM) Will check for changes in DND status again in 5 minutes 
[08/04/26, 21:51:04:787] info: Breadcrumb: ui.click: div.c-pagination__container[REDACTED]  
[08/04/26, 21:51:05:485] info: [API-Q] (T034MTGTM) 8f0ebd62-1785860465.485 search.modules.people called with reason: fetch-current-browser 
[08/04/26, 21:51:05:485] info: [API-Q] (T034MTGTM) 8f0ebd62-1785860465.485 search.modules.people is ENQUEUED 
[08/04/26, 21:51:05:487] info: [API-Q] (T034MTGTM) 8f0ebd62-1785860465.485 search.modules.people is ACTIVE 
[08/04/26, 21:51:05:487] info: Breadcrumb: ui.click: button.c-button-unstyled.c-pagination__page_btn[REDACTED][type="button"]  
[08/04/26, 21:51:05:974] info: [API-Q] (T034MTGTM) 8f0ebd62-1785860465.485 search.modules.people is RESOLVED 
[08/04/26, 21:51:05:986] info: [UFM-MEMBERS] (T034MTGTM) requesting U08SFUGM5JM,U0BFHL14796,U034UN2060H,U07Q2TE41HT,U029V033DEU,U0A7L5J8MMX,U0AVATND84T,U078DGGBJN7,U0BFJ73BH4Z,U0ANZUAE4UV,U0AKD7EV59R,U0AJ0H4DB8A (1) 
[08/04/26, 21:51:05:987] info: [API-Q] (T034MTGTM) noversion-1785860465.986 Flannel users/info called with reason: flannel-call:users/info 
[08/04/26, 21:51:05:987] info: [API-Q] (T034MTGTM) noversion-1785860465.986 Flannel users/info is ENQUEUED 
[08/04/26, 21:51:05:987] info: [API-Q] (T034MTGTM) noversion-1785860465.986 Flannel users/info is ACTIVE 
[08/04/26, 21:51:06:004] info: [API-Q] (T034MTGTM) noversion-1785860465.986 Flannel users/info is RESOLVED 
[08/04/26, 21:51:06:004] info: [UFM-MEMBERS] (T034MTGTM) received U08SFUGM5JM,U0BFHL14796,U034UN2060H,U07Q2TE41HT,U029V033DEU,U0A7L5J8MMX,U0AVATND84T,U078DGGBJN7,U0BFJ73BH4Z,U0ANZUAE4UV,U0AKD7EV59R,U0AJ0H4DB8A (1) 
[08/04/26, 21:51:06:016] info: [API-Q] (T034MTGTM) noversion-1785860466.016 Flannel users/info called with reason: flannel-call:users/info 
[08/04/26, 21:51:06:016] info: [API-Q] (T034MTGTM) noversion-1785860466.016 Flannel users/info is ENQUEUED 
[08/04/26, 21:51:06:016] info: [API-Q] (T034MTGTM) noversion-1785860466.016 Flannel users/info is ACTIVE 
[08/04/26, 21:51:06:017] info: [DND_V2] (T034MTGTM) fetchAndUpsertDndForUsers - Preparing to fetch DND times for the following members: U08SFUGM5JM,U0BFHL14796,U034UN2060H,U07Q2TE41HT,U029V033DEU,U0A7L5J8MMX,U0AVATND84T,U078DGGBJN7,U0BFJ73BH4Z,U0ANZUAE4UV,U0AKD7EV59R,U0AJ0H4DB8A 
[08/04/26, 21:51:06:017] info: [API-Q] (T034MTGTM) 8f0ebd62-1785860466.017 dnd.teamInfo called with reason: fetchAndUpsertDndForUsers-getDndTimesFor:others 
[08/04/26, 21:51:06:017] info: [API-Q] (T034MTGTM) 8f0ebd62-1785860466.017 dnd.teamInfo is ENQUEUED 
[08/04/26, 21:51:06:017] info: [API-Q] (T034MTGTM) 8f0ebd62-1785860466.017 dnd.teamInfo is ACTIVE 
[08/04/26, 21:51:06:037] info: [API-Q] (T034MTGTM) noversion-1785860466.016 Flannel users/info is RESOLVED 
[08/04/26, 21:51:06:372] info: [API-Q] (T034MTGTM) 8f0ebd62-1785860466.017 dnd.teamInfo is RESOLVED 
[08/04/26, 21:51:06:373] info: [DND] (T034MTGTM) Fetched DND info for the following members: U08SFUGM5JM,U0BFHL14796,U034UN2060H,U07Q2TE41HT,U029V033DEU,U0A7L5J8MMX,U0AVATND84T,U078DGGBJN7,U0BFJ73BH4Z,U0ANZUAE4UV,U0AKD7EV59R,U0AJ0H4DB8A 
[08/04/26, 21:51:06:374] info: [DND_V2] (T034MTGTM) Will check for changes in DND status again in 5 minutes 
[08/04/26, 21:51:08:988] info: [NAVIGATE-IN-MAIN-WIND] Starting a new navigation event {"id":"rimeto_profile","viewType":"Profile","viewParams":{"memberId":"U0AVATND84T"},"options":{}} 
[08/04/26, 21:51:08:988] info: [APPLY-DETAIL-VIEW] ViewSet with detail view applied {"viewSet":{"primary":{"id":"UnifiedDirectory","viewType":"UnifiedDirectory","params":{"tabId":"people"},"uiState":{}},"secondary":{"id":"rimeto_profile","viewType":"Profile","params":{"memberId":"U0AVATND84T"}}}} 
[08/04/26, 21:51:08:989] info: [NAVIGATE-IN-MAIN-WIND] Applying changes to the secondary container {"viewSet":{"sidebar":{"id":"ChannelList","viewType":"ChannelList","uiState":{}},"primary":{"id":"UnifiedDirectory","viewType":"UnifiedDirectory","params":{"tabId":"people"},"uiState":{}},"secondary":{"id":"rimeto_profile","viewType":"Profile","params":{"memberId":"U0AVATND84T"}}},"nextTab":"home"} 
[08/04/26, 21:51:08:989] info: [NAVIGATION-MIDDLEWARE] Starting a new navigation middleware execution {"context":"navigation","nextViewSet":{"sidebar":{"id":"ChannelList","viewType":"ChannelList","uiState":{}},"primary":{"id":"UnifiedDirectory","viewType":"UnifiedDirectory","params":{"tabId":"people"},"uiState":{}},"secondary":{"id":"rimeto_profile","viewType":"Profile","params":{"memberId":"U0AVATND84T"}}},"middlewareCount":25,"nextTab":"home"} 
[08/04/26, 21:51:08:989] info: [NAVIGATION-MIDDLEWARE] Async action execution is complete for a view {"nextView":{"id":"ChannelList","viewType":"ChannelList","uiState":{}},"results":[["UserIdToDMIdMiddleware",false],["AttemptToStopEditingInChannel",false],["AttemptToStopEditingSalesforceForm",false],["AttemptToStopComposingTodo",false],["PreventVideoRecorderModalClose",false],["OpenConversationWithIds",false],["EnsureChannel",false],["EnsureAppViewType",false],["RedirectFileChannel",false],["RedirectChannelCanvasToCanvas",false],["RedirectLegacyFileBrowsersToUnified",false],["RedirectFileChannel",false],["SyncSearchTab",false],["RedirectHuddleRecordChannel",false],["EnsureCannedCanvasTemplates",false],["EnsureChannelHasParentTabMiddleware",false],["EnsureMessagesTabHasTabIdMiddleware",false],["TriggerMegaphoneGalleryFlow",false],["MaybeCloseSecondaryViewAfterSplit",false],["CanvasSetScrollParam",false],["RedirectSlackbotHistory",false],["RedirectSlackbotBadge",false],["EnsureActivityInboxMiddleware",false],["EnsureSearchPrimaryPrototypeMiddleware",false],["EnsureActivitySidebarPrototypeMiddleware",false]],"shouldTerminateNavigation":false,"executionTime":0.10000000009313226,"nextTab":"home"} 
[08/04/26, 21:51:08:989] info: [NAVIGATION-MIDDLEWARE] Finish middleware execution for sidebar container {"maybeTransformedViewSet":{"sidebar":{"id":"ChannelList","viewType":"ChannelList","uiState":{}},"primary":{"id":"UnifiedDirectory","viewType":"UnifiedDirectory","params":{"tabId":"people"},"uiState":{}},"secondary":{"id":"rimeto_profile","viewType":"Profile","params":{"memberId":"U0AVATND84T"}}},"terminateNavigation":false,"isViewTransformed":false,"iterationCount":0,"executionTime":0.39999999990686774} 
[08/04/26, 21:51:08:989] info: [NAVIGATION-MIDDLEWARE] Async action execution is complete for a view {"nextView":{"id":"UnifiedDirectory","viewType":"UnifiedDirectory","params":{"tabId":"people"},"uiState":{}},"results":[["UserIdToDMIdMiddleware",false],["AttemptToStopEditingInChannel",false],["AttemptToStopEditingSalesforceForm",false],["AttemptToStopComposingTodo",false],["PreventVideoRecorderModalClose",false],["OpenConversationWithIds",false],["EnsureChannel",false],["EnsureAppViewType",false],["RedirectFileChannel",false],["RedirectChannelCanvasToCanvas",false],["RedirectLegacyFileBrowsersToUnified",false],["RedirectFileChannel",false],["SyncSearchTab",false],["RedirectHuddleRecordChannel",false],["EnsureCannedCanvasTemplates",false],["EnsureChannelHasParentTabMiddleware",false],["EnsureMessagesTabHasTabIdMiddleware",false],["TriggerMegaphoneGalleryFlow",false],["MaybeCloseSecondaryViewAfterSplit",false],["CanvasSetScrollParam",false],["RedirectSlackbotHistory",false],["RedirectSlackbotBadge",false],["EnsureActivityInboxMiddleware",false],["EnsureSearchPrimaryPrototypeMiddleware",false],["EnsureActivitySidebarPrototypeMiddleware",false]],"shouldTerminateNavigation":false,"executionTime":0.10000000009313226,"nextTab":"home"} 
[08/04/26, 21:51:08:989] info: [NAVIGATION-MIDDLEWARE] Finish middleware execution for primary container {"maybeTransformedViewSet":{"sidebar":{"id":"ChannelList","viewType":"ChannelList","uiState":{}},"primary":{"id":"UnifiedDirectory","viewType":"UnifiedDirectory","params":{"tabId":"people"},"uiState":{}},"secondary":{"id":"rimeto_profile","viewType":"Profile","params":{"memberId":"U0AVATND84T"}}},"terminateNavigation":false,"isViewTransformed":false,"iterationCount":0,"executionTime":0.20000000018626451} 
[08/04/26, 21:51:08:990] info: [NAVIGATION-MIDDLEWARE] Async action execution is complete for a view {"nextView":{"id":"rimeto_profile","viewType":"Profile","params":{"memberId":"U0AVATND84T"}},"results":[["UserIdToDMIdMiddleware",false],["AttemptToStopEditingInChannel",false],["AttemptToStopEditingSalesforceForm",false],["AttemptToStopComposingTodo",false],["PreventVideoRecorderModalClose",false],["OpenConversationWithIds",false],["EnsureChannel",false],["EnsureAppViewType",false],["RedirectFileChannel",false],["RedirectChannelCanvasToCanvas",false],["RedirectLegacyFileBrowsersToUnified",false],["RedirectFileChannel",false],["SyncSearchTab",false],["RedirectHuddleRecordChannel",false],["EnsureCannedCanvasTemplates",false],["EnsureChannelHasParentTabMiddleware",false],["EnsureMessagesTabHasTabIdMiddleware",false],["TriggerMegaphoneGalleryFlow",false],["MaybeCloseSecondaryViewAfterSplit",false],["CanvasSetScrollParam",false],["RedirectSlackbotHistory",false],["RedirectSlackbotBadge",false],["EnsureActivityInboxMiddleware",false],["EnsureSearchPrimaryPrototypeMiddleware",false],["EnsureActivitySidebarPrototypeMiddleware",false]],"shouldTerminateNavigation":false,"executionTime":0,"nextTab":"home"} 
[08/04/26, 21:51:08:990] info: [NAVIGATION-MIDDLEWARE] Finish middleware execution for secondary container {"maybeTransformedViewSet":{"sidebar":{"id":"ChannelList","viewType":"ChannelList","uiState":{}},"primary":{"id":"UnifiedDirectory","viewType":"UnifiedDirectory","params":{"tabId":"people"},"uiState":{}},"secondary":{"id":"rimeto_profile","viewType":"Profile","params":{"memberId":"U0AVATND84T"}}},"terminateNavigation":false,"isViewTransformed":false,"iterationCount":0,"executionTime":0.10000000009313226} 
[08/04/26, 21:51:08:990] info: [NAVIGATION-MIDDLEWARE] Navigation middleware execution is complete {"maybeUpdatedViewSet":{"sidebar":{"id":"ChannelList","viewType":"ChannelList","uiState":{}},"primary":{"id":"UnifiedDirectory","viewType":"UnifiedDirectory","params":{"tabId":"people"},"uiState":{}},"secondary":{"id":"rimeto_profile","viewType":"Profile","params":{"memberId":"U0AVATND84T"}}},"terminateNavigation":false,"executionTime":0.7000000001862645,"nextTab":"home"} 
[08/04/26, 21:51:08:990] info: [NAVIGATE-IN-MAIN-WIND] Built view set after middleware {"viewSet":{"sidebar":{"id":"ChannelList","viewType":"ChannelList","uiState":{}},"primary":{"id":"UnifiedDirectory","viewType":"UnifiedDirectory","params":{"tabId":"people"},"uiState":{}},"secondary":{"id":"rimeto_profile","viewType":"Profile","params":{"memberId":"U0AVATND84T"}}},"nextTab":"home"} 
[08/04/26, 21:51:08:993] info: [NAVIGATE-LISTENERS] (T034MTGTM) Starting navigation listeners for triggerType NAVIGATION 
[08/04/26, 21:51:08:994] info: [NAVIGATE-LISTENERS] (T034MTGTM) Navigation listeners complete without errors 
[08/04/26, 21:51:08:994] info: [NAVIGATE-IN-MAIN-WIND]  Navigation thunk execution complete {"id":"rimeto_profile","viewType":"Profile","viewParams":{"memberId":"U0AVATND84T"},"options":{}} 
[08/04/26, 21:51:08:995] info: Breadcrumb: ui.click: div.p-browse_page_member_card_entity__avatar--hover_overlay  
[08/04/26, 21:51:09:041] info: [API-Q] (T034MTGTM) 8f0ebd62-1785860469.040 users.profile.get called with reason: with-call-menu 
[08/04/26, 21:51:09:041] info: [API-Q] (T034MTGTM) 8f0ebd62-1785860469.040 users.profile.get is ENQUEUED 
[08/04/26, 21:51:09:041] info: [API-Q] (T034MTGTM) 8f0ebd62-1785860469.041 users.profile.getSections called with reason: profiles 
[08/04/26, 21:51:09:041] info: [API-Q] (T034MTGTM) 8f0ebd62-1785860469.041 users.profile.getSections is ENQUEUED 
[08/04/26, 21:51:09:041] info: [API-Q] (T034MTGTM) 8f0ebd62-1785860469.041 team.profile.get called with reason: MemberProfileFlexpane 
[08/04/26, 21:51:09:041] info: [API-Q] (T034MTGTM) 8f0ebd62-1785860469.041 team.profile.get is ENQUEUED 
[08/04/26, 21:51:09:048] info: [API-Q] (T034MTGTM) 8f0ebd62-1785860469.040 users.profile.get is ACTIVE 
[08/04/26, 21:51:09:048] info: [API-Q] (T034MTGTM) 8f0ebd62-1785860469.041 users.profile.getSections is ACTIVE 
[08/04/26, 21:51:09:048] info: [API-Q] (T034MTGTM) 8f0ebd62-1785860469.041 team.profile.get is ACTIVE 
[08/04/26, 21:51:09:505] info: [API-Q] (T034MTGTM) 8f0ebd62-1785860469.041 team.profile.get is RESOLVED 
[08/04/26, 21:51:09:508] info: [API-Q] (T034MTGTM) 8f0ebd62-1785860469.040 users.profile.get is RESOLVED 
[08/04/26, 21:51:09:525] info: [API-Q] (T034MTGTM) 8f0ebd62-1785860469.041 users.profile.getSections is RESOLVED 
[08/04/26, 21:51:09:533] info: [API-Q] (T034MTGTM) 8f0ebd62-1785860469.533 users.profile.getExtras called with reason: useProfileExtras 
[08/04/26, 21:51:09:533] info: [API-Q] (T034MTGTM) 8f0ebd62-1785860469.533 users.profile.getExtras is ENQUEUED 
[08/04/26, 21:51:09:535] info: [API-Q] (T034MTGTM) 8f0ebd62-1785860469.533 users.profile.getExtras is ACTIVE 
[08/04/26, 21:51:10:010] info: [API-Q] (T034MTGTM) 8f0ebd62-1785860469.533 users.profile.getExtras is RESOLVED 
[08/04/26, 21:51:15:560] info: Breadcrumb: ui.click: div.p-r_member_profile_section_content > div.p-r_member_profile__name  
[08/04/26, 21:51:15:873] info: [NAVIGATE-IN-MAIN-WIND] Starting a new navigation event {"id":"UnifiedDirectory","viewType":"UnifiedDirectory","viewParams":{"tabId":"people"},"options":{"forceTab":"home"}} 
[08/04/26, 21:51:15:874] info: [APPLY-DETAIL-VIEW] ViewSet with detail view applied {"viewSet":{"primary":{"id":"UnifiedDirectory","viewType":"UnifiedDirectory","params":{"tabId":"people"},"uiState":{"preventMoveFocus":false}}}} 
[08/04/26, 21:51:15:874] info: [NAVIGATE-IN-MAIN-WIND] Applying changes to the primary container {"viewSet":{"sidebar":{"id":"ChannelList","viewType":"ChannelList","uiState":{}},"primary":{"id":"UnifiedDirectory","viewType":"UnifiedDirectory","params":{"tabId":"people"},"uiState":{"preventMoveFocus":false}}},"nextTab":"home"} 
[08/04/26, 21:51:15:874] info: [NAVIGATION-MIDDLEWARE] Starting a new navigation middleware execution {"context":"navigation","nextViewSet":{"sidebar":{"id":"ChannelList","viewType":"ChannelList","uiState":{}},"primary":{"id":"UnifiedDirectory","viewType":"UnifiedDirectory","params":{"tabId":"people"},"uiState":{"preventMoveFocus":false}}},"middlewareCount":25,"nextTab":"home"} 
[08/04/26, 21:51:15:874] info: [NAVIGATION-MIDDLEWARE] Async action execution is complete for a view {"nextView":{"id":"ChannelList","viewType":"ChannelList","uiState":{}},"results":[["UserIdToDMIdMiddleware",false],["AttemptToStopEditingInChannel",false],["AttemptToStopEditingSalesforceForm",false],["AttemptToStopComposingTodo",false],["PreventVideoRecorderModalClose",false],["OpenConversationWithIds",false],["EnsureChannel",false],["EnsureAppViewType",false],["RedirectFileChannel",false],["RedirectChannelCanvasToCanvas",false],["RedirectLegacyFileBrowsersToUnified",false],["RedirectFileChannel",false],["SyncSearchTab",false],["RedirectHuddleRecordChannel",false],["EnsureCannedCanvasTemplates",false],["EnsureChannelHasParentTabMiddleware",false],["EnsureMessagesTabHasTabIdMiddleware",false],["TriggerMegaphoneGalleryFlow",false],["MaybeCloseSecondaryViewAfterSplit",false],["CanvasSetScrollParam",false],["RedirectSlackbotHistory",false],["RedirectSlackbotBadge",false],["EnsureActivityInboxMiddleware",false],["EnsureSearchPrimaryPrototypeMiddleware",false],["EnsureActivitySidebarPrototypeMiddleware",false]],"shouldTerminateNavigation":false,"executionTime":0.09999999962747097,"nextTab":"home"} 
[08/04/26, 21:51:15:874] info: [NAVIGATION-MIDDLEWARE] Finish middleware execution for sidebar container {"maybeTransformedViewSet":{"sidebar":{"id":"ChannelList","viewType":"ChannelList","uiState":{}},"primary":{"id":"UnifiedDirectory","viewType":"UnifiedDirectory","params":{"tabId":"people"},"uiState":{"preventMoveFocus":false}}},"terminateNavigation":false,"isViewTransformed":false,"iterationCount":0,"executionTime":0.2999999998137355} 
[08/04/26, 21:51:15:875] info: [NAVIGATION-MIDDLEWARE] Async action execution is complete for a view {"nextView":{"id":"UnifiedDirectory","viewType":"UnifiedDirectory","params":{"tabId":"people"},"uiState":{"preventMoveFocus":false}},"results":[["UserIdToDMIdMiddleware",false],["AttemptToStopEditingInChannel",false],["AttemptToStopEditingSalesforceForm",false],["AttemptToStopComposingTodo",false],["PreventVideoRecorderModalClose",false],["OpenConversationWithIds",false],["EnsureChannel",false],["EnsureAppViewType",false],["RedirectFileChannel",false],["RedirectChannelCanvasToCanvas",false],["RedirectLegacyFileBrowsersToUnified",false],["RedirectFileChannel",false],["SyncSearchTab",false],["RedirectHuddleRecordChannel",false],["EnsureCannedCanvasTemplates",false],["EnsureChannelHasParentTabMiddleware",false],["EnsureMessagesTabHasTabIdMiddleware",false],["TriggerMegaphoneGalleryFlow",false],["MaybeCloseSecondaryViewAfterSplit",false],["CanvasSetScrollParam",false],["RedirectSlackbotHistory",false],["RedirectSlackbotBadge",false],["EnsureActivityInboxMiddleware",false],["EnsureSearchPrimaryPrototypeMiddleware",false],["EnsureActivitySidebarPrototypeMiddleware",false]],"shouldTerminateNavigation":false,"executionTime":0,"nextTab":"home"} 
[08/04/26, 21:51:15:875] info: [NAVIGATION-MIDDLEWARE] Finish middleware execution for primary container {"maybeTransformedViewSet":{"sidebar":{"id":"ChannelList","viewType":"ChannelList","uiState":{}},"primary":{"id":"UnifiedDirectory","viewType":"UnifiedDirectory","params":{"tabId":"people"},"uiState":{"preventMoveFocus":false}}},"terminateNavigation":false,"isViewTransformed":false,"iterationCount":0,"executionTime":0.10000000009313226} 
[08/04/26, 21:51:15:875] info: [NAVIGATION-MIDDLEWARE] Async action execution is complete for a view {"results":[["UserIdToDMIdMiddleware",false],["AttemptToStopEditingInChannel",false],["AttemptToStopEditingSalesforceForm",false],["AttemptToStopComposingTodo",false],["PreventVideoRecorderModalClose",false],["OpenConversationWithIds",false],["EnsureChannel",false],["EnsureAppViewType",false],["RedirectFileChannel",false],["RedirectChannelCanvasToCanvas",false],["RedirectLegacyFileBrowsersToUnified",false],["RedirectFileChannel",false],["SyncSearchTab",false],["RedirectHuddleRecordChannel",false],["EnsureCannedCanvasTemplates",false],["EnsureChannelHasParentTabMiddleware",false],["EnsureMessagesTabHasTabIdMiddleware",false],["TriggerMegaphoneGalleryFlow",false],["MaybeCloseSecondaryViewAfterSplit",false],["CanvasSetScrollParam",false],["RedirectSlackbotHistory",false],["RedirectSlackbotBadge",false],["EnsureActivityInboxMiddleware",false],["EnsureSearchPrimaryPrototypeMiddleware",false],["EnsureActivitySidebarPrototypeMiddleware",false]],"shouldTerminateNavigation":false,"executionTime":0,"nextTab":"home"} 
[08/04/26, 21:51:15:875] info: [NAVIGATION-MIDDLEWARE] Finish middleware execution for secondary container {"maybeTransformedViewSet":{"sidebar":{"id":"ChannelList","viewType":"ChannelList","uiState":{}},"primary":{"id":"UnifiedDirectory","viewType":"UnifiedDirectory","params":{"tabId":"people"},"uiState":{"preventMoveFocus":false}}},"terminateNavigation":false,"isViewTransformed":false,"iterationCount":0,"executionTime":0.20000000018626451} 
[08/04/26, 21:51:15:875] info: [NAVIGATION-MIDDLEWARE] Navigation middleware execution is complete {"maybeUpdatedViewSet":{"sidebar":{"id":"ChannelList","viewType":"ChannelList","uiState":{}},"primary":{"id":"UnifiedDirectory","viewType":"UnifiedDirectory","params":{"tabId":"people"},"uiState":{"preventMoveFocus":false}}},"terminateNavigation":false,"executionTime":0.7999999998137355,"nextTab":"home"} 
[08/04/26, 21:51:15:875] info: [NAVIGATE-IN-MAIN-WIND] Built view set after middleware {"viewSet":{"sidebar":{"id":"ChannelList","viewType":"ChannelList","uiState":{}},"primary":{"id":"UnifiedDirectory","viewType":"UnifiedDirectory","params":{"tabId":"people"},"uiState":{"preventMoveFocus":false}}},"nextTab":"home"} 
[08/04/26, 21:51:15:879] info: [NAVIGATE-LISTENERS] (T034MTGTM) Starting navigation listeners for triggerType NAVIGATION 
[08/04/26, 21:51:15:879] info: [NAVIGATE-LISTENERS] (T034MTGTM) Navigation listeners complete without errors 
[08/04/26, 21:51:15:880] info: [NAVIGATE-IN-MAIN-WIND]  Navigation thunk execution complete {"id":"UnifiedDirectory","viewType":"UnifiedDirectory","viewParams":{"tabId":"people"},"options":{"forceTab":"home"}} 
[08/04/26, 21:51:15:880] info: Breadcrumb: ui.click: div.p-r_member_profile__subtitle > button.c-link--button[type="button"]  
[08/04/26, 21:51:18:342] info: Store: APP_COMMAND browser-backward 
[08/04/26, 21:51:18:449] info: Breadcrumb: navigation: undefined {
  "from": "/client/T034MTGTM",
  "to": "/client/T034MTGTM"
} 
[08/04/26, 21:51:18:450] info: [NAVIGATION-MIDDLEWARE] Starting a new navigation middleware execution {"context":"history-stack","nextViewSet":{"sidebar":{"id":"ChannelList","viewType":"ChannelList"},"primary":{"id":"UnifiedDirectory","viewType":"UnifiedDirectory","params":{"tabId":"people"}},"secondary":{"id":"rimeto_profile","viewType":"Profile","params":{"memberId":"U0AVATND84T"}}},"middlewareCount":4,"nextTab":"home"} 
[08/04/26, 21:51:18:450] info: [NAVIGATION-MIDDLEWARE] Async action execution is complete for a view {"nextView":{"id":"ChannelList","viewType":"ChannelList"},"results":[["RedirectFileChannel",false],["RedirectChannelCanvasToCanvas",false],["CanvasSetScrollParam",false],["SyncSlackbotViewParamsThread",false]],"shouldTerminateNavigation":false,"executionTime":0.10000000009313226,"nextTab":"home"} 
[08/04/26, 21:51:18:450] info: [NAVIGATION-MIDDLEWARE] Finish middleware execution for sidebar container {"maybeTransformedViewSet":{"sidebar":{"id":"ChannelList","viewType":"ChannelList"},"primary":{"id":"UnifiedDirectory","viewType":"UnifiedDirectory","params":{"tabId":"people"}},"secondary":{"id":"rimeto_profile","viewType":"Profile","params":{"memberId":"U0AVATND84T"}}},"terminateNavigation":false,"isViewTransformed":false,"iterationCount":0,"executionTime":0.20000000018626451} 
[08/04/26, 21:51:18:450] info: [NAVIGATION-MIDDLEWARE] Async action execution is complete for a view {"nextView":{"id":"UnifiedDirectory","viewType":"UnifiedDirectory","params":{"tabId":"people"}},"results":[["RedirectFileChannel",false],["RedirectChannelCanvasToCanvas",false],["CanvasSetScrollParam",false],["SyncSlackbotViewParamsThread",false]],"shouldTerminateNavigation":false,"executionTime":0,"nextTab":"home"} 
[08/04/26, 21:51:18:450] info: [NAVIGATION-MIDDLEWARE] Finish middleware execution for primary container {"maybeTransformedViewSet":{"sidebar":{"id":"ChannelList","viewType":"ChannelList"},"primary":{"id":"UnifiedDirectory","viewType":"UnifiedDirectory","params":{"tabId":"people"}},"secondary":{"id":"rimeto_profile","viewType":"Profile","params":{"memberId":"U0AVATND84T"}}},"terminateNavigation":false,"isViewTransformed":false,"iterationCount":0,"executionTime":0} 
[08/04/26, 21:51:18:450] info: [NAVIGATION-MIDDLEWARE] Async action execution is complete for a view {"nextView":{"id":"rimeto_profile","viewType":"Profile","params":{"memberId":"U0AVATND84T"}},"results":[["RedirectFileChannel",false],["RedirectChannelCanvasToCanvas",false],["CanvasSetScrollParam",false],["SyncSlackbotViewParamsThread",false]],"shouldTerminateNavigation":false,"executionTime":0,"nextTab":"home"} 
[08/04/26, 21:51:18:450] info: [NAVIGATION-MIDDLEWARE] Finish middleware execution for secondary container {"maybeTransformedViewSet":{"sidebar":{"id":"ChannelList","viewType":"ChannelList"},"primary":{"id":"UnifiedDirectory","viewType":"UnifiedDirectory","params":{"tabId":"people"}},"secondary":{"id":"rimeto_profile","viewType":"Profile","params":{"memberId":"U0AVATND84T"}}},"terminateNavigation":false,"isViewTransformed":false,"iterationCount":0,"executionTime":0.09999999962747097} 
[08/04/26, 21:51:18:450] info: [NAVIGATION-MIDDLEWARE] Navigation middleware execution is complete {"maybeUpdatedViewSet":{"sidebar":{"id":"ChannelList","viewType":"ChannelList"},"primary":{"id":"UnifiedDirectory","viewType":"UnifiedDirectory","params":{"tabId":"people"}},"secondary":{"id":"rimeto_profile","viewType":"Profile","params":{"memberId":"U0AVATND84T"}}},"terminateNavigation":false,"executionTime":0.39999999990686774,"nextTab":"home"} 
[08/04/26, 21:51:18:452] info: [NAVIGATE-LISTENERS] (T034MTGTM) Starting navigation listeners for triggerType HISTORY_NAVIGATION 
[08/04/26, 21:51:18:454] info: [NAVIGATE-LISTENERS] (T034MTGTM) Navigation listeners complete without errors 
[08/04/26, 21:51:18:495] info: [API-Q] (T034MTGTM) 8f0ebd62-1785860478.495 users.profile.get called with reason: with-call-menu 
[08/04/26, 21:51:18:495] info: [API-Q] (T034MTGTM) 8f0ebd62-1785860478.495 users.profile.get is ENQUEUED 
[08/04/26, 21:51:18:496] info: [API-Q] (T034MTGTM) 8f0ebd62-1785860478.495 users.profile.getSections called with reason: profiles 
[08/04/26, 21:51:18:496] info: [API-Q] (T034MTGTM) 8f0ebd62-1785860478.495 users.profile.getSections is ENQUEUED 
[08/04/26, 21:51:18:496] info: [API-Q] (T034MTGTM) 8f0ebd62-1785860478.495 team.profile.get called with reason: MemberProfileFlexpane 
[08/04/26, 21:51:18:496] info: [API-Q] (T034MTGTM) 8f0ebd62-1785860478.495 team.profile.get is ENQUEUED 
[08/04/26, 21:51:18:502] info: [API-Q] (T034MTGTM) 8f0ebd62-1785860478.495 users.profile.get is ACTIVE 
[08/04/26, 21:51:18:502] info: [API-Q] (T034MTGTM) 8f0ebd62-1785860478.495 users.profile.getSections is ACTIVE 
[08/04/26, 21:51:18:502] info: [API-Q] (T034MTGTM) 8f0ebd62-1785860478.495 team.profile.get is ACTIVE 
[08/04/26, 21:51:18:512] info: Store: EXTEND_MENU T034MTGTM: menucategory-file,menucategory-view,menucategory-edit,menucategory-help,menucategory-history 
[08/04/26, 21:51:18:757] info: [API-Q] (T034MTGTM) 8f0ebd62-1785860478.495 users.profile.get is RESOLVED 
[08/04/26, 21:51:18:759] info: [API-Q] (T034MTGTM) 8f0ebd62-1785860478.495 users.profile.getSections is RESOLVED 
[08/04/26, 21:51:18:759] info: [API-Q] (T034MTGTM) 8f0ebd62-1785860478.495 team.profile.get is RESOLVED 
[08/04/26, 21:51:18:768] info: [API-Q] (T034MTGTM) 8f0ebd62-1785860478.768 users.profile.getExtras called with reason: useProfileExtras 
[08/04/26, 21:51:18:768] info: [API-Q] (T034MTGTM) 8f0ebd62-1785860478.768 users.profile.getExtras is ENQUEUED 
[08/04/26, 21:51:18:770] info: [API-Q] (T034MTGTM) 8f0ebd62-1785860478.768 users.profile.getExtras is ACTIVE 
[08/04/26, 21:51:19:120] info: [API-Q] (T034MTGTM) 8f0ebd62-1785860478.768 users.profile.getExtras is RESOLVED 
[08/04/26, 21:51:21:940] info: Breadcrumb: ui.click: div.p-r_member_profile_section_content > div.p-rimeto_member_profile_field  
[08/04/26, 21:51:23:293] info: Breadcrumb: ui.click: div.p-rimeto_member_profile_field__value  
[08/04/26, 21:51:30:450] info: Breadcrumb: ui.click: div.p-rimeto_member_profile_field__value  
[08/04/26, 21:51:30:802] info: Store: OPEN_CONTEXT_MENU {
  "id": 1,
  "params": {
    "x": 1519,
    "y": 940,
    "mediaType": "none",
    "hasImageContents": false,
    "isEditable": false,
    "spellcheckEnabled": false,
    "formControlType": "none",
    "menuSourceType": "mouse"
  }
} 
[08/04/26, 21:51:32:833] info: [FLEXPANE_HEADER] (T034MTGTM) Attempting to close 
[08/04/26, 21:51:32:833] info: [REMOVE-VIEW] Removing view in main window {"container":"secondary"} 
[08/04/26, 21:51:32:833] info: [NAVIGATION-MIDDLEWARE] Starting a new navigation middleware execution {"context":"remove-view","nextViewSet":{"sidebar":{"id":"ChannelList","viewType":"ChannelList"},"primary":{"id":"UnifiedDirectory","viewType":"UnifiedDirectory","params":{"tabId":"people"}}},"middlewareCount":2,"nextTab":"home"} 
[08/04/26, 21:51:32:833] info: [NAVIGATION-MIDDLEWARE] Async action execution is complete for a view {"nextView":{"id":"ChannelList","viewType":"ChannelList"},"results":[["AttemptToStopEditingSalesforceForm",false],["AttemptToStopComposingTodo",false]],"shouldTerminateNavigation":false,"executionTime":0,"nextTab":"home"} 
[08/04/26, 21:51:32:833] info: [NAVIGATION-MIDDLEWARE] Finish middleware execution for sidebar container {"maybeTransformedViewSet":{"sidebar":{"id":"ChannelList","viewType":"ChannelList"},"primary":{"id":"UnifiedDirectory","viewType":"UnifiedDirectory","params":{"tabId":"people"}}},"terminateNavigation":false,"isViewTransformed":false,"iterationCount":0,"executionTime":0.10000000009313226} 
[08/04/26, 21:51:32:833] info: [NAVIGATION-MIDDLEWARE] Async action execution is complete for a view {"nextView":{"id":"UnifiedDirectory","viewType":"UnifiedDirectory","params":{"tabId":"people"}},"results":[["AttemptToStopEditingSalesforceForm",false],["AttemptToStopComposingTodo",false]],"shouldTerminateNavigation":false,"executionTime":0,"nextTab":"home"} 
[08/04/26, 21:51:32:833] info: [NAVIGATION-MIDDLEWARE] Finish middleware execution for primary container {"maybeTransformedViewSet":{"sidebar":{"id":"ChannelList","viewType":"ChannelList"},"primary":{"id":"UnifiedDirectory","viewType":"UnifiedDirectory","params":{"tabId":"people"}}},"terminateNavigation":false,"isViewTransformed":false,"iterationCount":0,"executionTime":0} 
[08/04/26, 21:51:32:833] info: [NAVIGATION-MIDDLEWARE] Async action execution is complete for a view {"results":[["AttemptToStopEditingSalesforceForm",false],["AttemptToStopComposingTodo",false]],"shouldTerminateNavigation":false,"executionTime":0,"nextTab":"home"} 
[08/04/26, 21:51:32:833] info: [NAVIGATION-MIDDLEWARE] Finish middleware execution for secondary container {"maybeTransformedViewSet":{"sidebar":{"id":"ChannelList","viewType":"ChannelList"},"primary":{"id":"UnifiedDirectory","viewType":"UnifiedDirectory","params":{"tabId":"people"}}},"terminateNavigation":false,"isViewTransformed":false,"iterationCount":0,"executionTime":0.10000000009313226} 
[08/04/26, 21:51:32:833] info: [NAVIGATION-MIDDLEWARE] Navigation middleware execution is complete {"maybeUpdatedViewSet":{"sidebar":{"id":"ChannelList","viewType":"ChannelList"},"primary":{"id":"UnifiedDirectory","viewType":"UnifiedDirectory","params":{"tabId":"people"}}},"terminateNavigation":false,"executionTime":0.20000000018626451,"nextTab":"home"} 
[08/04/26, 21:51:32:838] info: [NAVIGATE-LISTENERS] (T034MTGTM) Starting navigation listeners for triggerType NAVIGATION 
[08/04/26, 21:51:32:838] info: [NAVIGATE-LISTENERS] (T034MTGTM) Navigation listeners complete without errors 
[08/04/26, 21:51:32:839] info: Breadcrumb: ui.click: button.c-button-unstyled.c-icon_button.c-icon_button--size_smedium.p-flexpane_header__control.viewHeaderActionButton__d6GTR.c-icon_button--dark[REDACTED][type="button"]  
[08/04/26, 21:51:32:891] info: Store: EXTEND_MENU T034MTGTM: menucategory-file,menucategory-view,menucategory-edit,menucategory-help,menucategory-history 
[08/04/26, 21:51:33:563] info: Breadcrumb: ui.click: button.c-button-unstyled.p-search_filter__modal_trigger--ia4[type="button"]  
[08/04/26, 21:51:33:584] info: [API-Q] (T034MTGTM) 8f0ebd62-1785860493.584 users.slackConnect.orgList called with reason: browsers-shared-teams-query 
[08/04/26, 21:51:33:584] info: [API-Q] (T034MTGTM) 8f0ebd62-1785860493.584 users.slackConnect.orgList is ENQUEUED 
[08/04/26, 21:51:33:586] info: [API-Q] (T034MTGTM) 8f0ebd62-1785860493.584 users.slackConnect.orgList is ACTIVE 
[08/04/26, 21:51:33:903] info: [API-Q] (T034MTGTM) 8f0ebd62-1785860493.584 users.slackConnect.orgList is RESOLVED 
[08/04/26, 21:51:36:799] info: Breadcrumb: ui.click: div.ReactVirtualized__Grid.ReactVirtualized__List.c-select_options_list__virtual_list  
[08/04/26, 21:51:37:306] info: Breadcrumb: ui.click: div.p-search_filter__list_item_content > span  
[08/04/26, 21:51:38:992] info: [API-Q] (T034MTGTM) 8f0ebd62-1785860498.991 search.modules.people called with reason: fetch-current-browser 
[08/04/26, 21:51:38:992] info: [API-Q] (T034MTGTM) 8f0ebd62-1785860498.991 search.modules.people is ENQUEUED 
[08/04/26, 21:51:38:992] info: [API-Q] (T034MTGTM) 8f0ebd62-1785860498.991 search.modules.people is ACTIVE 
[08/04/26, 21:51:38:992] info: Breadcrumb: ui.click: button.c-button.c-button--primary.c-button--medium[type="button"]  
[08/04/26, 21:51:39:338] info: [API-Q] (T034MTGTM) 8f0ebd62-1785860498.991 search.modules.people is RESOLVED 
[08/04/26, 21:51:41:081] info: [API-Q] (T034MTGTM) 8f0ebd62-1785860501.080 search.modules.people called with reason: fetch-current-browser 
[08/04/26, 21:51:41:081] info: [API-Q] (T034MTGTM) 8f0ebd62-1785860501.080 search.modules.people is ENQUEUED 
[08/04/26, 21:51:41:085] info: [API-Q] (T034MTGTM) 8f0ebd62-1785860501.080 search.modules.people is ACTIVE 
[08/04/26, 21:51:41:085] info: Breadcrumb: ui.click: div.p-search_filter__list_item_content  
[08/04/26, 21:51:41:804] info: [API-Q] (T034MTGTM) 8f0ebd62-1785860501.080 search.modules.people is RESOLVED 
[08/04/26, 21:51:41:953] info: Breadcrumb: ui.click: div.p_search_filter__block_container.p_search_filter__block_container--ia4[REDACTED]  
[08/04/26, 21:51:43:581] info: [API-Q] (T034MTGTM) 8f0ebd62-1785860503.581 search.precache called with reason: search-precache-onFocus-omniswitcher 
[08/04/26, 21:51:43:581] info: [API-Q] (T034MTGTM) 8f0ebd62-1785860503.581 search.precache is ENQUEUED 
[08/04/26, 21:51:43:583] info: [API-Q] (T034MTGTM) 8f0ebd62-1785860503.581 search.precache is ACTIVE 
[08/04/26, 21:51:43:643] info: Breadcrumb: ui.click: div.unifiedDirectoryTabsPanel__M1rwq.c-tabs__tab_panel.c-tabs__tab_panel--active.c-tabs__tab_panel--full_height[REDACTED]  
[08/04/26, 21:51:43:960] info: [API-Q] (T034MTGTM) 8f0ebd62-1785860503.581 search.precache is RESOLVED 
[08/04/26, 21:51:44:116] info: [NAVIGATE-IN-MAIN-WIND] Starting a new navigation event {"id":"UnifiedDirectory","viewType":"UnifiedDirectory","viewParams":{"tabId":"channels"},"options":{"forceTab":"home"}} 
[08/04/26, 21:51:44:117] info: [APPLY-DETAIL-VIEW] ViewSet with detail view applied {"viewSet":{"primary":{"id":"UnifiedDirectory","viewType":"UnifiedDirectory","params":{"tabId":"channels"},"uiState":{"preventMoveFocus":true}}}} 
[08/04/26, 21:51:44:117] info: [NAVIGATE-IN-MAIN-WIND] Applying changes to the primary container {"viewSet":{"sidebar":{"id":"ChannelList","viewType":"ChannelList","uiState":{}},"primary":{"id":"UnifiedDirectory","viewType":"UnifiedDirectory","params":{"tabId":"channels"},"uiState":{"preventMoveFocus":true}}},"nextTab":"home"} 
[08/04/26, 21:51:44:117] info: [NAVIGATION-MIDDLEWARE] Starting a new navigation middleware execution {"context":"navigation","nextViewSet":{"sidebar":{"id":"ChannelList","viewType":"ChannelList","uiState":{}},"primary":{"id":"UnifiedDirectory","viewType":"UnifiedDirectory","params":{"tabId":"channels"},"uiState":{"preventMoveFocus":true}}},"middlewareCount":25,"nextTab":"home"} 
[08/04/26, 21:51:44:119] info: [NAVIGATION-MIDDLEWARE] Async action execution is complete for a view {"nextView":{"id":"ChannelList","viewType":"ChannelList","uiState":{}},"results":[["UserIdToDMIdMiddleware",false],["AttemptToStopEditingInChannel",false],["AttemptToStopEditingSalesforceForm",false],["AttemptToStopComposingTodo",false],["PreventVideoRecorderModalClose",false],["OpenConversationWithIds",false],["EnsureChannel",false],["EnsureAppViewType",false],["RedirectFileChannel",false],["RedirectChannelCanvasToCanvas",false],["RedirectLegacyFileBrowsersToUnified",false],["RedirectFileChannel",false],["SyncSearchTab",false],["RedirectHuddleRecordChannel",false],["EnsureCannedCanvasTemplates",false],["EnsureChannelHasParentTabMiddleware",false],["EnsureMessagesTabHasTabIdMiddleware",false],["TriggerMegaphoneGalleryFlow",false],["MaybeCloseSecondaryViewAfterSplit",false],["CanvasSetScrollParam",false],["RedirectSlackbotHistory",false],["RedirectSlackbotBadge",false],["EnsureActivityInboxMiddleware",false],["EnsureSearchPrimaryPrototypeMiddleware",false],["EnsureActivitySidebarPrototypeMiddleware",false]],"shouldTerminateNavigation":false,"executionTime":2.6000000000931323,"nextTab":"home"} 
[08/04/26, 21:51:44:120] info: [NAVIGATION-MIDDLEWARE] Finish middleware execution for sidebar container {"maybeTransformedViewSet":{"sidebar":{"id":"ChannelList","viewType":"ChannelList","uiState":{}},"primary":{"id":"UnifiedDirectory","viewType":"UnifiedDirectory","params":{"tabId":"channels"},"uiState":{"preventMoveFocus":true}}},"terminateNavigation":false,"isViewTransformed":false,"iterationCount":0,"executionTime":2.7000000001862645} 
[08/04/26, 21:51:44:120] info: [NAVIGATION-MIDDLEWARE] Async action execution is complete for a view {"nextView":{"id":"UnifiedDirectory","viewType":"UnifiedDirectory","params":{"tabId":"channels"},"uiState":{"preventMoveFocus":true}},"results":[["UserIdToDMIdMiddleware",false],["AttemptToStopEditingInChannel",false],["AttemptToStopEditingSalesforceForm",false],["AttemptToStopComposingTodo",false],["PreventVideoRecorderModalClose",false],["OpenConversationWithIds",false],["EnsureChannel",false],["EnsureAppViewType",false],["RedirectFileChannel",false],["RedirectChannelCanvasToCanvas",false],["RedirectLegacyFileBrowsersToUnified",false],["RedirectFileChannel",false],["SyncSearchTab",false],["RedirectHuddleRecordChannel",false],["EnsureCannedCanvasTemplates",false],["EnsureChannelHasParentTabMiddleware",false],["EnsureMessagesTabHasTabIdMiddleware",false],["TriggerMegaphoneGalleryFlow",false],["MaybeCloseSecondaryViewAfterSplit",false],["CanvasSetScrollParam",false],["RedirectSlackbotHistory",false],["RedirectSlackbotBadge",false],["EnsureActivityInboxMiddleware",false],["EnsureSearchPrimaryPrototypeMiddleware",false],["EnsureActivitySidebarPrototypeMiddleware",false]],"shouldTerminateNavigation":false,"executionTime":0.09999999962747097,"nextTab":"home"} 
[08/04/26, 21:51:44:120] info: [NAVIGATION-MIDDLEWARE] Finish middleware execution for primary container {"maybeTransformedViewSet":{"sidebar":{"id":"ChannelList","viewType":"ChannelList","uiState":{}},"primary":{"id":"UnifiedDirectory","viewType":"UnifiedDirectory","params":{"tabId":"channels"},"uiState":{"preventMoveFocus":true}}},"terminateNavigation":false,"isViewTransformed":false,"iterationCount":0,"executionTime":0.19999999972060323} 
[08/04/26, 21:51:44:120] info: [NAVIGATION-MIDDLEWARE] Navigation middleware execution is complete {"maybeUpdatedViewSet":{"sidebar":{"id":"ChannelList","viewType":"ChannelList","uiState":{}},"primary":{"id":"UnifiedDirectory","viewType":"UnifiedDirectory","params":{"tabId":"channels"},"uiState":{"preventMoveFocus":true}}},"terminateNavigation":false,"executionTime":2.8999999999068677,"nextTab":"home"} 
[08/04/26, 21:51:44:120] info: [NAVIGATE-IN-MAIN-WIND] Built view set after middleware {"viewSet":{"sidebar":{"id":"ChannelList","viewType":"ChannelList","uiState":{}},"primary":{"id":"UnifiedDirectory","viewType":"UnifiedDirectory","params":{"tabId":"channels"},"uiState":{"preventMoveFocus":true}}},"nextTab":"home"} 
[08/04/26, 21:51:44:124] info: [NAVIGATE-LISTENERS] (T034MTGTM) Starting navigation listeners for triggerType NAVIGATION 
[08/04/26, 21:51:44:124] info: [NAVIGATE-LISTENERS] (T034MTGTM) Navigation listeners complete without errors 
[08/04/26, 21:51:44:124] info: [NAVIGATE-IN-MAIN-WIND]  Navigation thunk execution complete {"id":"UnifiedDirectory","viewType":"UnifiedDirectory","viewParams":{"tabId":"channels"},"options":{"forceTab":"home"}} 
[08/04/26, 21:51:44:124] info: Breadcrumb: ui.click: span.c-tabs__tab_content  
[08/04/26, 21:51:44:140] info: [API-Q] (T034MTGTM) 8f0ebd62-1785860504.140 search.modules.channels called with reason: fetch-current-browser 
[08/04/26, 21:51:44:140] info: [API-Q] (T034MTGTM) 8f0ebd62-1785860504.140 search.modules.channels is ENQUEUED 
[08/04/26, 21:51:44:147] info: [API-Q] (T034MTGTM) 8f0ebd62-1785860504.147 users.slackConnect.orgList called with reason: browsers-shared-teams-query 
[08/04/26, 21:51:44:147] info: [API-Q] (T034MTGTM) 8f0ebd62-1785860504.147 users.slackConnect.orgList is ENQUEUED 
[08/04/26, 21:51:44:150] info: [API-Q] (T034MTGTM) 8f0ebd62-1785860504.140 search.modules.channels is ACTIVE 
[08/04/26, 21:51:44:150] info: [API-Q] (T034MTGTM) 8f0ebd62-1785860504.147 users.slackConnect.orgList is ACTIVE 
[08/04/26, 21:51:44:161] info: [API-Q] (T034MTGTM) 8f0ebd62-1785860504.161 users.prefs.set called with reason: prefs-api/setUserPrefByApi 
[08/04/26, 21:51:44:161] info: [API-Q] (T034MTGTM) 8f0ebd62-1785860504.161 users.prefs.set is ENQUEUED 
[08/04/26, 21:51:44:162] info: [API-Q] (T034MTGTM) 8f0ebd62-1785860504.161 users.prefs.set is ACTIVE 
[08/04/26, 21:51:44:591] info: [API-Q] (T034MTGTM) 8f0ebd62-1785860504.161 users.prefs.set is RESOLVED 
[08/04/26, 21:51:44:592] info: [API-Q] (T034MTGTM) 8f0ebd62-1785860504.140 search.modules.channels is RESOLVED 
[08/04/26, 21:51:44:593] info: [API-Q] (T034MTGTM) 8f0ebd62-1785860504.147 users.slackConnect.orgList is RESOLVED 
[08/04/26, 21:51:47:459] info: [API-Q] (T034MTGTM) 8f0ebd62-1785860507.458 search.modules.channels called with reason: fetch-current-browser 
[08/04/26, 21:51:47:459] info: [API-Q] (T034MTGTM) 8f0ebd62-1785860507.458 search.modules.channels is ENQUEUED 
[08/04/26, 21:51:47:460] info: [API-Q] (T034MTGTM) 8f0ebd62-1785860507.458 search.modules.channels is ACTIVE 
[08/04/26, 21:51:47:461] info: Breadcrumb: ui.click: div.c-menu_item__label > div.p-search_filter__list_item  
[08/04/26, 21:51:47:881] info: [API-Q] (T034MTGTM) 8f0ebd62-1785860507.458 search.modules.channels is RESOLVED 
[08/04/26, 21:51:52:382] info: Breadcrumb: ui.click: div.p_search_filter__block_container.p_search_filter__block_container--ia4[REDACTED]  
[08/04/26, 21:51:54:288] info: Breadcrumb: ui.click: div.p_search_filter__block_container.p_search_filter__block_container--ia4[REDACTED]  
[08/04/26, 21:51:56:545] info: [NAVIGATE-IN-MAIN-WIND] Starting a new navigation event {"id":"UnifiedDirectory","viewType":"UnifiedDirectory","viewParams":{"tabId":"people"},"options":{"forceTab":"home"}} 
[08/04/26, 21:51:56:545] info: [APPLY-DETAIL-VIEW] ViewSet with detail view applied {"viewSet":{"primary":{"id":"UnifiedDirectory","viewType":"UnifiedDirectory","params":{"tabId":"people"},"uiState":{"preventMoveFocus":true}}}} 
[08/04/26, 21:51:56:546] info: [NAVIGATE-IN-MAIN-WIND] Applying changes to the primary container {"viewSet":{"sidebar":{"id":"ChannelList","viewType":"ChannelList","uiState":{}},"primary":{"id":"UnifiedDirectory","viewType":"UnifiedDirectory","params":{"tabId":"people"},"uiState":{"preventMoveFocus":true}}},"nextTab":"home"} 
[08/04/26, 21:51:56:546] info: [NAVIGATION-MIDDLEWARE] Starting a new navigation middleware execution {"context":"navigation","nextViewSet":{"sidebar":{"id":"ChannelList","viewType":"ChannelList","uiState":{}},"primary":{"id":"UnifiedDirectory","viewType":"UnifiedDirectory","params":{"tabId":"people"},"uiState":{"preventMoveFocus":true}}},"middlewareCount":25,"nextTab":"home"} 
[08/04/26, 21:51:56:548] info: [NAVIGATION-MIDDLEWARE] Async action execution is complete for a view {"nextView":{"id":"ChannelList","viewType":"ChannelList","uiState":{}},"results":[["UserIdToDMIdMiddleware",false],["AttemptToStopEditingInChannel",false],["AttemptToStopEditingSalesforceForm",false],["AttemptToStopComposingTodo",false],["PreventVideoRecorderModalClose",false],["OpenConversationWithIds",false],["EnsureChannel",false],["EnsureAppViewType",false],["RedirectFileChannel",false],["RedirectChannelCanvasToCanvas",false],["RedirectLegacyFileBrowsersToUnified",false],["RedirectFileChannel",false],["SyncSearchTab",false],["RedirectHuddleRecordChannel",false],["EnsureCannedCanvasTemplates",false],["EnsureChannelHasParentTabMiddleware",false],["EnsureMessagesTabHasTabIdMiddleware",false],["TriggerMegaphoneGalleryFlow",false],["MaybeCloseSecondaryViewAfterSplit",false],["CanvasSetScrollParam",false],["RedirectSlackbotHistory",false],["RedirectSlackbotBadge",false],["EnsureActivityInboxMiddleware",false],["EnsureSearchPrimaryPrototypeMiddleware",false],["EnsureActivitySidebarPrototypeMiddleware",false]],"shouldTerminateNavigation":false,"executionTime":2.3999999999068677,"nextTab":"home"} 
[08/04/26, 21:51:56:548] info: [NAVIGATION-MIDDLEWARE] Finish middleware execution for sidebar container {"maybeTransformedViewSet":{"sidebar":{"id":"ChannelList","viewType":"ChannelList","uiState":{}},"primary":{"id":"UnifiedDirectory","viewType":"UnifiedDirectory","params":{"tabId":"people"},"uiState":{"preventMoveFocus":true}}},"terminateNavigation":false,"isViewTransformed":false,"iterationCount":0,"executionTime":2.6000000000931323} 
[08/04/26, 21:51:56:549] info: [NAVIGATION-MIDDLEWARE] Async action execution is complete for a view {"nextView":{"id":"UnifiedDirectory","viewType":"UnifiedDirectory","params":{"tabId":"people"},"uiState":{"preventMoveFocus":true}},"results":[["UserIdToDMIdMiddleware",false],["AttemptToStopEditingInChannel",false],["AttemptToStopEditingSalesforceForm",false],["AttemptToStopComposingTodo",false],["PreventVideoRecorderModalClose",false],["OpenConversationWithIds",false],["EnsureChannel",false],["EnsureAppViewType",false],["RedirectFileChannel",false],["RedirectChannelCanvasToCanvas",false],["RedirectLegacyFileBrowsersToUnified",false],["RedirectFileChannel",false],["SyncSearchTab",false],["RedirectHuddleRecordChannel",false],["EnsureCannedCanvasTemplates",false],["EnsureChannelHasParentTabMiddleware",false],["EnsureMessagesTabHasTabIdMiddleware",false],["TriggerMegaphoneGalleryFlow",false],["MaybeCloseSecondaryViewAfterSplit",false],["CanvasSetScrollParam",false],["RedirectSlackbotHistory",false],["RedirectSlackbotBadge",false],["EnsureActivityInboxMiddleware",false],["EnsureSearchPrimaryPrototypeMiddleware",false],["EnsureActivitySidebarPrototypeMiddleware",false]],"shouldTerminateNavigation":false,"executionTime":0,"nextTab":"home"} 
[08/04/26, 21:51:56:549] info: [NAVIGATION-MIDDLEWARE] Finish middleware execution for primary container {"maybeTransformedViewSet":{"sidebar":{"id":"ChannelList","viewType":"ChannelList","uiState":{}},"primary":{"id":"UnifiedDirectory","viewType":"UnifiedDirectory","params":{"tabId":"people"},"uiState":{"preventMoveFocus":true}}},"terminateNavigation":false,"isViewTransformed":false,"iterationCount":0,"executionTime":0.19999999972060323} 
[08/04/26, 21:51:56:549] info: [NAVIGATION-MIDDLEWARE] Navigation middleware execution is complete {"maybeUpdatedViewSet":{"sidebar":{"id":"ChannelList","viewType":"ChannelList","uiState":{}},"primary":{"id":"UnifiedDirectory","viewType":"UnifiedDirectory","params":{"tabId":"people"},"uiState":{"preventMoveFocus":true}}},"terminateNavigation":false,"executionTime":2.8999999999068677,"nextTab":"home"} 
[08/04/26, 21:51:56:549] info: [NAVIGATE-IN-MAIN-WIND] Built view set after middleware {"viewSet":{"sidebar":{"id":"ChannelList","viewType":"ChannelList","uiState":{}},"primary":{"id":"UnifiedDirectory","viewType":"UnifiedDirectory","params":{"tabId":"people"},"uiState":{"preventMoveFocus":true}}},"nextTab":"home"} 
[08/04/26, 21:51:56:553] info: [NAVIGATE-LISTENERS] (T034MTGTM) Starting navigation listeners for triggerType NAVIGATION 
[08/04/26, 21:51:56:553] info: [NAVIGATE-LISTENERS] (T034MTGTM) Navigation listeners complete without errors 
[08/04/26, 21:51:56:553] info: [NAVIGATE-IN-MAIN-WIND]  Navigation thunk execution complete {"id":"UnifiedDirectory","viewType":"UnifiedDirectory","viewParams":{"tabId":"people"},"options":{"forceTab":"home"}} 
[08/04/26, 21:51:56:553] info: Breadcrumb: ui.click: button#people.c-button-unstyled.c-tabs__tab.js-tab[type="button"]  
[08/04/26, 21:51:56:567] info: [API-Q] (T034MTGTM) 8f0ebd62-1785860516.567 users.listOutgoingInvites called with reason: fetch-pending-outgoing-invites 
[08/04/26, 21:51:56:567] info: [API-Q] (T034MTGTM) 8f0ebd62-1785860516.567 users.listOutgoingInvites is ENQUEUED 
[08/04/26, 21:51:56:573] info: [API-Q] (T034MTGTM) 8f0ebd62-1785860516.573 im.list called with reason: people-empty-state 
[08/04/26, 21:51:56:573] info: [API-Q] (T034MTGTM) 8f0ebd62-1785860516.573 im.list is ENQUEUED 
[08/04/26, 21:51:56:573] info: [API-Q] (T034MTGTM) 8f0ebd62-1785860516.567 users.listOutgoingInvites is ACTIVE 
[08/04/26, 21:51:56:574] info: [API-Q] (T034MTGTM) 8f0ebd62-1785860516.573 im.list is ACTIVE 
[08/04/26, 21:51:56:971] info: [API-Q] (T034MTGTM) 8f0ebd62-1785860516.567 users.listOutgoingInvites is REJECTED: API not ok restricted_action 
[08/04/26, 21:51:56:971] error: (T034MTGTM) API call to users.listOutgoingInvites
						with reason fetch-pending-outgoing-invites failed, initiated by generated fetcher 
[08/04/26, 21:51:56:972] warn: invited-user-bulk-invites (T034MTGTM) Failed to fetch pending outgoing invites 8f0ebd62-1785860516.567 users.listOutgoingInvites not ok: restricted_action 
[08/04/26, 21:51:56:973] info: [API-Q] (T034MTGTM) 8f0ebd62-1785860516.573 im.list is RESOLVED 
[08/04/26, 21:51:57:369] info: [FOCUS-EVENT] (T034MTGTM) Main window blurred 
[08/04/26, 21:51:57:625] info: [API-Q] (T034MTGTM) noversion-1785860517.624 Flannel users/info called with reason: flannel-call:users/info 
[08/04/26, 21:51:57:625] info: [API-Q] (T034MTGTM) noversion-1785860517.624 Flannel users/info is ENQUEUED 
[08/04/26, 21:51:57:625] info: [API-Q] (T034MTGTM) noversion-1785860517.624 Flannel users/info is ACTIVE 
[08/04/26, 21:51:57:640] info: [API-Q] (T034MTGTM) noversion-1785860517.624 Flannel users/info is RESOLVED 
[08/04/26, 21:51:57:979] info: [FOCUS-EVENT] (T034MTGTM) Main window focused 
[08/04/26, 21:51:59:293] info: [ALLTHREADSROWELEMENT] (T034MTGTM) From channel badges count, has unreads: false with badge count: 0 
[08/04/26, 21:51:59:380] info: [ACTION:CHANNEL-SIDEBAR] Selected Vall_threads 
[08/04/26, 21:51:59:380] info: [NAVIGATE-IN-MAIN-WIND] Starting a new navigation event {"id":"Vall_threads","viewType":"Threads","options":{}} 
[08/04/26, 21:51:59:381] info: [APPLY-DETAIL-VIEW] ViewSet with detail view applied {"viewSet":{"primary":{"id":"Vall_threads","viewType":"Threads"}}} 
[08/04/26, 21:51:59:381] info: [NAVIGATE-IN-MAIN-WIND] Applying changes to the primary container {"viewSet":{"sidebar":{"id":"ChannelList","viewType":"ChannelList","uiState":{}},"primary":{"id":"Vall_threads","viewType":"Threads"}},"nextTab":"home"} 
[08/04/26, 21:51:59:381] info: [NAVIGATION-MIDDLEWARE] Starting a new navigation middleware execution {"context":"navigation","nextViewSet":{"sidebar":{"id":"ChannelList","viewType":"ChannelList","uiState":{}},"primary":{"id":"Vall_threads","viewType":"Threads"}},"middlewareCount":25,"nextTab":"home"} 
[08/04/26, 21:51:59:382] info: [NAVIGATION-MIDDLEWARE] Async action execution is complete for a view {"nextView":{"id":"ChannelList","viewType":"ChannelList","uiState":{}},"results":[["UserIdToDMIdMiddleware",false],["AttemptToStopEditingInChannel",false],["AttemptToStopEditingSalesforceForm",false],["AttemptToStopComposingTodo",false],["PreventVideoRecorderModalClose",false],["OpenConversationWithIds",false],["EnsureChannel",false],["EnsureAppViewType",false],["RedirectFileChannel",false],["RedirectChannelCanvasToCanvas",false],["RedirectLegacyFileBrowsersToUnified",false],["RedirectFileChannel",false],["SyncSearchTab",false],["RedirectHuddleRecordChannel",false],["EnsureCannedCanvasTemplates",false],["EnsureChannelHasParentTabMiddleware",false],["EnsureMessagesTabHasTabIdMiddleware",false],["TriggerMegaphoneGalleryFlow",false],["MaybeCloseSecondaryViewAfterSplit",false],["CanvasSetScrollParam",false],["RedirectSlackbotHistory",false],["RedirectSlackbotBadge",false],["EnsureActivityInboxMiddleware",false],["EnsureSearchPrimaryPrototypeMiddleware",false],["EnsureActivitySidebarPrototypeMiddleware",false]],"shouldTerminateNavigation":false,"executionTime":0.3000000002793968,"nextTab":"home"} 
[08/04/26, 21:51:59:382] info: [NAVIGATION-MIDDLEWARE] Finish middleware execution for sidebar container {"maybeTransformedViewSet":{"sidebar":{"id":"ChannelList","viewType":"ChannelList","uiState":{}},"primary":{"id":"Vall_threads","viewType":"Threads"}},"terminateNavigation":false,"isViewTransformed":false,"iterationCount":0,"executionTime":0.40000000037252903} 
[08/04/26, 21:51:59:382] info: [NAVIGATION-MIDDLEWARE] Async action execution is complete for a view {"nextView":{"id":"Vall_threads","viewType":"Threads"},"results":[["UserIdToDMIdMiddleware",false],["AttemptToStopEditingInChannel",false],["AttemptToStopEditingSalesforceForm",false],["AttemptToStopComposingTodo",false],["PreventVideoRecorderModalClose",false],["OpenConversationWithIds",false],["EnsureChannel",false],["EnsureAppViewType",false],["RedirectFileChannel",false],["RedirectChannelCanvasToCanvas",false],["RedirectLegacyFileBrowsersToUnified",false],["RedirectFileChannel",false],["SyncSearchTab",false],["RedirectHuddleRecordChannel",false],["EnsureCannedCanvasTemplates",false],["EnsureChannelHasParentTabMiddleware",false],["EnsureMessagesTabHasTabIdMiddleware",false],["TriggerMegaphoneGalleryFlow",false],["MaybeCloseSecondaryViewAfterSplit",false],["CanvasSetScrollParam",false],["RedirectSlackbotHistory",false],["RedirectSlackbotBadge",false],["EnsureActivityInboxMiddleware",false],["EnsureSearchPrimaryPrototypeMiddleware",false],["EnsureActivitySidebarPrototypeMiddleware",false]],"shouldTerminateNavigation":false,"executionTime":0,"nextTab":"home"} 
[08/04/26, 21:51:59:382] info: [NAVIGATION-MIDDLEWARE] Finish middleware execution for primary container {"maybeTransformedViewSet":{"sidebar":{"id":"ChannelList","viewType":"ChannelList","uiState":{}},"primary":{"id":"Vall_threads","viewType":"Threads"}},"terminateNavigation":false,"isViewTransformed":false,"iterationCount":0,"executionTime":0.10000000009313226} 
[08/04/26, 21:51:59:382] info: [NAVIGATION-MIDDLEWARE] Navigation middleware execution is complete {"maybeUpdatedViewSet":{"sidebar":{"id":"ChannelList","viewType":"ChannelList","uiState":{}},"primary":{"id":"Vall_threads","viewType":"Threads"}},"terminateNavigation":false,"executionTime":0.6000000000931323,"nextTab":"home"} 
[08/04/26, 21:51:59:382] info: [NAVIGATE-IN-MAIN-WIND] Built view set after middleware {"viewSet":{"sidebar":{"id":"ChannelList","viewType":"ChannelList","uiState":{}},"primary":{"id":"Vall_threads","viewType":"Threads"}},"nextTab":"home"} 
[08/04/26, 21:51:59:386] info: [NAVIGATE-LISTENERS] (T034MTGTM) Starting navigation listeners for triggerType NAVIGATION 
[08/04/26, 21:51:59:386] info: [NAVIGATE-LISTENERS] (T034MTGTM) Navigation listeners complete without errors 
[08/04/26, 21:51:59:386] info: [NAVIGATE-IN-MAIN-WIND]  Navigation thunk execution complete {"id":"Vall_threads","viewType":"Threads","options":{}} 
[08/04/26, 21:51:59:387] info: Breadcrumb: ui.click: div.p-channel_sidebar__link.p-channel_sidebar__link--all-threads  
[08/04/26, 21:51:59:399] info: [THREADS-VIEW] (T034MTGTM) mounting 
[08/04/26, 21:51:59:400] info: [API-Q] (T034MTGTM) 8f0ebd62-1785860519.399 subscriptions.thread.getView called with reason: fetch-threads-view-via-refresh 
[08/04/26, 21:51:59:400] info: [API-Q] (T034MTGTM) 8f0ebd62-1785860519.399 subscriptions.thread.getView is ENQUEUED 
[08/04/26, 21:51:59:453] info: [API-Q] (T034MTGTM) 8f0ebd62-1785860519.399 subscriptions.thread.getView is ACTIVE 
[08/04/26, 21:51:59:459] info: [ALLTHREADSROWELEMENT] (T034MTGTM) From channel badges count, has unreads: false with badge count: 0 
[08/04/26, 21:51:59:473] info: Store: EXTEND_MENU T034MTGTM: menucategory-file,menucategory-view,menucategory-edit,menucategory-help,menucategory-history 
[08/04/26, 21:51:59:967] info: [API-Q] (T034MTGTM) 8f0ebd62-1785860519.399 subscriptions.thread.getView is RESOLVED 
[08/04/26, 21:51:59:973] info: [ALLTHREADSROWELEMENT] (T034MTGTM) From channel badges count, has unreads: false with badge count: 0 
[08/04/26, 21:52:01:150] info: [FOCUS-EVENT] (T034MTGTM) Main window blurred 
[08/04/26, 21:52:08:328] info: [FOCUS-EVENT] (T034MTGTM) Main window focused 
[08/04/26, 21:52:08:340] info: [ALLTHREADSROWELEMENT] (T034MTGTM) From channel badges count, has unreads: false with badge count: 0 
[08/04/26, 21:52:08:603] info: [ALLTHREADSROWELEMENT] (T034MTGTM) From channel badges count, has unreads: false with badge count: 0 
[08/04/26, 21:52:08:603] info: [FOCUS-EVENT] (T034MTGTM) Main window blurred 
[08/04/26, 21:52:12:365] info: Store: FOREGROUND_APP  
[08/04/26, 21:52:12:365] info: Store: FOCUS_WINDOW  
[08/04/26, 21:52:12:854] info: Store: FOREGROUND_APP  
[08/04/26, 21:52:12:854] info: Store: FOCUS_WINDOW  
[08/04/26, 21:52:13:286] info: Store: FOREGROUND_APP  
[08/04/26, 21:52:13:286] info: Store: FOCUS_WINDOW  
[08/04/26, 21:52:13:567] info: Store: FOREGROUND_APP  
[08/04/26, 21:52:13:567] info: Store: FOCUS_WINDOW  
[08/04/26, 21:52:13:568] info: Store: FOREGROUND_APP  
[08/04/26, 21:52:13:568] info: Store: FOCUS_WINDOW  
[08/04/26, 21:52:15:008] info: [FOCUS-EVENT] (T034MTGTM) Main window focused 
[08/04/26, 21:52:15:021] info: [ALLTHREADSROWELEMENT] (T034MTGTM) From channel badges count, has unreads: false with badge count: 0 
[08/04/26, 21:52:15:734] info: [ALLTHREADSROWELEMENT] (T034MTGTM) From channel badges count, has unreads: false with badge count: 0 
[08/04/26, 21:52:15:735] info: [FOCUS-EVENT] (T034MTGTM) Main window blurred 
[08/04/26, 21:52:15:736] info: [PERSIST] (T034MTGTM) Persisting state to storage because the window is about to unload 
[08/04/26, 21:52:15:743] info: [VISIBILITY-STATE] (T034MTGTM) Main window visibility state changed: hidden 
[08/04/26, 21:52:15:760] info: [PERSIST] (T034MTGTM) Successfully persisted state 
[08/04/26, 21:52:17:412] info: Store: FOREGROUND_APP  
[08/04/26, 21:52:17:412] info: Store: FOCUS_WINDOW  
[08/04/26, 21:52:17:412] info: [VISIBILITY-STATE] (T034MTGTM) Main window visibility state changed: visible 
[08/04/26, 21:52:17:422] info: [FOCUS-EVENT] (T034MTGTM) Main window focused 
[08/04/26, 21:52:17:433] info: [ALLTHREADSROWELEMENT] (T034MTGTM) From channel badges count, has unreads: false with badge count: 0 
[08/04/26, 21:52:18:421] info: Store: UPDATE_SETTINGS {
  "mainWindowSettings": {
    "fullScreen": false,
    "maximized": true,
    "bounds": {
      "width": 1200,
      "height": 800,
      "x": 360,
      "y": 140
    }
  }
} 
[08/04/26, 21:52:18:422] info: [DESKTOP-SIDE-EFFECT] Update from desktop for keys  ["settings"] 
[08/04/26, 21:52:19:515] info: [ALLTHREADSROWELEMENT] (T034MTGTM) From channel badges count, has unreads: false with badge count: 0 
[08/04/26, 21:52:19:516] info: [FOCUS-EVENT] (T034MTGTM) Main window blurred 
[08/04/26, 21:52:19:832] info: Store: UPDATE_SETTINGS {
  "mainWindowSettings": {
    "fullScreen": false,
    "maximized": true,
    "bounds": {
      "width": 1200,
      "height": 800,
      "x": 360,
      "y": 140
    }
  }
} 
[08/04/26, 21:52:19:834] info: [DESKTOP-SIDE-EFFECT] Update from desktop for keys  ["settings"] 
[08/04/26, 21:52:27:720] info: [SIDEBAR-NOISE-METRICS] (T034MTGTM) Logging sidebar noise metrics 
[08/04/26, 21:52:27:720] info: [SIDEBAR-STATS] (T034MTGTM) Begin gathering sidebar stats 
[08/04/26, 21:52:27:720] info: [SIDEBAR-NOISE-METRICS] (T034MTGTM) Stored first sidebar metrics (no previous data) 
[08/04/26, 21:52:28:183] info: [FOCUS-EVENT] (T034MTGTM) Main window focused 
[08/04/26, 21:52:28:193] info: [ALLTHREADSROWELEMENT] (T034MTGTM) From channel badges count, has unreads: false with badge count: 0 
[08/04/26, 21:52:28:670] info: [ALLTHREADSROWELEMENT] (T034MTGTM) From channel badges count, has unreads: false with badge count: 0 
[08/04/26, 21:52:28:671] info: [FOCUS-EVENT] (T034MTGTM) Main window blurred 
[08/04/26, 21:52:29:463] info: [FOCUS-EVENT] (T034MTGTM) Main window focused 
[08/04/26, 21:52:29:472] info: [ALLTHREADSROWELEMENT] (T034MTGTM) From channel badges count, has unreads: false with badge count: 0 
[08/04/26, 21:52:30:902] info: [ALLTHREADSROWELEMENT] (T034MTGTM) From channel badges count, has unreads: false with badge count: 0 
[08/04/26, 21:52:30:903] info: [FOCUS-EVENT] (T034MTGTM) Main window blurred 
[08/04/26, 21:52:43:582] info: [API-Q] (T034MTGTM) 8f0ebd62-1785860563.581 search.precache called with reason: search-precache-onFocus-omniswitcher 
[08/04/26, 21:52:43:582] info: [API-Q] (T034MTGTM) 8f0ebd62-1785860563.581 search.precache is ENQUEUED 
[08/04/26, 21:52:43:582] info: [API-Q] (T034MTGTM) 8f0ebd62-1785860563.581 search.precache is ACTIVE 
[08/04/26, 21:52:43:899] info: [API-Q] (T034MTGTM) 8f0ebd62-1785860563.581 search.precache is RESOLVED 
[08/04/26, 21:53:13:105] info: [FOCUS-EVENT] (T034MTGTM) Main window focused 
[08/04/26, 21:53:13:117] info: [ALLTHREADSROWELEMENT] (T034MTGTM) From channel badges count, has unreads: false with badge count: 0 
[08/04/26, 21:53:13:887] info: [ALLTHREADSROWELEMENT] (T034MTGTM) From channel badges count, has unreads: false with badge count: 0 
[08/04/26, 21:53:13:888] info: [FOCUS-EVENT] (T034MTGTM) Main window blurred 
[08/04/26, 21:53:13:909] info: [PERSIST] (T034MTGTM) Persisting state to storage because the window is about to unload 
[08/04/26, 21:53:13:916] info: [VISIBILITY-STATE] (T034MTGTM) Main window visibility state changed: hidden 
[08/04/26, 21:53:13:939] info: [PERSIST] (T034MTGTM) Successfully persisted state 
[08/04/26, 21:54:25:764] info: [NOTIFICATIONS] (T034MTGTM) shouldShowNotificationForChannelMessage: '6' 
[08/04/26, 21:56:06:763] info: [DND_V2] (T034MTGTM) Checking for changes in DND status for the following members: U0BMLBAL6BB,U0BFG9ME1PU,U0BAGGCKXPG,UUUCQ8M60,U0B7AK4RN94,U0281PN3FK7,U05NDHT7XKN,U08HQNFBKNU,U0AN4MW8C1L,U03K53FBQ56,U0BMQ37GZC4,U06L64XQ2GM,U0B651LA6D6,U0A9F5E85RT,U0B6CH0UPUG,U02PFF8FDFX,U07B4LA7J4U,U095QQV4BPC,U07C3A1BM5W,U098CAQM02K,U02T4BAPFUH,U0AHYN85WCB,U05T1HTT013,U0AT5TNUDB7,U0AD7MZ67L1,U0B3E2HFGTY,U0B8VNQ18SE,U0AG75CCMC0,U03NE0Y42BS,U0A9STKDEDD,U09A0MN0DN2,U0BC47BBGE5,U093UPC41ML,U09KSSG5N6B,U0A83PLD13Q,U0B62QNB89F,U0AD5PUGHG8,UB8HLLBPA,U0BF4P80UV9,U0BJH73TJ04,U0ADU1CCKSS,U0B1JTR2ZEH,U0B9WU09UE7,U07F40C5UUU,U0BHWQSJ6KY,U09AENA8LAK,U020W1Q5VE2,U0ALUM61X6X,U0AFQ8WJH60,U0BKKA4Q0EB,U09RDAETB18,U0AKGA295EZ,U0BJD0FUYGM,U05T6UT0WTE,U01TY6VMGE4,U0BKXCKDE8M,U0B3T7JRPPB,U0B7ALYKSTY,U0A8GDRN60H,U05CFHVHJLT,U0A6N4PE6JZ,U097LM2EXC0,U0BAD39BJ1K,U0AS4NB13UH,U0AESK2HKFH,U075TR9DA7R,U0A6SMXT20G,U0BLFT6B5PY,U0ACDDQEZD3,U0B11SGN7CP,U05LWK40W0Z,U0B0ZBW82EQ,U0BJLLE07MW,U087X6RVAKH,U05R2PWEWUQ,U0916DC0XHD,U0B52Q53679,U0AP93YSJU8,U09DV6H1916,U0B6D09LAJE,U0A88QCK37W,U08U3QQAL92,U094ZQMNKPT,U076VMTLFAB,U07NXRJ1CPK,U0B2X7BJCQ2,U07053LC9NC,U0BET25NXQC,U03KKJVDNA3,U0A8J8KVB16,U0BG5AXL7K2,U08NK3ZPZ97,U09HNLDJZ6W,U0AL9CW9SHW,U0BET222K44,U08F1ESUS87,U09B5ARDZEW,U0935A3R938,U0AQYM09B8C,U0B5N57PQRM,U0A756K52MC,U0826PLDTNV,U0BDQQJMBGW,U0B8TLP0W22,U0ASEULE1L2,U07VAH5JULC,U0B36KMRCF4,U0AV47KDL2D,U03QTRQT41E,U0BF1DT1R5J,U0AG3LLUTJN,U09CMFX47AT,U0A5BG0BRKM,U0AS8GC17H9,U0AM9VA632Q,U093RB4SMDK,U0B3388LLLV,U0BFZDJCD28,U0BHATKE8P6,U0B5XG34N5V,U06E6N14CPR,U0B9LTMAZKM,U0744L27Z5Z,U0AHG124D9B,U0BBLT4C66B,U0B75V1B0ET,U09FU6N3658,U099TU8AER4,U06AXT450US,U0B6S1MQWJU,U0ASL41DLE4,U09CGHHJC7R,U09B475JNEL,U07HFBDF9BL,U0B8RSCPL6L,U0ATN50LEF6,U09SQCP1LDS,U0AUUTU5HQC,U0BGQ1XACEL,U0B4R6VCQN5,U0B4J6SCZHA,U0AJ1MG06P7,U0ADKLF6JS3,U01HM6SJKG8,U01M9376KL5,U06NN89EF2A,U084005K6J3,U0B8GMW5C2K,U0A83PENQ9L,U097PKW6NDC,U08M4SG9WKV,U0AB93EQ8Q4,U0ATGKDA12S,U0AS88FAHTM,U0B7ASGR2MC,U09AY81SV7C,U0ATNNB1A07,U0A777H4798,U037GHEHLV7,U088E894GAY,U0A16GXEEUR,U098CB0PJJ3,U0AV12ZE279,U0BF0U1KW1M,U0BET247128,U0B4GASTKS6,U0BE4649N3T,U0BAHUTQNH4,U0940B20DCZ,U05P65ML3A8,U0A5DS2A6NM,U0B35G0K63E,U0BJDLB2DQW,U0B4H4P349G,UR12RHT3L,U0A3MA8JMBM,U087X6RQJ2K,U0B1MSYUBAQ,U0BEM9Z44KY,U0BGAK988GY,U07BBK4A6CV,U08ERHPPVPE,U0B0YS0LHGX,U07GKFA2L1K,U08LD4DP3T7,U0AF7GLDJ2H,U0A3433V6MN,U099UBFSLES,U0BEL19BL93,U0AN3AXN5B7,U0959F95DR6,U0A777LAD50,U0AUBR6EYDD,U0B12RD46RM,U0916DK05E3,U06RC8NG613,U0BFHL0M924,U07PM4U972N,U0BER7ZDBLH,U09AL47EKL7,U0AG57ZE856,U09C9LZUDAM,U0A9JDS2W07,U0955MY4725,U0ATX9VB1FV,U08R4A987FV,U08BTMNSL2V,U091SUQPSG4,U0ASFK3BYL9,U07AFJ0L22X,U0BEXKSB9L2,U09L8TNUG3X,U0BE7UV5JRM,U0B7GDW2D5J,U098HQQK5HS,U05KWPX16EA,U0AN7CYLRJ6,U0AJQDX6S4S,U08QL5AGBEC,U0ALLFL329H,U097PKX9UBY,U095QR10Y2W,U0AP5KWKP4N,U0BHSANRG9Y,U0AHS4REJJF,U0B6019F8BU,U09P8J06JRF,U0AG57U22E4,U0BEMA7BLG6,U024JQETG1X,U03SGUCFLF4,U07JVB9FN73,U09BK3L9YRG,U03KTJRBAB0,U08FCHZEYLX,U08DM9LKPRQ,U097XNR6S02,U0ADR484C0N,U088QDGL709,U0A54GAF9LL,U071081DDEH,U08T1T26S2W,U020KE4A94G,U08SFUGM5JM,U0BFHL14796,U034UN2060H,U07Q2TE41HT,U029V033DEU,U0A7L5J8MMX,U0AVATND84T,U078DGGBJN7,U0BFJ73BH4Z,U0ANZUAE4UV,U0AKD7EV59R,U0AJ0H4DB8A 
[08/04/26, 21:56:06:765] info: [DND_V2] (T034MTGTM) Will check for changes in DND status again in 3.9 minutes 
[08/04/26, 21:57:27:776] info: [RTM-EVENT-METRICS] Metrics collection sampling has been reset. 
[08/04/26, 22:00:01:763] info: [DND_V2] (T034MTGTM) Checking for changes in DND status for the following members: U0BMLBAL6BB,U0BFG9ME1PU,U0BAGGCKXPG,UUUCQ8M60,U0B7AK4RN94,U0281PN3FK7,U05NDHT7XKN,U08HQNFBKNU,U0AN4MW8C1L,U03K53FBQ56,U0BMQ37GZC4,U06L64XQ2GM,U0B651LA6D6,U0A9F5E85RT,U0B6CH0UPUG,U02PFF8FDFX,U07B4LA7J4U,U095QQV4BPC,U07C3A1BM5W,U098CAQM02K,U02T4BAPFUH,U0AHYN85WCB,U05T1HTT013,U0AT5TNUDB7,U0AD7MZ67L1,U0B3E2HFGTY,U0B8VNQ18SE,U0AG75CCMC0,U03NE0Y42BS,U0A9STKDEDD,U09A0MN0DN2,U0BC47BBGE5,U093UPC41ML,U09KSSG5N6B,U0A83PLD13Q,U0B62QNB89F,U0AD5PUGHG8,UB8HLLBPA,U0BF4P80UV9,U0BJH73TJ04,U0ADU1CCKSS,U0B1JTR2ZEH,U0B9WU09UE7,U07F40C5UUU,U0BHWQSJ6KY,U09AENA8LAK,U020W1Q5VE2,U0ALUM61X6X,U0AFQ8WJH60,U0BKKA4Q0EB,U09RDAETB18,U0AKGA295EZ,U0BJD0FUYGM,U05T6UT0WTE,U01TY6VMGE4,U0BKXCKDE8M,U0B3T7JRPPB,U0B7ALYKSTY,U0A8GDRN60H,U05CFHVHJLT,U0A6N4PE6JZ,U097LM2EXC0,U0BAD39BJ1K,U0AS4NB13UH,U0AESK2HKFH,U075TR9DA7R,U0A6SMXT20G,U0BLFT6B5PY,U0ACDDQEZD3,U0B11SGN7CP,U05LWK40W0Z,U0B0ZBW82EQ,U0BJLLE07MW,U087X6RVAKH,U05R2PWEWUQ,U0916DC0XHD,U0B52Q53679,U0AP93YSJU8,U09DV6H1916,U0B6D09LAJE,U0A88QCK37W,U08U3QQAL92,U094ZQMNKPT,U076VMTLFAB,U07NXRJ1CPK,U0B2X7BJCQ2,U07053LC9NC,U0BET25NXQC,U03KKJVDNA3,U0A8J8KVB16,U0BG5AXL7K2,U08NK3ZPZ97,U09HNLDJZ6W,U0AL9CW9SHW,U0BET222K44,U08F1ESUS87,U09B5ARDZEW,U0935A3R938,U0AQYM09B8C,U0B5N57PQRM,U0A756K52MC,U0826PLDTNV,U0BDQQJMBGW,U0B8TLP0W22,U0ASEULE1L2,U07VAH5JULC,U0B36KMRCF4,U0AV47KDL2D,U03QTRQT41E,U0BF1DT1R5J,U0AG3LLUTJN,U09CMFX47AT,U0A5BG0BRKM,U0AS8GC17H9,U0AM9VA632Q,U093RB4SMDK,U0B3388LLLV,U0BFZDJCD28,U0BHATKE8P6,U0B5XG34N5V,U06E6N14CPR,U0B9LTMAZKM,U0744L27Z5Z,U0AHG124D9B,U0BBLT4C66B,U0B75V1B0ET,U09FU6N3658,U099TU8AER4,U06AXT450US,U0B6S1MQWJU,U0ASL41DLE4,U09CGHHJC7R,U09B475JNEL,U07HFBDF9BL,U0B8RSCPL6L,U0ATN50LEF6,U09SQCP1LDS,U0AUUTU5HQC,U0BGQ1XACEL,U0B4R6VCQN5,U0B4J6SCZHA,U0AJ1MG06P7,U0ADKLF6JS3,U01HM6SJKG8,U01M9376KL5,U06NN89EF2A,U084005K6J3,U0B8GMW5C2K,U0A83PENQ9L,U097PKW6NDC,U08M4SG9WKV,U0AB93EQ8Q4,U0ATGKDA12S,U0AS88FAHTM,U0B7ASGR2MC,U09AY81SV7C,U0ATNNB1A07,U0A777H4798,U037GHEHLV7,U088E894GAY,U0A16GXEEUR,U098CB0PJJ3,U0AV12ZE279,U0BF0U1KW1M,U0BET247128,U0B4GASTKS6,U0BE4649N3T,U0BAHUTQNH4,U0940B20DCZ,U05P65ML3A8,U0A5DS2A6NM,U0B35G0K63E,U0BJDLB2DQW,U0B4H4P349G,UR12RHT3L,U0A3MA8JMBM,U087X6RQJ2K,U0B1MSYUBAQ,U0BEM9Z44KY,U0BGAK988GY,U07BBK4A6CV,U08ERHPPVPE,U0B0YS0LHGX,U07GKFA2L1K,U08LD4DP3T7,U0AF7GLDJ2H,U0A3433V6MN,U099UBFSLES,U0BEL19BL93,U0AN3AXN5B7,U0959F95DR6,U0A777LAD50,U0AUBR6EYDD,U0B12RD46RM,U0916DK05E3,U06RC8NG613,U0BFHL0M924,U07PM4U972N,U0BER7ZDBLH,U09AL47EKL7,U0AG57ZE856,U09C9LZUDAM,U0A9JDS2W07,U0955MY4725,U0ATX9VB1FV,U08R4A987FV,U08BTMNSL2V,U091SUQPSG4,U0ASFK3BYL9,U07AFJ0L22X,U0BEXKSB9L2,U09L8TNUG3X,U0BE7UV5JRM,U0B7GDW2D5J,U098HQQK5HS,U05KWPX16EA,U0AN7CYLRJ6,U0AJQDX6S4S,U08QL5AGBEC,U0ALLFL329H,U097PKX9UBY,U095QR10Y2W,U0AP5KWKP4N,U0BHSANRG9Y,U0AHS4REJJF,U0B6019F8BU,U09P8J06JRF,U0AG57U22E4,U0BEMA7BLG6,U024JQETG1X,U03SGUCFLF4,U07JVB9FN73,U09BK3L9YRG,U03KTJRBAB0,U08FCHZEYLX,U08DM9LKPRQ,U097XNR6S02,U0ADR484C0N,U088QDGL709,U0A54GAF9LL,U071081DDEH,U08T1T26S2W,U020KE4A94G,U08SFUGM5JM,U0BFHL14796,U034UN2060H,U07Q2TE41HT,U029V033DEU,U0A7L5J8MMX,U0AVATND84T,U078DGGBJN7,U0BFJ73BH4Z,U0ANZUAE4UV,U0AKD7EV59R,U0AJ0H4DB8A 
[08/04/26, 22:00:01:763] info: [DND_V2] (T034MTGTM) Will check for changes in DND status again in 5 minutes 
[08/04/26, 22:00:01:765] info: [DND_V2] (T034MTGTM) Members with DND changes: U0BMLBAL6BB,U0BFG9ME1PU,U0BAGGCKXPG,UUUCQ8M60,U0B7AK4RN94,U0281PN3FK7,U05NDHT7XKN,U08HQNFBKNU,U0AN4MW8C1L,U0BMQ37GZC4,U06L64XQ2GM,U0A9F5E85RT,U02PFF8FDFX,U095QQV4BPC,U07C3A1BM5W,U098CAQM02K,U0AHYN85WCB,U0AT5TNUDB7,U0AD7MZ67L1,U0B3E2HFGTY,U0B8VNQ18SE,U0AG75CCMC0,U0A9STKDEDD,U09A0MN0DN2,U0BC47BBGE5,U093UPC41ML,U09KSSG5N6B,U0A83PLD13Q,U0AD5PUGHG8,UB8HLLBPA,U0BF4P80UV9,U0BJH73TJ04,U0ADU1CCKSS,U0B1JTR2ZEH,U0B9WU09UE7,U0BHWQSJ6KY,U09AENA8LAK,U020W1Q5VE2,U0ALUM61X6X,U0AFQ8WJH60,U0BKKA4Q0EB,U09RDAETB18,U0AKGA295EZ,U0BJD0FUYGM,U01TY6VMGE4,U0BKXCKDE8M,U0B3T7JRPPB,U0B7ALYKSTY,U0A8GDRN60H,U05CFHVHJLT,U0A6N4PE6JZ,U097LM2EXC0,U0BAD39BJ1K,U0AS4NB13UH,U0AESK2HKFH,U075TR9DA7R,U0A6SMXT20G,U0BLFT6B5PY,U0ACDDQEZD3,U0B11SGN7CP,U05LWK40W0Z,U0BJLLE07MW,U087X6RVAKH,U05R2PWEWUQ,U0916DC0XHD,U0B52Q53679,U0AP93YSJU8,U0B6D09LAJE,U0A88QCK37W,U094ZQMNKPT,U07NXRJ1CPK,U0B2X7BJCQ2,U07053LC9NC,U0BET25NXQC,U03KKJVDNA3,U0A8J8KVB16,U0BG5AXL7K2,U09HNLDJZ6W,U0AL9CW9SHW,U0BET222K44,U08F1ESUS87,U09B5ARDZEW,U0935A3R938,U0AQYM09B8C,U0B5N57PQRM,U0A756K52MC,U0826PLDTNV,U0BDQQJMBGW,U0B8TLP0W22,U0ASEULE1L2,U07VAH5JULC,U0B36KMRCF4,U0AV47KDL2D,U03QTRQT41E,U0BF1DT1R5J,U0AG3LLUTJN,U09CMFX47AT,U0A5BG0BRKM,U0AS8GC17H9,U0AM9VA632Q,U093RB4SMDK,U0B3388LLLV,U0BFZDJCD28,U0BHATKE8P6,U0B5XG34N5V,U06E6N14CPR,U0B9LTMAZKM,U0744L27Z5Z,U0AHG124D9B,U0BBLT4C66B,U0B75V1B0ET,U09FU6N3658,U099TU8AER4,U06AXT450US,U0B6S1MQWJU,U0ASL41DLE4,U09CGHHJC7R,U09B475JNEL,U07HFBDF9BL,U0B8RSCPL6L,U0ATN50LEF6,U09SQCP1LDS,U0AUUTU5HQC,U0BGQ1XACEL,U0B4R6VCQN5,U0B4J6SCZHA,U0AJ1MG06P7,U0ADKLF6JS3,U01HM6SJKG8,U06NN89EF2A,U084005K6J3,U0B8GMW5C2K,U097PKW6NDC,U08M4SG9WKV,U0AB93EQ8Q4,U0ATGKDA12S,U0B7ASGR2MC,U09AY81SV7C,U0ATNNB1A07,U0A777H4798,U037GHEHLV7,U088E894GAY,U0A16GXEEUR,U098CB0PJJ3,U0AV12ZE279,U0BF0U1KW1M,U0BET247128,U0B4GASTKS6,U0BE4649N3T,U0BAHUTQNH4,U0940B20DCZ,U0A5DS2A6NM,U0B35G0K63E,U0BJDLB2DQW,U0B4H4P349G,U0A3MA8JMBM,U087X6RQJ2K,U0BEM9Z44KY,U0BGAK988GY,U07BBK4A6CV,U0B0YS0LHGX,U07GKFA2L1K,U0AF7GLDJ2H,U0A3433V6MN,U099UBFSLES,U0BEL19BL93,U0AN3AXN5B7,U0959F95DR6,U0A777LAD50,U0AUBR6EYDD,U0B12RD46RM,U0916DK05E3,U06RC8NG613,U0BFHL0M924,U07PM4U972N,U0BER7ZDBLH,U0AG57ZE856,U0A9JDS2W07,U0955MY4725,U0ATX9VB1FV,U08R4A987FV,U08BTMNSL2V,U091SUQPSG4,U0ASFK3BYL9,U0BEXKSB9L2,U09L8TNUG3X,U0BE7UV5JRM,U0B7GDW2D5J,U098HQQK5HS,U05KWPX16EA,U0AN7CYLRJ6,U0AJQDX6S4S,U08QL5AGBEC,U0ALLFL329H,U097PKX9UBY,U095QR10Y2W,U0AP5KWKP4N,U0BHSANRG9Y,U0AHS4REJJF,U09P8J06JRF,U0AG57U22E4,U0BEMA7BLG6,U024JQETG1X,U03SGUCFLF4,U07JVB9FN73,U03KTJRBAB0,U08FCHZEYLX,U08DM9LKPRQ,U097XNR6S02,U0ADR484C0N,U0A54GAF9LL,U071081DDEH,U08T1T26S2W,U08SFUGM5JM,U0BFHL14796,U034UN2060H,U07Q2TE41HT,U029V033DEU,U0AVATND84T,U078DGGBJN7,U0BFJ73BH4Z,U0ANZUAE4UV,U0AKD7EV59R,U0AJ0H4DB8A 
[08/04/26, 22:00:01:765] info: [DND_V2] updateDndProfileStatuses expects a non-empty object of member IDs and profile statuses 
[08/04/26, 22:00:01:766] info: [DND_V2] (T034MTGTM) Will check for changes in DND status again in 5 minutes 
