[08/04/26, 21:47:04:919] info: 
╔══════════════════════════════════════════════════════╗
║      Slack 4.51.180, linux 7.1.5-arch1-2 on x64      ║
╚══════════════════════════════════════════════════════╝ 
[08/04/26, 21:47:04:919] info: Configured logger via 
{
  "enableConsoleTransport": true,
  "identifierOverride": "webapp-service-worker-console",
  "loggerInstanceCount": 2
}
[08/04/26, 21:47:04:919] info: Predefined values for process 
{
  "NODE_ENV": "production",
  "platform": "linux",
  "type": "browser",
  "timeZone": "Asia/Calcutta",
  "PACKAGE_MANIFEST.productName": "Slack",
  "PACKAGE_MANIFEST.version": "4.51.180",
  "PACKAGE_MANIFEST.commit": "13ab62b",
  "PACKAGE_MANIFEST.branch": "HEAD"
}
[08/04/26, 21:47:27:744] info: Boots up new service worker version 
{
  "scriptUrl": "https://app.slack.com/service-worker.js",
  "scope": "https://app.slack.com/",
  "renderProcessId": 4,
  "versionId": 0
}
[08/04/26, 21:47:27:744] info: Aug-04 21:47:27.744 [SERVICE-WORKER] install event [object ServiceWorkerGlobalScope] 
{
  "versionId": 0
}
[08/04/26, 21:47:27:744] info: Aug-04 21:47:27.744 [SERVICE-WORKER] SimpleMetrics starting interval 
{
  "versionId": 0
}
[08/04/26, 21:47:27:747] info: Aug-04 21:47:27.746 [SERVICE-WORKER] activate event [object ExtendableEvent] 
{
  "versionId": 0
}
[08/04/26, 21:47:27:751] info: Aug-04 21:47:27.751 [SERVICE-WORKER] fetching asset https://a.slack-edge.com/bv1-13-br/gantry-v2-async-ai-explain-view.519c5025d313e814.min.js 
{
  "versionId": 0
}
[08/04/26, 21:47:27:752] info: Aug-04 21:47:27.751 [SERVICE-WORKER] fetching asset https://a.slack-edge.com/bv1-13-br/gantry-v2-async-client-recent-platform-view.4f909c1db8279740.min.js 
{
  "versionId": 0
}
[08/04/26, 21:47:27:752] info: Aug-04 21:47:27.752 [SERVICE-WORKER] fetching asset https://a.slack-edge.com/bv1-13-br/gantry-v2-async-today-unreads-view.8972c6d15894dbe6.min.css 
{
  "versionId": 0
}
[08/04/26, 21:47:27:752] info: Aug-04 21:47:27.752 [SERVICE-WORKER] fetching asset https://a.slack-edge.com/bv1-13-br/gantry-v2-async-activity-later-reminder-details-view.abc2b84d31815636.min.css 
{
  "versionId": 0
}
[08/04/26, 21:47:27:767] info: Aug-04 21:47:27.766 [SERVICE-WORKER] putting asset in cache https://a.slack-edge.com/bv1-13-br/gantry-v2-async-activity-later-reminder-details-view.abc2b84d31815636.min.css 
{
  "versionId": 0
}
[08/04/26, 21:47:27:768] info: Aug-04 21:47:27.768 [SERVICE-WORKER] putting asset in cache https://a.slack-edge.com/bv1-13-br/gantry-v2-async-today-unreads-view.8972c6d15894dbe6.min.css 
{
  "versionId": 0
}
[08/04/26, 21:47:27:768] info: Aug-04 21:47:27.768 [SERVICE-WORKER] putting asset in cache https://a.slack-edge.com/bv1-13-br/gantry-v2-async-ai-explain-view.519c5025d313e814.min.js 
{
  "versionId": 0
}
[08/04/26, 21:47:27:770] info: Aug-04 21:47:27.769 [SERVICE-WORKER] putting asset in cache https://a.slack-edge.com/bv1-13-br/gantry-v2-async-client-recent-platform-view.4f909c1db8279740.min.js 
{
  "versionId": 0
}
[08/04/26, 21:47:27:772] info: Aug-04 21:47:27.772 [SERVICE-WORKER] fetching asset https://a.slack-edge.com/bv1-13-br/RobotoMono-Latin-Ext-Regular-e598486.woff2 
{
  "versionId": 0
}
[08/04/26, 21:47:27:773] info: Aug-04 21:47:27.773 [SERVICE-WORKER] fetching asset https://a.slack-edge.com/bv1-13-br/gantry-v2-async-record-files-list-all-view.26f45c0ed3c3837e.min.js 
{
  "versionId": 0
}
[08/04/26, 21:47:27:773] info: Aug-04 21:47:27.773 [SERVICE-WORKER] fetching asset https://a.slack-edge.com/bv1-13-br/gantry-v2-async-js_quip-src_parts_icons_grid16_tsx.4c2ef05114dfb926.min.js 
{
  "versionId": 0
}
[08/04/26, 21:47:27:774] info: Aug-04 21:47:27.774 [SERVICE-WORKER] fetching asset https://a.slack-edge.com/bv1-13-br/model32-a64c235.tfjson 
{
  "versionId": 0
}
[08/04/26, 21:47:27:781] info: Aug-04 21:47:27.781 [SERVICE-WORKER] putting asset in cache https://a.slack-edge.com/bv1-13-br/RobotoMono-Latin-Ext-Regular-e598486.woff2 
{
  "versionId": 0
}
[08/04/26, 21:47:27:782] info: Aug-04 21:47:27.782 [SERVICE-WORKER] putting asset in cache https://a.slack-edge.com/bv1-13-br/gantry-v2-async-record-files-list-all-view.26f45c0ed3c3837e.min.js 
{
  "versionId": 0
}
[08/04/26, 21:47:27:783] info: Aug-04 21:47:27.783 [SERVICE-WORKER] fetching asset https://a.slack-edge.com/bv1-13-br/gantry-v2-async-client-app-space-view.071871360b92b3be.min.js 
{
  "versionId": 0
}
[08/04/26, 21:47:27:783] info: Aug-04 21:47:27.783 [SERVICE-WORKER] fetching asset https://a.slack-edge.com/bv1-13-br/gantry-v2-async-workflow-builder-segment-form-webhook.6365706835b5a726.min.css 
{
  "versionId": 0
}
[08/04/26, 21:47:27:784] info: Aug-04 21:47:27.784 [SERVICE-WORKER] putting asset in cache https://a.slack-edge.com/bv1-13-br/gantry-v2-async-js_quip-src_parts_icons_grid16_tsx.4c2ef05114dfb926.min.js 
{
  "versionId": 0
}
[08/04/26, 21:47:27:785] info: Aug-04 21:47:27.785 [SERVICE-WORKER] putting asset in cache https://a.slack-edge.com/bv1-13-br/model32-a64c235.tfjson 
{
  "versionId": 0
}
[08/04/26, 21:47:27:786] info: Aug-04 21:47:27.786 [SERVICE-WORKER] fetching asset https://a.slack-edge.com/bv1-13-br/gantry-v2-async-prototype-widget-block.4ec483a74229f33b.min.css 
{
  "versionId": 0
}
[08/04/26, 21:47:27:790] info: Aug-04 21:47:27.790 [SERVICE-WORKER] fetching asset https://a.slack-edge.com/bv1-13-br/gantry-v2-async-client-help-browser-view.d66be0aebc39efe1.min.js 
{
  "versionId": 0
}
[08/04/26, 21:47:27:798] info: Aug-04 21:47:27.795 [SERVICE-WORKER] putting asset in cache https://a.slack-edge.com/bv1-13-br/gantry-v2-async-workflow-builder-segment-form-webhook.6365706835b5a726.min.css 
{
  "versionId": 0
}
[08/04/26, 21:47:27:798] info: Aug-04 21:47:27.795 [SERVICE-WORKER] putting asset in cache https://a.slack-edge.com/bv1-13-br/gantry-v2-async-prototype-widget-block.4ec483a74229f33b.min.css 
{
  "versionId": 0
}
[08/04/26, 21:47:27:798] info: Aug-04 21:47:27.796 [SERVICE-WORKER] putting asset in cache https://a.slack-edge.com/bv1-13-br/gantry-v2-async-client-app-space-view.071871360b92b3be.min.js 
{
  "versionId": 0
}
[08/04/26, 21:47:27:798] info: Aug-04 21:47:27.797 [SERVICE-WORKER] fetching asset https://a.slack-edge.com/bv1-13-br/gantry-v2-async-prompt-skill-add-popup.80434f297208f086.min.css 
{
  "versionId": 0
}
[08/04/26, 21:47:27:798] info: Aug-04 21:47:27.798 [SERVICE-WORKER] fetching asset https://a.slack-edge.com/bv1-13-br/gantry-v2-async-workflow-builder-boot-apis.f0a18ea48f812b78.min.js 
{
  "versionId": 0
}
[08/04/26, 21:47:27:798] info: Aug-04 21:47:27.798 [SERVICE-WORKER] fetching asset https://a.slack-edge.com/bv1-13-br/gantry-v2-async-hauntify-02.json.96a240b974cc3d18.min.js 
{
  "versionId": 0
}
[08/04/26, 21:47:27:801] info: Aug-04 21:47:27.801 [SERVICE-WORKER] putting asset in cache https://a.slack-edge.com/bv1-13-br/gantry-v2-async-client-help-browser-view.d66be0aebc39efe1.min.js 
{
  "versionId": 0
}
[08/04/26, 21:47:27:803] info: Aug-04 21:47:27.802 [SERVICE-WORKER] fetching asset https://a.slack-edge.com/bv1-13-br/gantry-v2-async-workflow-builder-page-workflow-editor.d99c4c921781097e.min.css 
{
  "versionId": 0
}
[08/04/26, 21:47:27:808] info: Aug-04 21:47:27.808 [SERVICE-WORKER] putting asset in cache https://a.slack-edge.com/bv1-13-br/gantry-v2-async-hauntify-02.json.96a240b974cc3d18.min.js 
{
  "versionId": 0
}
[08/04/26, 21:47:27:809] info: Aug-04 21:47:27.809 [SERVICE-WORKER] putting asset in cache https://a.slack-edge.com/bv1-13-br/gantry-v2-async-workflow-builder-boot-apis.f0a18ea48f812b78.min.js 
{
  "versionId": 0
}
[08/04/26, 21:47:27:809] info: Aug-04 21:47:27.809 [SERVICE-WORKER] fetching asset https://a.slack-edge.com/bv1-13-br/gantry-v2-async-main-window-client.5d59ae8d7ca9fb72.min.css 
{
  "versionId": 0
}
[08/04/26, 21:47:27:810] info: Aug-04 21:47:27.810 [SERVICE-WORKER] putting asset in cache https://a.slack-edge.com/bv1-13-br/gantry-v2-async-prompt-skill-add-popup.80434f297208f086.min.css 
{
  "versionId": 0
}
[08/04/26, 21:47:27:811] info: Aug-04 21:47:27.811 [SERVICE-WORKER] putting asset in cache https://a.slack-edge.com/bv1-13-br/gantry-v2-async-workflow-builder-page-workflow-editor.d99c4c921781097e.min.css 
{
  "versionId": 0
}
[08/04/26, 21:47:27:811] info: Aug-04 21:47:27.811 [SERVICE-WORKER] fetching asset https://a.slack-edge.com/bv1-13-br/gantry-v2-async-client-canvas-automations-view.ce85bb6e3d453a78.min.js 
{
  "versionId": 0
}
[08/04/26, 21:47:27:814] info: Aug-04 21:47:27.814 [SERVICE-WORKER] fetching asset https://a.slack-edge.com/bv1-13-br/gantry-v2-async-client-workflow-details.4f705c09ab7ec89d.min.css 
{
  "versionId": 0
}
[08/04/26, 21:47:27:814] info: Aug-04 21:47:27.814 [SERVICE-WORKER] fetching asset https://a.slack-edge.com/bv1-13-br/gantry-v2-async-js_quip-src_parts_icons_slack-private_tsx.395ad00f46c9a636.min.js 
{
  "versionId": 0
}
[08/04/26, 21:47:27:820] info: Aug-04 21:47:27.820 [SERVICE-WORKER] putting asset in cache https://a.slack-edge.com/bv1-13-br/gantry-v2-async-main-window-client.5d59ae8d7ca9fb72.min.css 
{
  "versionId": 0
}
[08/04/26, 21:47:27:822] info: Aug-04 21:47:27.822 [SERVICE-WORKER] putting asset in cache https://a.slack-edge.com/bv1-13-br/gantry-v2-async-client-canvas-automations-view.ce85bb6e3d453a78.min.js 
{
  "versionId": 0
}
[08/04/26, 21:47:27:824] info: Aug-04 21:47:27.824 [SERVICE-WORKER] putting asset in cache https://a.slack-edge.com/bv1-13-br/gantry-v2-async-client-workflow-details.4f705c09ab7ec89d.min.css 
{
  "versionId": 0
}
[08/04/26, 21:47:27:824] info: Aug-04 21:47:27.824 [SERVICE-WORKER] fetching asset https://a.slack-edge.com/bv1-13-br/gantry-v2-async-compare-plans-modal-pnp.c11a505d458883bf.min.js 
{
  "versionId": 0
}
[08/04/26, 21:47:27:825] info: Aug-04 21:47:27.825 [SERVICE-WORKER] putting asset in cache https://a.slack-edge.com/bv1-13-br/gantry-v2-async-js_quip-src_parts_icons_slack-private_tsx.395ad00f46c9a636.min.js 
{
  "versionId": 0
}
[08/04/26, 21:47:27:828] info: Aug-04 21:47:27.827 [SERVICE-WORKER] fetching asset https://a.slack-edge.com/bv1-13-br/gantry-v2-async-sparkles-wobbly.json.a1a285831ca22505.min.js 
{
  "versionId": 0
}
[08/04/26, 21:47:27:828] info: Aug-04 21:47:27.828 [SERVICE-WORKER] fetching asset https://a.slack-edge.com/bv1-13-br/gantry-v2-async-record-files-list-all-view.3fd7d902f24d3254.min.css 
{
  "versionId": 0
}
[08/04/26, 21:47:27:829] info: Aug-04 21:47:27.829 [SERVICE-WORKER] fetching asset https://a.slack-edge.com/bv1-13-br/lato-regular-ef8e44a.woff2 
{
  "versionId": 0
}
[08/04/26, 21:47:27:830] info: Aug-04 21:47:27.830 [SERVICE-WORKER] putting asset in cache https://a.slack-edge.com/bv1-13-br/lato-regular-ef8e44a.woff2 
{
  "versionId": 0
}
[08/04/26, 21:47:27:832] info: Aug-04 21:47:27.832 [SERVICE-WORKER] fetching asset https://a.slack-edge.com/bv1-13-br/gantry-v2-async-persona-card-clarity-connoisseur.c40639d727d278b5.min.js 
{
  "versionId": 0
}
[08/04/26, 21:47:27:836] info: Aug-04 21:47:27.836 [SERVICE-WORKER] putting asset in cache https://a.slack-edge.com/bv1-13-br/gantry-v2-async-compare-plans-modal-pnp.c11a505d458883bf.min.js 
{
  "versionId": 0
}
[08/04/26, 21:47:27:837] info: Aug-04 21:47:27.837 [SERVICE-WORKER] putting asset in cache https://a.slack-edge.com/bv1-13-br/gantry-v2-async-sparkles-wobbly.json.a1a285831ca22505.min.js 
{
  "versionId": 0
}
[08/04/26, 21:47:27:838] info: Aug-04 21:47:27.837 [SERVICE-WORKER] putting asset in cache https://a.slack-edge.com/bv1-13-br/gantry-v2-async-record-files-list-all-view.3fd7d902f24d3254.min.css 
{
  "versionId": 0
}
[08/04/26, 21:47:27:838] info: Aug-04 21:47:27.838 [SERVICE-WORKER] fetching asset https://a.slack-edge.com/bv1-13-br/vision_wasm_internal.86d004d5e9c0790a.bin.js 
{
  "versionId": 0
}
[08/04/26, 21:47:27:839] info: Aug-04 21:47:27.839 [SERVICE-WORKER] fetching asset https://a.slack-edge.com/bv1-13-br/gantry-v2-async-client-bbm-more-view.e7e5e4def8f32f89.min.js 
{
  "versionId": 0
}
[08/04/26, 21:47:27:840] info: Aug-04 21:47:27.840 [SERVICE-WORKER] fetching asset https://a.slack-edge.com/bv1-13-br/gantry-v2-async-slackbot-banner-animation.177ebf05fbfdd531.min.js 
{
  "versionId": 0
}
[08/04/26, 21:47:27:841] info: Aug-04 21:47:27.840 [SERVICE-WORKER] putting asset in cache https://a.slack-edge.com/bv1-13-br/gantry-v2-async-persona-card-clarity-connoisseur.c40639d727d278b5.min.js 
{
  "versionId": 0
}
[08/04/26, 21:47:27:842] info: Aug-04 21:47:27.842 [SERVICE-WORKER] fetching asset https://a.slack-edge.com/bv1-13-br/gantry-v2-async-js_quip-src_parts_icons_chat-color32_tsx.de95d074a51fc820.min.js 
{
  "versionId": 0
}
[08/04/26, 21:47:27:847] info: Aug-04 21:47:27.847 [SERVICE-WORKER] putting asset in cache https://a.slack-edge.com/bv1-13-br/vision_wasm_internal.86d004d5e9c0790a.bin.js 
{
  "versionId": 0
}
[08/04/26, 21:47:27:849] info: Aug-04 21:47:27.849 [SERVICE-WORKER] putting asset in cache https://a.slack-edge.com/bv1-13-br/gantry-v2-async-client-bbm-more-view.e7e5e4def8f32f89.min.js 
{
  "versionId": 0
}
[08/04/26, 21:47:27:851] info: Aug-04 21:47:27.851 [SERVICE-WORKER] putting asset in cache https://a.slack-edge.com/bv1-13-br/gantry-v2-async-js_quip-src_parts_icons_chat-color32_tsx.de95d074a51fc820.min.js 
{
  "versionId": 0
}
[08/04/26, 21:47:27:851] info: Aug-04 21:47:27.851 [SERVICE-WORKER] fetching asset https://a.slack-edge.com/bv1-13-br/Carlito-BoldItalic-2bf6ab5.woff2 
{
  "versionId": 0
}
[08/04/26, 21:47:27:851] info: Aug-04 21:47:27.851 [SERVICE-WORKER] fetching asset https://a.slack-edge.com/bv1-13-br/gantry-v2-async-client-work-object-file-preview-view.7a7e7e0c1ae1d6c9.min.js 
{
  "versionId": 0
}
[08/04/26, 21:47:27:852] info: Aug-04 21:47:27.851 [SERVICE-WORKER] putting asset in cache https://a.slack-edge.com/bv1-13-br/gantry-v2-async-slackbot-banner-animation.177ebf05fbfdd531.min.js 
{
  "versionId": 0
}
[08/04/26, 21:47:27:853] info: Aug-04 21:47:27.853 [SERVICE-WORKER] fetching asset https://a.slack-edge.com/bv1-13-br/AtkinsonHyperlegibleNext-3795751.woff2 
{
  "versionId": 0
}
[08/04/26, 21:47:27:862] info: Aug-04 21:47:27.862 [SERVICE-WORKER] putting asset in cache https://a.slack-edge.com/bv1-13-br/AtkinsonHyperlegibleNext-3795751.woff2 
{
  "versionId": 0
}
[08/04/26, 21:47:27:863] info: Aug-04 21:47:27.863 [SERVICE-WORKER] putting asset in cache https://a.slack-edge.com/bv1-13-br/gantry-v2-async-client-work-object-file-preview-view.7a7e7e0c1ae1d6c9.min.js 
{
  "versionId": 0
}
[08/04/26, 21:47:27:864] info: Aug-04 21:47:27.864 [SERVICE-WORKER] putting asset in cache https://a.slack-edge.com/bv1-13-br/Carlito-BoldItalic-2bf6ab5.woff2 
{
  "versionId": 0
}
[08/04/26, 21:47:27:866] info: Aug-04 21:47:27.866 [SERVICE-WORKER] fetching asset https://a.slack-edge.com/bv1-13-br/gantry-v2-async-js_quip-src_parts_icons_chat-color24_tsx.2831afbb8610a0da.min.js 
{
  "versionId": 0
}
[08/04/26, 21:47:27:867] info: Aug-04 21:47:27.867 [SERVICE-WORKER] fetching asset https://a.slack-edge.com/bv1-13-br/gantry-v2-async-client-bbm-main-view.e5b4193fd1126f31.min.js 
{
  "versionId": 0
}
[08/04/26, 21:47:27:871] info: Aug-04 21:47:27.871 [SERVICE-WORKER] fetching asset https://a.slack-edge.com/bv1-13-br/gantry-v2-async-workflow-builder-page-create-empty-workflow.8a65f511a8e554ff.min.js 
{
  "versionId": 0
}
[08/04/26, 21:47:27:882] info: Aug-04 21:47:27.882 [SERVICE-WORKER] putting asset in cache https://a.slack-edge.com/bv1-13-br/gantry-v2-async-js_quip-src_parts_icons_chat-color24_tsx.2831afbb8610a0da.min.js 
{
  "versionId": 0
}
[08/04/26, 21:47:27:883] info: Aug-04 21:47:27.883 [SERVICE-WORKER] putting asset in cache https://a.slack-edge.com/bv1-13-br/gantry-v2-async-client-bbm-main-view.e5b4193fd1126f31.min.js 
{
  "versionId": 0
}
[08/04/26, 21:47:27:884] info: Aug-04 21:47:27.884 [SERVICE-WORKER] fetching asset https://a.slack-edge.com/bv1-13-br/gantry-v2-async-lead-form-codemirror.364080691bb14bcc.min.js 
{
  "versionId": 0
}
[08/04/26, 21:47:27:884] info: Aug-04 21:47:27.884 [SERVICE-WORKER] fetching asset https://a.slack-edge.com/bv1-13-br/gantry-v2-async-ai-explain-view.4dfbb595f3ddb560.min.css 
{
  "versionId": 0
}
[08/04/26, 21:47:27:888] info: Aug-04 21:47:27.887 [SERVICE-WORKER] putting asset in cache https://a.slack-edge.com/bv1-13-br/gantry-v2-async-workflow-builder-page-create-empty-workflow.8a65f511a8e554ff.min.js 
{
  "versionId": 0
}
[08/04/26, 21:47:27:891] info: Aug-04 21:47:27.891 [SERVICE-WORKER] fetching asset https://a.slack-edge.com/bv1-13-br/gantry-v2-async-sales-sidebar-view.2bc70020dda948a4.min.css 
{
  "versionId": 0
}
[08/04/26, 21:47:27:891] info: Aug-04 21:47:27.891 [SERVICE-WORKER] fetching asset https://a.slack-edge.com/bv1-13-br/gantry-v2-async-client-record-ask-view.71847a03913886d1.min.js 
{
  "versionId": 0
}
[08/04/26, 21:47:27:894] info: Aug-04 21:47:27.894 [SERVICE-WORKER] putting asset in cache https://a.slack-edge.com/bv1-13-br/gantry-v2-async-lead-form-codemirror.364080691bb14bcc.min.js 
{
  "versionId": 0
}
[08/04/26, 21:47:27:895] info: Aug-04 21:47:27.895 [SERVICE-WORKER] putting asset in cache https://a.slack-edge.com/bv1-13-br/gantry-v2-async-ai-explain-view.4dfbb595f3ddb560.min.css 
{
  "versionId": 0
}
[08/04/26, 21:47:27:898] info: Aug-04 21:47:27.898 [SERVICE-WORKER] fetching asset https://a.slack-edge.com/bv1-13-br/gantry-v2-async-client-browse-apps-view.ac91537914f98b02.min.js 
{
  "versionId": 0
}
[08/04/26, 21:47:27:899] info: Aug-04 21:47:27.899 [SERVICE-WORKER] fetching asset https://a.slack-edge.com/bv1-13-br/gantry-v2-async-client-ai-workspace-list-banner.5ebf61ca2fd818e5.min.css 
{
  "versionId": 0
}
[08/04/26, 21:47:27:900] info: Aug-04 21:47:27.900 [SERVICE-WORKER] putting asset in cache https://a.slack-edge.com/bv1-13-br/gantry-v2-async-sales-sidebar-view.2bc70020dda948a4.min.css 
{
  "versionId": 0
}
[08/04/26, 21:47:27:901] info: Aug-04 21:47:27.901 [SERVICE-WORKER] putting asset in cache https://a.slack-edge.com/bv1-13-br/gantry-v2-async-client-record-ask-view.71847a03913886d1.min.js 
{
  "versionId": 0
}
[08/04/26, 21:47:27:902] info: Aug-04 21:47:27.902 [SERVICE-WORKER] fetching asset https://a.slack-edge.com/bv1-13-br/gantry-v2-async-gantry-v2-default-boot-apis.a9dfbb81af273e12.min.js 
{
  "versionId": 0
}
[08/04/26, 21:47:27:902] info: Aug-04 21:47:27.902 [SERVICE-WORKER] fetching asset https://a.slack-edge.com/bv1-13-br/gantry-v2-async-client-boot-apis.2efddac784d0d8c6.min.js 
{
  "versionId": 0
}
[08/04/26, 21:47:27:908] info: Aug-04 21:47:27.908 [SERVICE-WORKER] putting asset in cache https://a.slack-edge.com/bv1-13-br/gantry-v2-async-client-browse-apps-view.ac91537914f98b02.min.js 
{
  "versionId": 0
}
[08/04/26, 21:47:27:909] info: Aug-04 21:47:27.909 [SERVICE-WORKER] putting asset in cache https://a.slack-edge.com/bv1-13-br/gantry-v2-async-client-ai-workspace-list-banner.5ebf61ca2fd818e5.min.css 
{
  "versionId": 0
}
[08/04/26, 21:47:27:910] info: Aug-04 21:47:27.910 [SERVICE-WORKER] putting asset in cache https://a.slack-edge.com/bv1-13-br/gantry-v2-async-gantry-v2-default-boot-apis.a9dfbb81af273e12.min.js 
{
  "versionId": 0
}
[08/04/26, 21:47:27:911] info: Aug-04 21:47:27.911 [SERVICE-WORKER] fetching asset https://a.slack-edge.com/bv1-13-br/gantry-v2-manifest.739bdf2352bdf0f7.min.js 
{
  "versionId": 0
}
[08/04/26, 21:47:27:911] info: Aug-04 21:47:27.911 [SERVICE-WORKER] fetching asset https://a.slack-edge.com/bv1-13-br/lato-italic-bold-82f9b14.woff2 
{
  "versionId": 0
}
[08/04/26, 21:47:27:912] info: Aug-04 21:47:27.911 [SERVICE-WORKER] fetching asset https://a.slack-edge.com/bv1-13-br/gantry-v2-async-more-todos-sidebar-view.5ff012dad43de480.min.js 
{
  "versionId": 0
}
[08/04/26, 21:47:27:912] info: Aug-04 21:47:27.912 [SERVICE-WORKER] putting asset in cache https://a.slack-edge.com/bv1-13-br/lato-italic-bold-82f9b14.woff2 
{
  "versionId": 0
}
[08/04/26, 21:47:27:913] info: Aug-04 21:47:27.913 [SERVICE-WORKER] fetching asset https://a.slack-edge.com/bv1-13-br/helper-gantry-v2-styles.19b67e78f03dfe9c.min.js 
{
  "versionId": 0
}
[08/04/26, 21:47:27:915] info: Aug-04 21:47:27.914 [SERVICE-WORKER] putting asset in cache https://a.slack-edge.com/bv1-13-br/gantry-v2-async-client-boot-apis.2efddac784d0d8c6.min.js 
{
  "versionId": 0
}
[08/04/26, 21:47:27:916] info: Aug-04 21:47:27.915 [SERVICE-WORKER] fetching asset https://a.slack-edge.com/bv1-13-br/gantry-v2-async-slides-effect-trophy.36ddd245db406c1a.min.js 
{
  "versionId": 0
}
[08/04/26, 21:47:27:920] info: Aug-04 21:47:27.920 [SERVICE-WORKER] putting asset in cache https://a.slack-edge.com/bv1-13-br/gantry-v2-manifest.739bdf2352bdf0f7.min.js 
{
  "versionId": 0
}
[08/04/26, 21:47:27:922] info: Aug-04 21:47:27.922 [SERVICE-WORKER] putting asset in cache https://a.slack-edge.com/bv1-13-br/gantry-v2-async-more-todos-sidebar-view.5ff012dad43de480.min.js 
{
  "versionId": 0
}
[08/04/26, 21:47:27:923] info: Aug-04 21:47:27.923 [SERVICE-WORKER] putting asset in cache https://a.slack-edge.com/bv1-13-br/helper-gantry-v2-styles.19b67e78f03dfe9c.min.js 
{
  "versionId": 0
}
[08/04/26, 21:47:27:925] info: Aug-04 21:47:27.925 [SERVICE-WORKER] fetching asset https://a.slack-edge.com/bv1-13-br/gantry-v2-async-client-explore-paid-feature-security-img-en-US.b4b08a299b0940fa.min.js 
{
  "versionId": 0
}
[08/04/26, 21:47:27:926] info: Aug-04 21:47:27.926 [SERVICE-WORKER] putting asset in cache https://a.slack-edge.com/bv1-13-br/gantry-v2-async-slides-effect-trophy.36ddd245db406c1a.min.js 
{
  "versionId": 0
}
[08/04/26, 21:47:27:927] info: Aug-04 21:47:27.927 [SERVICE-WORKER] fetching asset https://a.slack-edge.com/bv1-13-br/gantry-v2-async-huddle-files-view.3aeb0186e64cc945.min.js 
{
  "versionId": 0
}
[08/04/26, 21:47:27:927] info: Aug-04 21:47:27.927 [SERVICE-WORKER] fetching asset https://a.slack-edge.com/bv1-13-br/gantry-v2-async-client-code-channels-browser-view.76e37fdbde04259d.min.js 
{
  "versionId": 0
}
[08/04/26, 21:47:27:927] info: Aug-04 21:47:27.927 [SERVICE-WORKER] fetching asset https://a.slack-edge.com/bv1-13-br/gantry-v2-async-persona-bridge-builder.c82fa1704bf6fbd5.min.js 
{
  "versionId": 0
}
[08/04/26, 21:47:27:934] info: Aug-04 21:47:27.934 [SERVICE-WORKER] putting asset in cache https://a.slack-edge.com/bv1-13-br/gantry-v2-async-client-explore-paid-feature-security-img-en-US.b4b08a299b0940fa.min.js 
{
  "versionId": 0
}
[08/04/26, 21:47:27:936] info: Aug-04 21:47:27.936 [SERVICE-WORKER] fetching asset https://a.slack-edge.com/bv1-13-br/gantry-v2-async-js_quip-src_parts_icons_presentation-color24_tsx.2167936e1b74b0f0.min.js 
{
  "versionId": 0
}
[08/04/26, 21:47:27:937] info: Aug-04 21:47:27.937 [SERVICE-WORKER] putting asset in cache https://a.slack-edge.com/bv1-13-br/gantry-v2-async-huddle-files-view.3aeb0186e64cc945.min.js 
{
  "versionId": 0
}
[08/04/26, 21:47:27:938] info: Aug-04 21:47:27.938 [SERVICE-WORKER] putting asset in cache https://a.slack-edge.com/bv1-13-br/gantry-v2-async-client-code-channels-browser-view.76e37fdbde04259d.min.js 
{
  "versionId": 0
}
[08/04/26, 21:47:27:939] info: Aug-04 21:47:27.939 [SERVICE-WORKER] putting asset in cache https://a.slack-edge.com/bv1-13-br/gantry-v2-async-persona-bridge-builder.c82fa1704bf6fbd5.min.js 
{
  "versionId": 0
}
[08/04/26, 21:47:27:940] info: Aug-04 21:47:27.940 [SERVICE-WORKER] fetching asset https://a.slack-edge.com/bv1-13-br/gantry-v2-async-client-calendar-view.b144b43eb2626683.min.js 
{
  "versionId": 0
}
[08/04/26, 21:47:27:940] info: Aug-04 21:47:27.940 [SERVICE-WORKER] fetching asset https://a.slack-edge.com/bv1-13-br/gantry-v2-async-client-agents-home-view.744acd9b37f5bcdf.min.js 
{
  "versionId": 0
}
[08/04/26, 21:47:27:940] info: Aug-04 21:47:27.940 [SERVICE-WORKER] fetching asset https://a.slack-edge.com/bv1-13-br/gantry-v2-async-skill-share-consent-modal.486526a5d732b713.min.js 
{
  "versionId": 0
}
[08/04/26, 21:47:27:949] info: Aug-04 21:47:27.949 [SERVICE-WORKER] putting asset in cache https://a.slack-edge.com/bv1-13-br/gantry-v2-async-js_quip-src_parts_icons_presentation-color24_tsx.2167936e1b74b0f0.min.js 
{
  "versionId": 0
}
[08/04/26, 21:47:27:950] info: Aug-04 21:47:27.950 [SERVICE-WORKER] putting asset in cache https://a.slack-edge.com/bv1-13-br/gantry-v2-async-client-calendar-view.b144b43eb2626683.min.js 
{
  "versionId": 0
}
[08/04/26, 21:47:27:950] info: Aug-04 21:47:27.950 [SERVICE-WORKER] putting asset in cache https://a.slack-edge.com/bv1-13-br/gantry-v2-async-client-agents-home-view.744acd9b37f5bcdf.min.js 
{
  "versionId": 0
}
[08/04/26, 21:47:27:951] info: Aug-04 21:47:27.951 [SERVICE-WORKER] putting asset in cache https://a.slack-edge.com/bv1-13-br/gantry-v2-async-skill-share-consent-modal.486526a5d732b713.min.js 
{
  "versionId": 0
}
[08/04/26, 21:47:27:952] info: Aug-04 21:47:27.952 [SERVICE-WORKER] fetching asset https://a.slack-edge.com/bv1-13-br/gantry-v2-async-more-todos-sidebar-view.1580dfe3d3a5683f.min.css 
{
  "versionId": 0
}
[08/04/26, 21:47:27:953] info: Aug-04 21:47:27.952 [SERVICE-WORKER] fetching asset https://a.slack-edge.com/bv1-13-br/gantry-v2-async-client-more-platform-sidebar-view.0a3ceb530f7d4c60.min.js 
{
  "versionId": 0
}
[08/04/26, 21:47:27:953] info: Aug-04 21:47:27.953 [SERVICE-WORKER] fetching asset https://a.slack-edge.com/bv1-13-br/gantry-v2-async-client-agent-browser-view.f968a48e8e0c352f.min.js 
{
  "versionId": 0
}
[08/04/26, 21:47:27:953] info: Aug-04 21:47:27.953 [SERVICE-WORKER] fetching asset /boot/client-v2.html 
{
  "versionId": 0
}
[08/04/26, 21:47:27:960] info: Aug-04 21:47:27.960 [SERVICE-WORKER] putting asset in cache https://a.slack-edge.com/bv1-13-br/gantry-v2-async-more-todos-sidebar-view.1580dfe3d3a5683f.min.css 
{
  "versionId": 0
}
[08/04/26, 21:47:27:961] info: Aug-04 21:47:27.961 [SERVICE-WORKER] putting asset in cache https://a.slack-edge.com/bv1-13-br/gantry-v2-async-client-more-platform-sidebar-view.0a3ceb530f7d4c60.min.js 
{
  "versionId": 0
}
[08/04/26, 21:47:27:963] info: Aug-04 21:47:27.962 [SERVICE-WORKER] putting asset in cache https://a.slack-edge.com/bv1-13-br/gantry-v2-async-client-agent-browser-view.f968a48e8e0c352f.min.js 
{
  "versionId": 0
}
[08/04/26, 21:47:27:963] info: Aug-04 21:47:27.963 [SERVICE-WORKER] fetching asset https://a.slack-edge.com/bv1-13-br/gantry-v2-async-client-deleted-unified-files-view.1770ce5487f3b722.min.js 
{
  "versionId": 0
}
[08/04/26, 21:47:27:964] info: Aug-04 21:47:27.963 [SERVICE-WORKER] fetching asset https://a.slack-edge.com/bv1-13-br/gantry-v2-async-client-sales-home-view.cf7988d5e9880580.min.js 
{
  "versionId": 0
}
[08/04/26, 21:47:27:964] info: Aug-04 21:47:27.964 [SERVICE-WORKER] fetching asset https://a.slack-edge.com/bv1-13-br/gantry-v2-async-js_quip-src_parts_debug_model-browser-dialog-impl_tsx.c8685080b7973305.min.js 
{
  "versionId": 0
}
[08/04/26, 21:47:27:973] info: Aug-04 21:47:27.972 [SERVICE-WORKER] putting asset in cache https://a.slack-edge.com/bv1-13-br/gantry-v2-async-client-deleted-unified-files-view.1770ce5487f3b722.min.js 
{
  "versionId": 0
}
[08/04/26, 21:47:27:974] info: Aug-04 21:47:27.973 [SERVICE-WORKER] putting asset in cache https://a.slack-edge.com/bv1-13-br/gantry-v2-async-client-sales-home-view.cf7988d5e9880580.min.js 
{
  "versionId": 0
}
[08/04/26, 21:47:27:974] info: Aug-04 21:47:27.974 [SERVICE-WORKER] fetching asset https://a.slack-edge.com/bv1-13-br/gantry-v2-async-client-sales-log-activity-view.639650a081ba3da3.min.js 
{
  "versionId": 0
}
[08/04/26, 21:47:27:974] info: Aug-04 21:47:27.974 [SERVICE-WORKER] putting asset in cache https://a.slack-edge.com/bv1-13-br/gantry-v2-async-js_quip-src_parts_debug_model-browser-dialog-impl_tsx.c8685080b7973305.min.js 
{
  "versionId": 0
}
[08/04/26, 21:47:27:976] info: Aug-04 21:47:27.976 [SERVICE-WORKER] fetching asset https://a.slack-edge.com/bv1-13-br/gantry-v2-async-gantry-v2-default-boot-render.753681ae8b391941.min.css 
{
  "versionId": 0
}
[08/04/26, 21:47:27:976] info: Aug-04 21:47:27.976 [SERVICE-WORKER] fetching asset https://a.slack-edge.com/bv1-13-br/gantry-v2-async-slides-effect-dolphin.8d0a924e2b1e060e.min.js 
{
  "versionId": 0
}
[08/04/26, 21:47:28:035] info: Aug-04 21:47:28.034 [SERVICE-WORKER] putting asset in cache https://a.slack-edge.com/bv1-13-br/gantry-v2-async-client-sales-log-activity-view.639650a081ba3da3.min.js 
{
  "versionId": 0
}
[08/04/26, 21:47:28:036] info: Aug-04 21:47:28.036 [SERVICE-WORKER] putting asset in cache https://a.slack-edge.com/bv1-13-br/gantry-v2-async-gantry-v2-default-boot-render.753681ae8b391941.min.css 
{
  "versionId": 0
}
[08/04/26, 21:47:28:038] info: Aug-04 21:47:28.037 [SERVICE-WORKER] putting asset in cache https://a.slack-edge.com/bv1-13-br/gantry-v2-async-slides-effect-dolphin.8d0a924e2b1e060e.min.js 
{
  "versionId": 0
}
[08/04/26, 21:47:28:040] info: Aug-04 21:47:28.040 [SERVICE-WORKER] fetching asset https://a.slack-edge.com/bv1-13-br/gantry-v2-async-client-slackbot-ai-history-view.5be06f9837a46adf.min.js 
{
  "versionId": 0
}
[08/04/26, 21:47:28:045] info: Aug-04 21:47:28.045 [SERVICE-WORKER] fetching asset https://a.slack-edge.com/bv1-13-br/gantry-v2-async-persona-clarity-connoisseur.a908f5af967dbb79.min.js 
{
  "versionId": 0
}
[08/04/26, 21:47:28:054] info: Aug-04 21:47:28.053 [SERVICE-WORKER] putting asset in cache https://a.slack-edge.com/bv1-13-br/gantry-v2-async-client-slackbot-ai-history-view.5be06f9837a46adf.min.js 
{
  "versionId": 0
}
[08/04/26, 21:47:28:054] info: Aug-04 21:47:28.054 [SERVICE-WORKER] putting asset in cache https://a.slack-edge.com/bv1-13-br/gantry-v2-async-persona-clarity-connoisseur.a908f5af967dbb79.min.js 
{
  "versionId": 0
}
[08/04/26, 21:47:28:055] info: Aug-04 21:47:28.055 [SERVICE-WORKER] fetching asset https://a.slack-edge.com/bv1-13-br/gantry-v2-async-search-primary-prototype.cfc53b4aaa2a512b.min.css 
{
  "versionId": 0
}
[08/04/26, 21:47:28:056] info: Aug-04 21:47:28.056 [SERVICE-WORKER] fetching asset https://a.slack-edge.com/bv1-13-br/gantry-v2-async-client-work-object.a87f058ebdd73b5b.min.js 
{
  "versionId": 0
}
[08/04/26, 21:47:28:066] info: Aug-04 21:47:28.066 [SERVICE-WORKER] putting asset in cache https://a.slack-edge.com/bv1-13-br/gantry-v2-async-client-work-object.a87f058ebdd73b5b.min.js 
{
  "versionId": 0
}
[08/04/26, 21:47:28:067] info: Aug-04 21:47:28.066 [SERVICE-WORKER] putting asset in cache https://a.slack-edge.com/bv1-13-br/gantry-v2-async-search-primary-prototype.cfc53b4aaa2a512b.min.css 
{
  "versionId": 0
}
[08/04/26, 21:47:28:068] info: Aug-04 21:47:28.068 [SERVICE-WORKER] fetching asset https://a.slack-edge.com/bv1-13-br/gantry-v2-async-workflow-builder-template-edit.5ea5d0f2adfbb29b.min.js 
{
  "versionId": 0
}
[08/04/26, 21:47:28:068] info: Aug-04 21:47:28.068 [SERVICE-WORKER] fetching asset https://a.slack-edge.com/bv1-13-br/Carlito-Regular-d403aff.woff2 
{
  "versionId": 0
}
[08/04/26, 21:47:28:084] info: Aug-04 21:47:28.084 [SERVICE-WORKER] putting asset in cache https://a.slack-edge.com/bv1-13-br/gantry-v2-async-workflow-builder-template-edit.5ea5d0f2adfbb29b.min.js 
{
  "versionId": 0
}
[08/04/26, 21:47:28:086] info: Aug-04 21:47:28.086 [SERVICE-WORKER] putting asset in cache https://a.slack-edge.com/bv1-13-br/Carlito-Regular-d403aff.woff2 
{
  "versionId": 0
}
[08/04/26, 21:47:28:089] info: Aug-04 21:47:28.089 [SERVICE-WORKER] fetching asset /boot/workflow-builder.html 
{
  "versionId": 0
}
[08/04/26, 21:47:28:089] info: Aug-04 21:47:28.089 [SERVICE-WORKER] fetching asset https://a.slack-edge.com/bv1-13-br/gantry-v2-async-client-feedback-view.d5a670ffa858c7f2.min.js 
{
  "versionId": 0
}
[08/04/26, 21:47:28:098] info: Aug-04 21:47:28.098 [SERVICE-WORKER] putting asset in cache https://a.slack-edge.com/bv1-13-br/gantry-v2-async-client-feedback-view.d5a670ffa858c7f2.min.js 
{
  "versionId": 0
}
[08/04/26, 21:47:28:099] info: Aug-04 21:47:28.098 [SERVICE-WORKER] fetching asset https://a.slack-edge.com/bv1-13-br/gantry-v2-async-client-workflow-templates-view.5cf1326b8b955574.min.js 
{
  "versionId": 0
}
[08/04/26, 21:47:28:100] info: Aug-04 21:47:28.100 [SERVICE-WORKER] fetching asset https://a.slack-edge.com/bv1-13-br/gantry-v2-async-client-unified-directory-view.d0424ec994f34e42.min.js 
{
  "versionId": 0
}
[08/04/26, 21:47:28:109] info: Aug-04 21:47:28.109 [SERVICE-WORKER] putting asset in cache https://a.slack-edge.com/bv1-13-br/gantry-v2-async-client-unified-directory-view.d0424ec994f34e42.min.js 
{
  "versionId": 0
}
[08/04/26, 21:47:28:111] info: Aug-04 21:47:28.111 [SERVICE-WORKER] putting asset in cache https://a.slack-edge.com/bv1-13-br/gantry-v2-async-client-workflow-templates-view.5cf1326b8b955574.min.js 
{
  "versionId": 0
}
[08/04/26, 21:47:28:114] info: Aug-04 21:47:28.113 [SERVICE-WORKER] fetching asset https://a.slack-edge.com/bv1-13-br/gantry-v2-async-workflow-builder-segment-form-hermes-webhook.f44f697cdeac80be.min.js 
{
  "versionId": 0
}
[08/04/26, 21:47:28:114] info: Aug-04 21:47:28.114 [SERVICE-WORKER] fetching asset https://a.slack-edge.com/bv1-13-br/gantry-v2-async-workflow-builder-segment-form-slack-event.b737d3a065e5b0b4.min.css 
{
  "versionId": 0
}
[08/04/26, 21:47:28:125] info: Aug-04 21:47:28.125 [SERVICE-WORKER] putting asset in cache https://a.slack-edge.com/bv1-13-br/gantry-v2-async-workflow-builder-segment-form-slack-event.b737d3a065e5b0b4.min.css 
{
  "versionId": 0
}
[08/04/26, 21:47:28:126] info: Aug-04 21:47:28.125 [SERVICE-WORKER] putting asset in cache https://a.slack-edge.com/bv1-13-br/gantry-v2-async-workflow-builder-segment-form-hermes-webhook.f44f697cdeac80be.min.js 
{
  "versionId": 0
}
[08/04/26, 21:47:28:127] info: Aug-04 21:47:28.127 [SERVICE-WORKER] fetching asset https://a.slack-edge.com/bv1-13-br/gantry-v2-async-client-blank-new-tab-view.dda38dc214ec4d72.min.js 
{
  "versionId": 0
}
[08/04/26, 21:47:28:128] info: Aug-04 21:47:28.128 [SERVICE-WORKER] fetching asset https://a.slack-edge.com/bv1-13-br/Carlito-Bold-bf42eec.woff2 
{
  "versionId": 0
}
[08/04/26, 21:47:28:137] info: Aug-04 21:47:28.136 [SERVICE-WORKER] putting asset in cache https://a.slack-edge.com/bv1-13-br/Carlito-Bold-bf42eec.woff2 
{
  "versionId": 0
}
[08/04/26, 21:47:28:138] info: Aug-04 21:47:28.138 [SERVICE-WORKER] putting asset in cache https://a.slack-edge.com/bv1-13-br/gantry-v2-async-client-blank-new-tab-view.dda38dc214ec4d72.min.js 
{
  "versionId": 0
}
[08/04/26, 21:47:28:140] info: Aug-04 21:47:28.140 [SERVICE-WORKER] fetching asset https://a.slack-edge.com/bv1-13-br/gantry-v2-async-client-today-view.3ce7ff74ccf8bae3.min.js 
{
  "versionId": 0
}
[08/04/26, 21:47:28:153] info: Aug-04 21:47:28.152 [SERVICE-WORKER] putting asset in cache https://a.slack-edge.com/bv1-13-br/gantry-v2-async-client-today-view.3ce7ff74ccf8bae3.min.js 
{
  "versionId": 0
}
[08/04/26, 21:47:28:156] info: Aug-04 21:47:28.155 [SERVICE-WORKER] fetching asset https://a.slack-edge.com/bv1-13-br/gantry-v2-async-open-huddle-window-mva.6f3fb6a4395b89b2.min.js 
{
  "versionId": 0
}
[08/04/26, 21:47:28:156] info: Aug-04 21:47:28.156 [SERVICE-WORKER] fetching asset https://a.slack-edge.com/bv1-13-br/gantry-v2-async-client-boot-render.dd2ebf02089c8901.min.js 
{
  "versionId": 0
}
[08/04/26, 21:47:28:164] info: Aug-04 21:47:28.163 [SERVICE-WORKER] putting asset in cache /boot/client-v2.html 
{
  "versionId": 0
}
[08/04/26, 21:47:28:166] info: Aug-04 21:47:28.165 [SERVICE-WORKER] putting asset in cache https://a.slack-edge.com/bv1-13-br/gantry-v2-async-client-boot-render.dd2ebf02089c8901.min.js 
{
  "versionId": 0
}
[08/04/26, 21:47:28:168] info: Aug-04 21:47:28.167 [SERVICE-WORKER] putting asset in cache https://a.slack-edge.com/bv1-13-br/gantry-v2-async-open-huddle-window-mva.6f3fb6a4395b89b2.min.js 
{
  "versionId": 0
}
[08/04/26, 21:47:28:169] info: Aug-04 21:47:28.169 [SERVICE-WORKER] fetching asset https://a.slack-edge.com/bv1-13-br/gantry-v2-async-megaphone-dispatcher-devtools.1a264f035381fb9b.min.css 
{
  "versionId": 0
}
[08/04/26, 21:47:28:170] info: Aug-04 21:47:28.169 [SERVICE-WORKER] fetching asset https://a.slack-edge.com/bv1-13-br/gantry-v2-async-client-creator-guided-setup-canvas-banner.6c51e5f1fd4ddff1.min.css 
{
  "versionId": 0
}
[08/04/26, 21:47:28:170] info: Aug-04 21:47:28.170 [SERVICE-WORKER] fetching asset https://a.slack-edge.com/bv1-13-br/gantry-v2-async-js_quip-src_collab_controller_debug-impl_tsx.aa86c1a012119e9a.min.js 
{
  "versionId": 0
}
[08/04/26, 21:47:28:179] info: Aug-04 21:47:28.179 [SERVICE-WORKER] putting asset in cache https://a.slack-edge.com/bv1-13-br/gantry-v2-async-megaphone-dispatcher-devtools.1a264f035381fb9b.min.css 
{
  "versionId": 0
}
[08/04/26, 21:47:28:181] info: Aug-04 21:47:28.181 [SERVICE-WORKER] putting asset in cache https://a.slack-edge.com/bv1-13-br/gantry-v2-async-js_quip-src_collab_controller_debug-impl_tsx.aa86c1a012119e9a.min.js 
{
  "versionId": 0
}
[08/04/26, 21:47:28:181] info: Aug-04 21:47:28.181 [SERVICE-WORKER] fetching asset https://a.slack-edge.com/bv1-13-br/gantry-v2-async-node_modules_sqlite_org_sqlite-wasm_sqlite-wasm_jswasm_sqlite3-opfs-async-proxy_js.10ea8e973ccaacb5.min.js 
{
  "versionId": 0
}
[08/04/26, 21:47:28:182] info: Aug-04 21:47:28.182 [SERVICE-WORKER] putting asset in cache https://a.slack-edge.com/bv1-13-br/gantry-v2-async-client-creator-guided-setup-canvas-banner.6c51e5f1fd4ddff1.min.css 
{
  "versionId": 0
}
[08/04/26, 21:47:28:183] info: Aug-04 21:47:28.183 [SERVICE-WORKER] fetching asset https://a.slack-edge.com/bv1-13-br/gantry-v2-async-client-activity-inbox-view.b2714a879dcf1b4f.min.js 
{
  "versionId": 0
}
[08/04/26, 21:47:28:183] info: Aug-04 21:47:28.183 [SERVICE-WORKER] fetching asset https://a.slack-edge.com/bv1-13-br/selfie_segmentation_solution_wasm_bin.8983fcacc3f052f7.bin.js 
{
  "versionId": 0
}
[08/04/26, 21:47:28:191] info: Aug-04 21:47:28.191 [SERVICE-WORKER] putting asset in cache https://a.slack-edge.com/bv1-13-br/gantry-v2-async-node_modules_sqlite_org_sqlite-wasm_sqlite-wasm_jswasm_sqlite3-opfs-async-proxy_js.10ea8e973ccaacb5.min.js 
{
  "versionId": 0
}
[08/04/26, 21:47:28:193] info: Aug-04 21:47:28.192 [SERVICE-WORKER] fetching asset https://a.slack-edge.com/bv1-13-br/gantry-v2-async-slides-effect-sparkles.1fb5b4ebcd62611c.min.js 
{
  "versionId": 0
}
[08/04/26, 21:47:28:194] info: Aug-04 21:47:28.194 [SERVICE-WORKER] putting asset in cache https://a.slack-edge.com/bv1-13-br/gantry-v2-async-client-activity-inbox-view.b2714a879dcf1b4f.min.js 
{
  "versionId": 0
}
[08/04/26, 21:47:28:194] info: Aug-04 21:47:28.194 [SERVICE-WORKER] putting asset in cache https://a.slack-edge.com/bv1-13-br/selfie_segmentation_solution_wasm_bin.8983fcacc3f052f7.bin.js 
{
  "versionId": 0
}
[08/04/26, 21:47:28:196] info: Aug-04 21:47:28.196 [SERVICE-WORKER] fetching asset https://a.slack-edge.com/bv1-13-br/gantry-v2-async-search-primary-prototype.6df6330c07587cf2.min.js 
{
  "versionId": 0
}
[08/04/26, 21:47:28:199] info: Aug-04 21:47:28.199 [SERVICE-WORKER] fetching asset https://a.slack-edge.com/bv1-13-br/gantry-v2-async-client-dms-list-view.9f5c492a68afee30.min.js 
{
  "versionId": 0
}
[08/04/26, 21:47:28:203] info: Aug-04 21:47:28.202 [SERVICE-WORKER] putting asset in cache https://a.slack-edge.com/bv1-13-br/gantry-v2-async-slides-effect-sparkles.1fb5b4ebcd62611c.min.js 
{
  "versionId": 0
}
[08/04/26, 21:47:28:205] info: Aug-04 21:47:28.205 [SERVICE-WORKER] putting asset in cache https://a.slack-edge.com/bv1-13-br/gantry-v2-async-search-primary-prototype.6df6330c07587cf2.min.js 
{
  "versionId": 0
}
[08/04/26, 21:47:28:206] info: Aug-04 21:47:28.206 [SERVICE-WORKER] fetching asset https://a.slack-edge.com/bv1-13-br/gantry-v2-async-gantry-v2-default-boot-deferred.bdfc2546ffc2860d.min.js 
{
  "versionId": 0
}
[08/04/26, 21:47:28:207] info: Aug-04 21:47:28.206 [SERVICE-WORKER] fetching asset https://a.slack-edge.com/bv1-13-br/gantry-v2-async-codemirror-snippet-editor.8fe26b1a6ef58d95.min.css 
{
  "versionId": 0
}
[08/04/26, 21:47:28:207] info: Aug-04 21:47:28.207 [SERVICE-WORKER] putting asset in cache https://a.slack-edge.com/bv1-13-br/gantry-v2-async-client-dms-list-view.9f5c492a68afee30.min.js 
{
  "versionId": 0
}
[08/04/26, 21:47:28:209] info: Aug-04 21:47:28.209 [SERVICE-WORKER] fetching asset https://a.slack-edge.com/bv1-13-br/slack-icons-v2-05e8fec.woff2 
{
  "versionId": 0
}
[08/04/26, 21:47:28:210] info: Aug-04 21:47:28.210 [SERVICE-WORKER] putting asset in cache https://a.slack-edge.com/bv1-13-br/slack-icons-v2-05e8fec.woff2 
{
  "versionId": 0
}
[08/04/26, 21:47:28:212] info: Aug-04 21:47:28.212 [SERVICE-WORKER] fetching asset https://a.slack-edge.com/bv1-13-br/gantry-v2-async-dev-tools-trigger-button.2819ee9e2881641c.min.js 
{
  "versionId": 0
}
[08/04/26, 21:47:28:218] info: Aug-04 21:47:28.218 [SERVICE-WORKER] putting asset in cache https://a.slack-edge.com/bv1-13-br/gantry-v2-async-gantry-v2-default-boot-deferred.bdfc2546ffc2860d.min.js 
{
  "versionId": 0
}
[08/04/26, 21:47:28:219] info: Aug-04 21:47:28.219 [SERVICE-WORKER] putting asset in cache https://a.slack-edge.com/bv1-13-br/gantry-v2-async-codemirror-snippet-editor.8fe26b1a6ef58d95.min.css 
{
  "versionId": 0
}
[08/04/26, 21:47:28:220] info: Aug-04 21:47:28.220 [SERVICE-WORKER] putting asset in cache https://a.slack-edge.com/bv1-13-br/gantry-v2-async-dev-tools-trigger-button.2819ee9e2881641c.min.js 
{
  "versionId": 0
}
[08/04/26, 21:47:28:220] info: Aug-04 21:47:28.220 [SERVICE-WORKER] fetching asset https://a.slack-edge.com/bv1-13-br/gantry-v2-async-elevenlabs-client.0e377be499caaaac.min.js 
{
  "versionId": 0
}
[08/04/26, 21:47:28:221] info: Aug-04 21:47:28.221 [SERVICE-WORKER] fetching asset https://a.slack-edge.com/bv1-13-br/gantry-v2-async-js_quip-src_parts_icons_spreadsheet-color32_tsx.ac47a6e86f5227f9.min.js 
{
  "versionId": 0
}
[08/04/26, 21:47:28:221] info: Aug-04 21:47:28.221 [SERVICE-WORKER] fetching asset https://a.slack-edge.com/bv1-13-br/GoogleSansFlex_24pt-Regular-f3c90f6.woff2 
{
  "versionId": 0
}
[08/04/26, 21:47:28:230] info: Aug-04 21:47:28.230 [SERVICE-WORKER] putting asset in cache https://a.slack-edge.com/bv1-13-br/gantry-v2-async-elevenlabs-client.0e377be499caaaac.min.js 
{
  "versionId": 0
}
[08/04/26, 21:47:28:234] info: Aug-04 21:47:28.234 [SERVICE-WORKER] putting asset in cache https://a.slack-edge.com/bv1-13-br/GoogleSansFlex_24pt-Regular-f3c90f6.woff2 
{
  "versionId": 0
}
[08/04/26, 21:47:28:235] info: Aug-04 21:47:28.235 [SERVICE-WORKER] putting asset in cache https://a.slack-edge.com/bv1-13-br/gantry-v2-async-js_quip-src_parts_icons_spreadsheet-color32_tsx.ac47a6e86f5227f9.min.js 
{
  "versionId": 0
}
[08/04/26, 21:47:28:237] info: Aug-04 21:47:28.237 [SERVICE-WORKER] fetching asset https://a.slack-edge.com/bv1-13-br/gantry-v2-async-client-activity-sidebar-prototype-view.216cb81b5830f25e.min.js 
{
  "versionId": 0
}
[08/04/26, 21:47:28:245] info: Aug-04 21:47:28.245 [SERVICE-WORKER] fetching asset https://a.slack-edge.com/bv1-13-br/gantry-v2-async-about-usergroup-view.cf24269216fce52f.min.css 
{
  "versionId": 0
}
[08/04/26, 21:47:28:245] info: Aug-04 21:47:28.245 [SERVICE-WORKER] fetching asset https://a.slack-edge.com/bv1-13-br/selfie_segmentation_solution_simd_wasm_bin.1ba447d8fff99fdc.bin.js 
{
  "versionId": 0
}
[08/04/26, 21:47:28:247] info: Aug-04 21:47:28.247 [SERVICE-WORKER] putting asset in cache https://a.slack-edge.com/bv1-13-br/gantry-v2-async-client-activity-sidebar-prototype-view.216cb81b5830f25e.min.js 
{
  "versionId": 0
}
[08/04/26, 21:47:28:248] info: Aug-04 21:47:28.248 [SERVICE-WORKER] fetching asset https://a.slack-edge.com/bv1-13-br/gantry-v2-async-js_quip-src_parts_icons_document-color24_tsx.02a825dbd29096c0.min.js 
{
  "versionId": 0
}
[08/04/26, 21:47:28:254] info: Aug-04 21:47:28.254 [SERVICE-WORKER] putting asset in cache https://a.slack-edge.com/bv1-13-br/selfie_segmentation_solution_simd_wasm_bin.1ba447d8fff99fdc.bin.js 
{
  "versionId": 0
}
[08/04/26, 21:47:28:256] info: Aug-04 21:47:28.256 [SERVICE-WORKER] fetching asset https://a.slack-edge.com/bv1-13-br/gantry-v2-async-client-sales-auto-slack-launchpad-view.cb60e11e880d0e94.min.js 
{
  "versionId": 0
}
[08/04/26, 21:47:28:266] info: Aug-04 21:47:28.266 [SERVICE-WORKER] putting asset in cache https://a.slack-edge.com/bv1-13-br/gantry-v2-async-about-usergroup-view.cf24269216fce52f.min.css 
{
  "versionId": 0
}
[08/04/26, 21:47:28:268] info: Aug-04 21:47:28.268 [SERVICE-WORKER] fetching asset https://a.slack-edge.com/bv1-13-br/gantry-v2-async-slackbot-calendar-secondary-view.62611a1f8c592b60.min.js 
{
  "versionId": 0
}
[08/04/26, 21:47:28:269] info: Aug-04 21:47:28.269 [SERVICE-WORKER] putting asset in cache https://a.slack-edge.com/bv1-13-br/gantry-v2-async-js_quip-src_parts_icons_document-color24_tsx.02a825dbd29096c0.min.js 
{
  "versionId": 0
}
[08/04/26, 21:47:28:271] info: Aug-04 21:47:28.270 [SERVICE-WORKER] putting asset in cache https://a.slack-edge.com/bv1-13-br/gantry-v2-async-client-sales-auto-slack-launchpad-view.cb60e11e880d0e94.min.js 
{
  "versionId": 0
}
[08/04/26, 21:47:28:273] info: Aug-04 21:47:28.273 [SERVICE-WORKER] fetching asset https://a.slack-edge.com/bv1-13-br/gantry-v2-async-slack-kit-debug.93bb36a71cae97f4.min.js 
{
  "versionId": 0
}
[08/04/26, 21:47:28:274] info: Aug-04 21:47:28.273 [SERVICE-WORKER] fetching asset https://a.slack-edge.com/bv1-13-br/gantry-v2-async-client-timeline-sources-view.e59d2e35584ab464.min.js 
{
  "versionId": 0
}
[08/04/26, 21:47:28:282] info: Aug-04 21:47:28.282 [SERVICE-WORKER] putting asset in cache https://a.slack-edge.com/bv1-13-br/gantry-v2-async-slackbot-calendar-secondary-view.62611a1f8c592b60.min.js 
{
  "versionId": 0
}
[08/04/26, 21:47:28:285] info: Aug-04 21:47:28.285 [SERVICE-WORKER] putting asset in cache https://a.slack-edge.com/bv1-13-br/gantry-v2-async-slack-kit-debug.93bb36a71cae97f4.min.js 
{
  "versionId": 0
}
[08/04/26, 21:47:28:285] info: Aug-04 21:47:28.285 [SERVICE-WORKER] fetching asset https://a.slack-edge.com/bv1-13-br/gantry-v2-async-daily-digest-view.39b51d230f3ba575.min.js 
{
  "versionId": 0
}
[08/04/26, 21:47:28:286] info: Aug-04 21:47:28.286 [SERVICE-WORKER] putting asset in cache https://a.slack-edge.com/bv1-13-br/gantry-v2-async-client-timeline-sources-view.e59d2e35584ab464.min.js 
{
  "versionId": 0
}
[08/04/26, 21:47:28:287] info: Aug-04 21:47:28.287 [SERVICE-WORKER] fetching asset https://a.slack-edge.com/bv1-13-br/gantry-v2-async-persona-card-idea-catalyst.34cb1e987c55fac8.min.js 
{
  "versionId": 0
}
[08/04/26, 21:47:28:287] info: Aug-04 21:47:28.287 [SERVICE-WORKER] fetching asset https://a.slack-edge.com/bv1-13-br/gantry-v2-async-client-list-view.cc9225955997d6b9.min.js 
{
  "versionId": 0
}
[08/04/26, 21:47:28:295] info: Aug-04 21:47:28.295 [SERVICE-WORKER] putting asset in cache https://a.slack-edge.com/bv1-13-br/gantry-v2-async-daily-digest-view.39b51d230f3ba575.min.js 
{
  "versionId": 0
}
[08/04/26, 21:47:28:297] info: Aug-04 21:47:28.297 [SERVICE-WORKER] putting asset in cache https://a.slack-edge.com/bv1-13-br/gantry-v2-async-persona-card-idea-catalyst.34cb1e987c55fac8.min.js 
{
  "versionId": 0
}
[08/04/26, 21:47:28:297] info: Aug-04 21:47:28.297 [SERVICE-WORKER] fetching asset https://a.slack-edge.com/bv1-13-br/gantry-v2-async-client-explore-paid-feature-free-to-plus-page-hero-en-US.5e2c3f329d8193f5.min.js 
{
  "versionId": 0
}
[08/04/26, 21:47:28:297] info: Aug-04 21:47:28.297 [SERVICE-WORKER] putting asset in cache https://a.slack-edge.com/bv1-13-br/gantry-v2-async-client-list-view.cc9225955997d6b9.min.js 
{
  "versionId": 0
}
[08/04/26, 21:47:28:299] info: Aug-04 21:47:28.299 [SERVICE-WORKER] fetching asset https://a.slack-edge.com/bv1-13-br/gantry-v2-async-react-scan.cd02a5037226e456.min.js 
{
  "versionId": 0
}
[08/04/26, 21:47:28:299] info: Aug-04 21:47:28.299 [SERVICE-WORKER] fetching asset https://a.slack-edge.com/bv1-13-br/gantry-v2-async-mcp-app-block.1775d18f21d85224.min.js 
{
  "versionId": 0
}
[08/04/26, 21:47:28:302] info: Aug-04 21:47:28.302 [SERVICE-WORKER] putting asset in cache /boot/workflow-builder.html 
{
  "versionId": 0
}
[08/04/26, 21:47:28:307] info: Aug-04 21:47:28.307 [SERVICE-WORKER] putting asset in cache https://a.slack-edge.com/bv1-13-br/gantry-v2-async-client-explore-paid-feature-free-to-plus-page-hero-en-US.5e2c3f329d8193f5.min.js 
{
  "versionId": 0
}
[08/04/26, 21:47:28:309] info: Aug-04 21:47:28.308 [SERVICE-WORKER] fetching asset https://a.slack-edge.com/bv1-13-br/gantry-v2-async-client-external-people-view.73e5f7618aa7e2b0.min.js 
{
  "versionId": 0
}
[08/04/26, 21:47:28:309] info: Aug-04 21:47:28.309 [SERVICE-WORKER] putting asset in cache https://a.slack-edge.com/bv1-13-br/gantry-v2-async-mcp-app-block.1775d18f21d85224.min.js 
{
  "versionId": 0
}
[08/04/26, 21:47:28:312] info: Aug-04 21:47:28.311 [SERVICE-WORKER] putting asset in cache https://a.slack-edge.com/bv1-13-br/gantry-v2-async-react-scan.cd02a5037226e456.min.js 
{
  "versionId": 0
}
[08/04/26, 21:47:28:313] info: Aug-04 21:47:28.313 [SERVICE-WORKER] fetching asset https://a.slack-edge.com/bv1-13-br/gantry-v2-async-activity-system-notification-view.4bee79e477dffb46.min.css 
{
  "versionId": 0
}
[08/04/26, 21:47:28:314] info: Aug-04 21:47:28.313 [SERVICE-WORKER] fetching asset https://a.slack-edge.com/bv1-13-br/gantry-v2-async-client-agents-view.7bea9314d8f3a829.min.js 
{
  "versionId": 0
}
[08/04/26, 21:47:28:321] info: Aug-04 21:47:28.321 [SERVICE-WORKER] putting asset in cache https://a.slack-edge.com/bv1-13-br/gantry-v2-async-client-external-people-view.73e5f7618aa7e2b0.min.js 
{
  "versionId": 0
}
[08/04/26, 21:47:28:321] info: Aug-04 21:47:28.321 [SERVICE-WORKER] fetching asset https://a.slack-edge.com/bv1-13-br/gantry-v2-async-js_quip-src_parts_icons_knitting_tsx.082d7950958ab0c9.min.js 
{
  "versionId": 0
}
[08/04/26, 21:47:28:322] info: Aug-04 21:47:28.321 [SERVICE-WORKER] putting asset in cache https://a.slack-edge.com/bv1-13-br/gantry-v2-async-activity-system-notification-view.4bee79e477dffb46.min.css 
{
  "versionId": 0
}
[08/04/26, 21:47:28:322] info: Aug-04 21:47:28.322 [SERVICE-WORKER] fetching asset https://a.slack-edge.com/bv1-13-br/gantry-v2-async-client-slackbot-ai-tasks-view.ed8e59f8080ac9ac.min.js 
{
  "versionId": 0
}
[08/04/26, 21:47:28:322] info: Aug-04 21:47:28.322 [SERVICE-WORKER] putting asset in cache https://a.slack-edge.com/bv1-13-br/gantry-v2-async-client-agents-view.7bea9314d8f3a829.min.js 
{
  "versionId": 0
}
[08/04/26, 21:47:28:323] info: Aug-04 21:47:28.323 [SERVICE-WORKER] fetching asset https://a.slack-edge.com/bv1-13-br/gantry-v2-async-slides-data-viz.e48b258d56f75ac9.min.js 
{
  "versionId": 0
}
[08/04/26, 21:47:28:324] info: Aug-04 21:47:28.324 [SERVICE-WORKER] fetching asset https://a.slack-edge.com/bv1-13-br/vision_wasm_nosimd_internal.adf1e7b7671b5f98.bin.js 
{
  "versionId": 0
}
[08/04/26, 21:47:28:334] info: Aug-04 21:47:28.334 [SERVICE-WORKER] putting asset in cache https://a.slack-edge.com/bv1-13-br/gantry-v2-async-js_quip-src_parts_icons_knitting_tsx.082d7950958ab0c9.min.js 
{
  "versionId": 0
}
[08/04/26, 21:47:28:334] info: Aug-04 21:47:28.334 [SERVICE-WORKER] putting asset in cache https://a.slack-edge.com/bv1-13-br/gantry-v2-async-client-slackbot-ai-tasks-view.ed8e59f8080ac9ac.min.js 
{
  "versionId": 0
}
[08/04/26, 21:47:28:335] info: Aug-04 21:47:28.335 [SERVICE-WORKER] putting asset in cache https://a.slack-edge.com/bv1-13-br/vision_wasm_nosimd_internal.adf1e7b7671b5f98.bin.js 
{
  "versionId": 0
}
[08/04/26, 21:47:28:336] info: Aug-04 21:47:28.336 [SERVICE-WORKER] putting asset in cache https://a.slack-edge.com/bv1-13-br/gantry-v2-async-slides-data-viz.e48b258d56f75ac9.min.js 
{
  "versionId": 0
}
[08/04/26, 21:47:28:337] info: Aug-04 21:47:28.337 [SERVICE-WORKER] fetching asset https://a.slack-edge.com/bv1-13-br/gantry-v2-async-workflow-builder-page-agent.252e0287d7055160.min.css 
{
  "versionId": 0
}
[08/04/26, 21:47:28:338] info: Aug-04 21:47:28.337 [SERVICE-WORKER] fetching asset https://a.slack-edge.com/bv1-13-br/gantry-v2-async-workflow-builder-segment-form-slack-function-form.f430688c523a3fe0.min.js 
{
  "versionId": 0
}
[08/04/26, 21:47:28:338] info: Aug-04 21:47:28.338 [SERVICE-WORKER] fetching asset https://a.slack-edge.com/bv1-13-br/gantry-v2-async-page-block.35b8661f116ee835.min.js 
{
  "versionId": 0
}
[08/04/26, 21:47:28:350] info: Aug-04 21:47:28.350 [SERVICE-WORKER] fetching asset https://a.slack-edge.com/bv1-13-br/gantry-v2-async-sales-sidebar-view.87877d80109e2980.min.js 
{
  "versionId": 0
}
[08/04/26, 21:47:28:357] info: Aug-04 21:47:28.357 [SERVICE-WORKER] putting asset in cache https://a.slack-edge.com/bv1-13-br/gantry-v2-async-workflow-builder-segment-form-slack-function-form.f430688c523a3fe0.min.js 
{
  "versionId": 0
}
[08/04/26, 21:47:28:357] info: Aug-04 21:47:28.357 [SERVICE-WORKER] putting asset in cache https://a.slack-edge.com/bv1-13-br/gantry-v2-async-page-block.35b8661f116ee835.min.js 
{
  "versionId": 0
}
[08/04/26, 21:47:28:359] info: Aug-04 21:47:28.358 [SERVICE-WORKER] putting asset in cache https://a.slack-edge.com/bv1-13-br/gantry-v2-async-workflow-builder-page-agent.252e0287d7055160.min.css 
{
  "versionId": 0
}
[08/04/26, 21:47:28:360] info: Aug-04 21:47:28.360 [SERVICE-WORKER] fetching asset https://a.slack-edge.com/bv1-13-br/gantry-v2-async-js_quip-src_parts_icons_document-color20_tsx.9e3013df084e4ca1.min.js 
{
  "versionId": 0
}
[08/04/26, 21:47:28:360] info: Aug-04 21:47:28.360 [SERVICE-WORKER] fetching asset https://a.slack-edge.com/bv1-13-br/gantry-v2-async-js_quip-src_parts_icons_slack-ext-shared_tsx.7a2bdf12d0734053.min.js 
{
  "versionId": 0
}
[08/04/26, 21:47:28:360] info: Aug-04 21:47:28.360 [SERVICE-WORKER] fetching asset https://a.slack-edge.com/bv1-13-br/gantry-v2-async-modal-message-stats.95a5c06eb9681dbf.min.js 
{
  "versionId": 0
}
[08/04/26, 21:47:28:366] info: Aug-04 21:47:28.365 [SERVICE-WORKER] putting asset in cache https://a.slack-edge.com/bv1-13-br/gantry-v2-async-sales-sidebar-view.87877d80109e2980.min.js 
{
  "versionId": 0
}
[08/04/26, 21:47:28:367] info: Aug-04 21:47:28.367 [SERVICE-WORKER] putting asset in cache https://a.slack-edge.com/bv1-13-br/gantry-v2-async-js_quip-src_parts_icons_document-color20_tsx.9e3013df084e4ca1.min.js 
{
  "versionId": 0
}
[08/04/26, 21:47:28:367] info: Aug-04 21:47:28.367 [SERVICE-WORKER] fetching asset https://a.slack-edge.com/bv1-13-br/gantry-v2-async-codemirror-lang-1.abc9f998c61a3acd.min.js 
{
  "versionId": 0
}
[08/04/26, 21:47:28:369] info: Aug-04 21:47:28.369 [SERVICE-WORKER] fetching asset https://a.slack-edge.com/bv1-13-br/gantry-v2-async-lead-form-codemirror.27a4a00cf8beef6f.min.css 
{
  "versionId": 0
}
[08/04/26, 21:47:28:371] info: Aug-04 21:47:28.371 [SERVICE-WORKER] putting asset in cache https://a.slack-edge.com/bv1-13-br/gantry-v2-async-js_quip-src_parts_icons_slack-ext-shared_tsx.7a2bdf12d0734053.min.js 
{
  "versionId": 0
}
[08/04/26, 21:47:28:372] info: Aug-04 21:47:28.372 [SERVICE-WORKER] putting asset in cache https://a.slack-edge.com/bv1-13-br/gantry-v2-async-modal-message-stats.95a5c06eb9681dbf.min.js 
{
  "versionId": 0
}
[08/04/26, 21:47:28:373] info: Aug-04 21:47:28.373 [SERVICE-WORKER] fetching asset https://a.slack-edge.com/bv1-13-br/gantry-v2-async-client-sales-admin-view.97d58396808eda38.min.js 
{
  "versionId": 0
}
[08/04/26, 21:47:28:382] info: Aug-04 21:47:28.382 [SERVICE-WORKER] putting asset in cache https://a.slack-edge.com/bv1-13-br/gantry-v2-async-codemirror-lang-1.abc9f998c61a3acd.min.js 
{
  "versionId": 0
}
[08/04/26, 21:47:28:384] info: Aug-04 21:47:28.384 [SERVICE-WORKER] putting asset in cache https://a.slack-edge.com/bv1-13-br/gantry-v2-async-lead-form-codemirror.27a4a00cf8beef6f.min.css 
{
  "versionId": 0
}
[08/04/26, 21:47:28:385] info: Aug-04 21:47:28.385 [SERVICE-WORKER] fetching asset https://a.slack-edge.com/bv1-13-br/gantry-v2-async-widget-detail-view.bd922461ca939996.min.js 
{
  "versionId": 0
}
[08/04/26, 21:47:28:385] info: Aug-04 21:47:28.385 [SERVICE-WORKER] fetching asset https://a.slack-edge.com/bv1-13-br/gantry-v2-async-client-message-action-add-to-list-button-nux.11108cc96f22ee1d.min.css 
{
  "versionId": 0
}
[08/04/26, 21:47:28:387] info: Aug-04 21:47:28.387 [SERVICE-WORKER] putting asset in cache https://a.slack-edge.com/bv1-13-br/gantry-v2-async-client-sales-admin-view.97d58396808eda38.min.js 
{
  "versionId": 0
}
[08/04/26, 21:47:28:395] info: Aug-04 21:47:28.395 [SERVICE-WORKER] putting asset in cache https://a.slack-edge.com/bv1-13-br/gantry-v2-async-client-message-action-add-to-list-button-nux.11108cc96f22ee1d.min.css 
{
  "versionId": 0
}
[08/04/26, 21:47:28:395] info: Aug-04 21:47:28.395 [SERVICE-WORKER] fetching asset https://a.slack-edge.com/bv1-13-br/gantry-v2-async-js_quip-src_parts_icons_presentation-color20_tsx.d147ee2fdc6f0d23.min.js 
{
  "versionId": 0
}
[08/04/26, 21:47:28:395] info: Aug-04 21:47:28.395 [SERVICE-WORKER] fetching asset https://a.slack-edge.com/bv1-13-br/gantry-v2-async-node_modules_shiki_dist_wasm_mjs.e329a07860fa7162.min.js 
{
  "versionId": 0
}
[08/04/26, 21:47:28:395] info: Aug-04 21:47:28.395 [SERVICE-WORKER] putting asset in cache https://a.slack-edge.com/bv1-13-br/gantry-v2-async-widget-detail-view.bd922461ca939996.min.js 
{
  "versionId": 0
}
[08/04/26, 21:47:28:397] info: Aug-04 21:47:28.397 [SERVICE-WORKER] fetching asset https://a.slack-edge.com/bv1-13-br/gantry-v2-async-client-meeting-details-view.83a54de42c09b5f9.min.js 
{
  "versionId": 0
}
[08/04/26, 21:47:28:397] info: Aug-04 21:47:28.397 [SERVICE-WORKER] fetching asset https://a.slack-edge.com/bv1-13-br/gantry-v2-async-client-explore-paid-feature-page-hero-en-US.ad07d9e84f69fb9e.min.js 
{
  "versionId": 0
}
[08/04/26, 21:47:28:406] info: Aug-04 21:47:28.406 [SERVICE-WORKER] putting asset in cache https://a.slack-edge.com/bv1-13-br/gantry-v2-async-node_modules_shiki_dist_wasm_mjs.e329a07860fa7162.min.js 
{
  "versionId": 0
}
[08/04/26, 21:47:28:410] info: Aug-04 21:47:28.409 [SERVICE-WORKER] putting asset in cache https://a.slack-edge.com/bv1-13-br/gantry-v2-async-client-explore-paid-feature-page-hero-en-US.ad07d9e84f69fb9e.min.js 
{
  "versionId": 0
}
[08/04/26, 21:47:28:410] info: Aug-04 21:47:28.409 [SERVICE-WORKER] putting asset in cache https://a.slack-edge.com/bv1-13-br/gantry-v2-async-js_quip-src_parts_icons_presentation-color20_tsx.d147ee2fdc6f0d23.min.js 
{
  "versionId": 0
}
[08/04/26, 21:47:28:411] info: Aug-04 21:47:28.411 [SERVICE-WORKER] putting asset in cache https://a.slack-edge.com/bv1-13-br/gantry-v2-async-client-meeting-details-view.83a54de42c09b5f9.min.js 
{
  "versionId": 0
}
[08/04/26, 21:47:28:414] info: Aug-04 21:47:28.414 [SERVICE-WORKER] fetching asset https://a.slack-edge.com/bv1-13-br/gantry-v2-async-client-huddle-view.48889297ed7c6914.min.js 
{
  "versionId": 0
}
[08/04/26, 21:47:28:414] info: Aug-04 21:47:28.414 [SERVICE-WORKER] fetching asset https://a.slack-edge.com/bv1-13-br/gantry-v2-async-client-dev-tools-panel.ec94b291f2e1be01.min.js 
{
  "versionId": 0
}
[08/04/26, 21:47:28:414] info: Aug-04 21:47:28.414 [SERVICE-WORKER] fetching asset https://a.slack-edge.com/bv1-13-br/gantry-v2-async-client-work-object-view.dab7184cf5e98566.min.js 
{
  "versionId": 0
}
[08/04/26, 21:47:28:418] info: Aug-04 21:47:28.418 [SERVICE-WORKER] fetching asset https://a.slack-edge.com/bv1-13-br/gantry-v2-async-workflow-builder-page-workflow-editor.d3de390d2b081d2f.min.js 
{
  "versionId": 0
}
[08/04/26, 21:47:28:426] info: Aug-04 21:47:28.426 [SERVICE-WORKER] putting asset in cache https://a.slack-edge.com/bv1-13-br/gantry-v2-async-client-huddle-view.48889297ed7c6914.min.js 
{
  "versionId": 0
}
[08/04/26, 21:47:28:427] info: Aug-04 21:47:28.427 [SERVICE-WORKER] putting asset in cache https://a.slack-edge.com/bv1-13-br/gantry-v2-async-client-dev-tools-panel.ec94b291f2e1be01.min.js 
{
  "versionId": 0
}
[08/04/26, 21:47:28:428] info: Aug-04 21:47:28.427 [SERVICE-WORKER] putting asset in cache https://a.slack-edge.com/bv1-13-br/gantry-v2-async-client-work-object-view.dab7184cf5e98566.min.js 
{
  "versionId": 0
}
[08/04/26, 21:47:28:429] info: Aug-04 21:47:28.428 [SERVICE-WORKER] putting asset in cache https://a.slack-edge.com/bv1-13-br/gantry-v2-async-workflow-builder-page-workflow-editor.d3de390d2b081d2f.min.js 
{
  "versionId": 0
}
[08/04/26, 21:47:28:430] info: Aug-04 21:47:28.430 [SERVICE-WORKER] fetching asset https://a.slack-edge.com/bv1-13-br/gantry-v2-async-spider-crawl.json.ee9c563aa1e6b9a0.min.js 
{
  "versionId": 0
}
[08/04/26, 21:47:28:430] info: Aug-04 21:47:28.430 [SERVICE-WORKER] fetching asset https://a.slack-edge.com/bv1-13-br/gantry-v2-async-client-canvas-thread-view-router.6f839de75a6ed24b.min.js 
{
  "versionId": 0
}
[08/04/26, 21:47:28:430] info: Aug-04 21:47:28.430 [SERVICE-WORKER] fetching asset https://a.slack-edge.com/bv1-13-br/gantry-v2-async-slackbot-ai-skills-explore-modal.73e6731fbde50eaf.min.js 
{
  "versionId": 0
}
[08/04/26, 21:47:28:431] info: Aug-04 21:47:28.430 [SERVICE-WORKER] fetching asset https://a.slack-edge.com/bv1-13-br/gantry-v2-async-sales-tracker-slackbot-zero-state.5063d26a001f146c.min.css 
{
  "versionId": 0
}
[08/04/26, 21:47:28:439] info: Aug-04 21:47:28.439 [SERVICE-WORKER] putting asset in cache https://a.slack-edge.com/bv1-13-br/gantry-v2-async-spider-crawl.json.ee9c563aa1e6b9a0.min.js 
{
  "versionId": 0
}
[08/04/26, 21:47:28:440] info: Aug-04 21:47:28.440 [SERVICE-WORKER] putting asset in cache https://a.slack-edge.com/bv1-13-br/gantry-v2-async-slackbot-ai-skills-explore-modal.73e6731fbde50eaf.min.js 
{
  "versionId": 0
}
[08/04/26, 21:47:28:441] info: Aug-04 21:47:28.441 [SERVICE-WORKER] putting asset in cache https://a.slack-edge.com/bv1-13-br/gantry-v2-async-client-canvas-thread-view-router.6f839de75a6ed24b.min.js 
{
  "versionId": 0
}
[08/04/26, 21:47:28:442] info: Aug-04 21:47:28.441 [SERVICE-WORKER] putting asset in cache https://a.slack-edge.com/bv1-13-br/gantry-v2-async-sales-tracker-slackbot-zero-state.5063d26a001f146c.min.css 
{
  "versionId": 0
}
[08/04/26, 21:47:28:445] info: Aug-04 21:47:28.444 [SERVICE-WORKER] fetching asset https://a.slack-edge.com/bv1-13-br/gantry-v2-async-client-browse-sidekicks-view-content.ad77a355e4d93eb4.min.js 
{
  "versionId": 0
}
[08/04/26, 21:47:28:445] info: Aug-04 21:47:28.445 [SERVICE-WORKER] fetching asset https://a.slack-edge.com/bv1-13-br/gantry-v2-async-persona-card-trend-spotter.19cf36164df7e7d8.min.js 
{
  "versionId": 0
}
[08/04/26, 21:47:28:445] info: Aug-04 21:47:28.445 [SERVICE-WORKER] fetching asset https://a.slack-edge.com/bv1-13-br/gantry-v2-async-client-tableau-details.9a5b754436c8280e.min.js 
{
  "versionId": 0
}
[08/04/26, 21:47:28:445] info: Aug-04 21:47:28.445 [SERVICE-WORKER] fetching asset https://a.slack-edge.com/bv1-13-br/gantry-v2-async-quip-collab.1a801e963ddb0cb1.min.js 
{
  "versionId": 0
}
[08/04/26, 21:47:28:456] info: Aug-04 21:47:28.456 [SERVICE-WORKER] putting asset in cache https://a.slack-edge.com/bv1-13-br/gantry-v2-async-persona-card-trend-spotter.19cf36164df7e7d8.min.js 
{
  "versionId": 0
}
[08/04/26, 21:47:28:457] info: Aug-04 21:47:28.457 [SERVICE-WORKER] putting asset in cache https://a.slack-edge.com/bv1-13-br/gantry-v2-async-client-browse-sidekicks-view-content.ad77a355e4d93eb4.min.js 
{
  "versionId": 0
}
[08/04/26, 21:47:28:457] info: Aug-04 21:47:28.457 [SERVICE-WORKER] putting asset in cache https://a.slack-edge.com/bv1-13-br/gantry-v2-async-quip-collab.1a801e963ddb0cb1.min.js 
{
  "versionId": 0
}
[08/04/26, 21:47:28:458] info: Aug-04 21:47:28.458 [SERVICE-WORKER] fetching asset https://a.slack-edge.com/bv1-13-br/gantry-v2-async-js_quip-src_collab_controller_editor_editor_tsx-js_quip-src_collab_controller_editor_slack-sh-677ae2.b11c8d4f27c29d1e.min.css 
{
  "versionId": 0
}
[08/04/26, 21:47:28:458] info: Aug-04 21:47:28.458 [SERVICE-WORKER] putting asset in cache https://a.slack-edge.com/bv1-13-br/gantry-v2-async-client-tableau-details.9a5b754436c8280e.min.js 
{
  "versionId": 0
}
[08/04/26, 21:47:28:460] info: Aug-04 21:47:28.460 [SERVICE-WORKER] fetching asset https://a.slack-edge.com/bv1-13-br/gantry-v2-async-workflow-builder-segment-form-slack-event.af496415f612cf75.min.js 
{
  "versionId": 0
}
[08/04/26, 21:47:28:461] info: Aug-04 21:47:28.460 [SERVICE-WORKER] fetching asset https://a.slack-edge.com/bv1-13-br/gantry-v2-async-js_quip-src_parts_icons_folder-color32_tsx.e56e25b2e3e6dac4.min.js 
{
  "versionId": 0
}
[08/04/26, 21:47:28:461] info: Aug-04 21:47:28.461 [SERVICE-WORKER] fetching asset https://a.slack-edge.com/bv1-13-br/GoogleSansFlex_24pt-Italic-11ac61c.woff2 
{
  "versionId": 0
}
[08/04/26, 21:47:28:470] info: Aug-04 21:47:28.470 [SERVICE-WORKER] putting asset in cache https://a.slack-edge.com/bv1-13-br/gantry-v2-async-js_quip-src_collab_controller_editor_editor_tsx-js_quip-src_collab_controller_editor_slack-sh-677ae2.b11c8d4f27c29d1e.min.css 
{
  "versionId": 0
}
[08/04/26, 21:47:28:472] info: Aug-04 21:47:28.472 [SERVICE-WORKER] putting asset in cache https://a.slack-edge.com/bv1-13-br/gantry-v2-async-js_quip-src_parts_icons_folder-color32_tsx.e56e25b2e3e6dac4.min.js 
{
  "versionId": 0
}
[08/04/26, 21:47:28:472] info: Aug-04 21:47:28.472 [SERVICE-WORKER] fetching asset https://a.slack-edge.com/bv1-13-br/lato-light-b434728.woff2 
{
  "versionId": 0
}
[08/04/26, 21:47:28:472] info: Aug-04 21:47:28.472 [SERVICE-WORKER] putting asset in cache https://a.slack-edge.com/bv1-13-br/GoogleSansFlex_24pt-Italic-11ac61c.woff2 
{
  "versionId": 0
}
[08/04/26, 21:47:28:474] info: Aug-04 21:47:28.474 [SERVICE-WORKER] fetching asset https://a.slack-edge.com/bv1-13-br/gantry-v2-async-megaphone-dispatcher-dropdown.502541c263ca94d6.min.css 
{
  "versionId": 0
}
[08/04/26, 21:47:28:474] info: Aug-04 21:47:28.474 [SERVICE-WORKER] fetching asset https://a.slack-edge.com/bv1-13-br/gantry-v2-async-daily-digest-view.371540a0c22eb8a5.min.css 
{
  "versionId": 0
}
[08/04/26, 21:47:28:479] info: Aug-04 21:47:28.478 [SERVICE-WORKER] putting asset in cache https://a.slack-edge.com/bv1-13-br/gantry-v2-async-workflow-builder-segment-form-slack-event.af496415f612cf75.min.js 
{
  "versionId": 0
}
[08/04/26, 21:47:28:480] info: Aug-04 21:47:28.480 [SERVICE-WORKER] fetching asset https://a.slack-edge.com/bv1-13-br/gantry-v2-async-straight-to-biz-plus-rocket-animation.041d478696f3e096.min.js 
{
  "versionId": 0
}
[08/04/26, 21:47:28:482] info: Aug-04 21:47:28.482 [SERVICE-WORKER] putting asset in cache https://a.slack-edge.com/bv1-13-br/lato-light-b434728.woff2 
{
  "versionId": 0
}
[08/04/26, 21:47:28:484] info: Aug-04 21:47:28.484 [SERVICE-WORKER] putting asset in cache https://a.slack-edge.com/bv1-13-br/gantry-v2-async-megaphone-dispatcher-dropdown.502541c263ca94d6.min.css 
{
  "versionId": 0
}
[08/04/26, 21:47:28:485] info: Aug-04 21:47:28.485 [SERVICE-WORKER] fetching asset https://a.slack-edge.com/bv1-13-br/gantry-v2-async-client-ai-workspace-canvas-banner.4729d8cfb257ae6b.min.css 
{
  "versionId": 0
}
[08/04/26, 21:47:28:486] info: Aug-04 21:47:28.486 [SERVICE-WORKER] putting asset in cache https://a.slack-edge.com/bv1-13-br/gantry-v2-async-daily-digest-view.371540a0c22eb8a5.min.css 
{
  "versionId": 0
}
[08/04/26, 21:47:28:487] info: Aug-04 21:47:28.487 [SERVICE-WORKER] fetching asset https://a.slack-edge.com/bv1-13-br/gantry-v2-async-layout-debug-overlay.3a2d7825851a3d7a.min.js 
{
  "versionId": 0
}
[08/04/26, 21:47:28:492] info: Aug-04 21:47:28.491 [SERVICE-WORKER] putting asset in cache https://a.slack-edge.com/bv1-13-br/gantry-v2-async-straight-to-biz-plus-rocket-animation.041d478696f3e096.min.js 
{
  "versionId": 0
}
[08/04/26, 21:47:28:497] info: Aug-04 21:47:28.497 [SERVICE-WORKER] putting asset in cache https://a.slack-edge.com/bv1-13-br/gantry-v2-async-layout-debug-overlay.3a2d7825851a3d7a.min.js 
{
  "versionId": 0
}
[08/04/26, 21:47:28:498] info: Aug-04 21:47:28.498 [SERVICE-WORKER] fetching asset https://a.slack-edge.com/bv1-13-br/gantry-v2-async-client-huddles-view.054486f2d0dd8d25.min.js 
{
  "versionId": 0
}
[08/04/26, 21:47:28:508] info: Aug-04 21:47:28.508 [SERVICE-WORKER] fetching asset https://a.slack-edge.com/bv1-13-br/gantry-v2-async-slackbot-calendar-secondary-view.1e049d0e76149a1c.min.css 
{
  "versionId": 0
}
[08/04/26, 21:47:28:510] info: Aug-04 21:47:28.509 [SERVICE-WORKER] putting asset in cache https://a.slack-edge.com/bv1-13-br/gantry-v2-async-client-huddles-view.054486f2d0dd8d25.min.js 
{
  "versionId": 0
}
[08/04/26, 21:47:28:511] info: Aug-04 21:47:28.511 [SERVICE-WORKER] putting asset in cache https://a.slack-edge.com/bv1-13-br/gantry-v2-async-client-ai-workspace-canvas-banner.4729d8cfb257ae6b.min.css 
{
  "versionId": 0
}
[08/04/26, 21:47:28:514] info: Aug-04 21:47:28.514 [SERVICE-WORKER] fetching asset https://a.slack-edge.com/bv1-13-br/gantry-v2-async-client-task-approval-view.23df1de487136f88.min.js 
{
  "versionId": 0
}
[08/04/26, 21:47:28:515] info: Aug-04 21:47:28.515 [SERVICE-WORKER] fetching asset https://a.slack-edge.com/bv1-13-br/gantry-v2-async-client-channel-view.e332f6b84693eec6.min.js 
{
  "versionId": 0
}
[08/04/26, 21:47:28:515] info: Aug-04 21:47:28.515 [SERVICE-WORKER] fetching asset https://a.slack-edge.com/bv1-13-br/gantry-v2-async-client-sales-bulk-grid-view.a3dce5cdbdc5f25a.min.js 
{
  "versionId": 0
}
[08/04/26, 21:47:28:517] info: Aug-04 21:47:28.517 [SERVICE-WORKER] putting asset in cache https://a.slack-edge.com/bv1-13-br/gantry-v2-async-slackbot-calendar-secondary-view.1e049d0e76149a1c.min.css 
{
  "versionId": 0
}
[08/04/26, 21:47:28:518] info: Aug-04 21:47:28.518 [SERVICE-WORKER] fetching asset https://a.slack-edge.com/bv1-13-br/gantry-v2-async-external-connections-sidebar-view.518d6079f640a5f5.min.css 
{
  "versionId": 0
}
[08/04/26, 21:47:28:527] info: Aug-04 21:47:28.526 [SERVICE-WORKER] putting asset in cache https://a.slack-edge.com/bv1-13-br/gantry-v2-async-client-channel-view.e332f6b84693eec6.min.js 
{
  "versionId": 0
}
[08/04/26, 21:47:28:528] info: Aug-04 21:47:28.528 [SERVICE-WORKER] putting asset in cache https://a.slack-edge.com/bv1-13-br/gantry-v2-async-client-sales-bulk-grid-view.a3dce5cdbdc5f25a.min.js 
{
  "versionId": 0
}
[08/04/26, 21:47:28:528] info: Aug-04 21:47:28.528 [SERVICE-WORKER] putting asset in cache https://a.slack-edge.com/bv1-13-br/gantry-v2-async-external-connections-sidebar-view.518d6079f640a5f5.min.css 
{
  "versionId": 0
}
[08/04/26, 21:47:28:529] info: Aug-04 21:47:28.529 [SERVICE-WORKER] fetching asset https://a.slack-edge.com/bv1-13-br/gantry-v2-async-client-page-view.2c6e00a885ee7c63.min.js 
{
  "versionId": 0
}
[08/04/26, 21:47:28:530] info: Aug-04 21:47:28.529 [SERVICE-WORKER] putting asset in cache https://a.slack-edge.com/bv1-13-br/gantry-v2-async-client-task-approval-view.23df1de487136f88.min.js 
{
  "versionId": 0
}
[08/04/26, 21:47:28:531] info: Aug-04 21:47:28.531 [SERVICE-WORKER] fetching asset https://a.slack-edge.com/bv1-13-br/gantry-v2-async-workflow-builder-template-edit.81595fa5a88a31cc.min.css 
{
  "versionId": 0
}
[08/04/26, 21:47:28:532] info: Aug-04 21:47:28.531 [SERVICE-WORKER] fetching asset https://a.slack-edge.com/bv1-13-br/gantry-v2-async-workflow-builder-segment-form-shortcut.8358d7f88d7b53cf.min.js 
{
  "versionId": 0
}
[08/04/26, 21:47:28:532] info: Aug-04 21:47:28.532 [SERVICE-WORKER] fetching asset https://a.slack-edge.com/bv1-13-br/gantry-v2-async-slackbot-ai-upgrade-paywall.434a8ee12a63a27e.min.js 
{
  "versionId": 0
}
[08/04/26, 21:47:28:545] info: Aug-04 21:47:28.544 [SERVICE-WORKER] putting asset in cache https://a.slack-edge.com/bv1-13-br/gantry-v2-async-workflow-builder-template-edit.81595fa5a88a31cc.min.css 
{
  "versionId": 0
}
[08/04/26, 21:47:28:545] info: Aug-04 21:47:28.545 [SERVICE-WORKER] putting asset in cache https://a.slack-edge.com/bv1-13-br/gantry-v2-async-client-page-view.2c6e00a885ee7c63.min.js 
{
  "versionId": 0
}
[08/04/26, 21:47:28:546] info: Aug-04 21:47:28.546 [SERVICE-WORKER] putting asset in cache https://a.slack-edge.com/bv1-13-br/gantry-v2-async-workflow-builder-segment-form-shortcut.8358d7f88d7b53cf.min.js 
{
  "versionId": 0
}
[08/04/26, 21:47:28:546] info: Aug-04 21:47:28.546 [SERVICE-WORKER] putting asset in cache https://a.slack-edge.com/bv1-13-br/gantry-v2-async-slackbot-ai-upgrade-paywall.434a8ee12a63a27e.min.js 
{
  "versionId": 0
}
[08/04/26, 21:47:28:549] info: Aug-04 21:47:28.548 [SERVICE-WORKER] fetching asset https://a.slack-edge.com/bv1-13-br/gantry-v2-async-client-workflow-template-editor-view.5e5217f82b4066f3.min.js 
{
  "versionId": 0
}
[08/04/26, 21:47:28:549] info: Aug-04 21:47:28.549 [SERVICE-WORKER] fetching asset https://a.slack-edge.com/bv1-13-br/gantry-v2-async-client-browse-workflows-tabbed-view.1d4aee5a0bc8b9d3.min.js 
{
  "versionId": 0
}
[08/04/26, 21:47:28:550] info: Aug-04 21:47:28.549 [SERVICE-WORKER] fetching asset https://a.slack-edge.com/bv1-13-br/gantry-v2-async-ms-xlsx-preview.d113c2065755e567.min.css 
{
  "versionId": 0
}
[08/04/26, 21:47:28:550] info: Aug-04 21:47:28.550 [SERVICE-WORKER] fetching asset https://a.slack-edge.com/bv1-13-br/gantry-v2-async-client-slack-connect-channels-view.b027fe912405675d.min.js 
{
  "versionId": 0
}
[08/04/26, 21:47:28:558] info: Aug-04 21:47:28.558 [SERVICE-WORKER] putting asset in cache https://a.slack-edge.com/bv1-13-br/gantry-v2-async-client-browse-workflows-tabbed-view.1d4aee5a0bc8b9d3.min.js 
{
  "versionId": 0
}
[08/04/26, 21:47:28:559] info: Aug-04 21:47:28.559 [SERVICE-WORKER] fetching asset https://a.slack-edge.com/bv1-13-br/gantry-v2-async-client-org-directory-view.6e5da6e384a8c3e9.min.js 
{
  "versionId": 0
}
[08/04/26, 21:47:28:559] info: Aug-04 21:47:28.559 [SERVICE-WORKER] putting asset in cache https://a.slack-edge.com/bv1-13-br/gantry-v2-async-ms-xlsx-preview.d113c2065755e567.min.css 
{
  "versionId": 0
}
[08/04/26, 21:47:28:560] info: Aug-04 21:47:28.560 [SERVICE-WORKER] putting asset in cache https://a.slack-edge.com/bv1-13-br/gantry-v2-async-client-slack-connect-channels-view.b027fe912405675d.min.js 
{
  "versionId": 0
}
[08/04/26, 21:47:28:561] info: Aug-04 21:47:28.561 [SERVICE-WORKER] fetching asset https://a.slack-edge.com/bv1-13-br/gantry-v2-async-client-slack-connect-view.6947a1141e7baddf.min.js 
{
  "versionId": 0
}
[08/04/26, 21:47:28:561] info: Aug-04 21:47:28.561 [SERVICE-WORKER] putting asset in cache https://a.slack-edge.com/bv1-13-br/gantry-v2-async-client-workflow-template-editor-view.5e5217f82b4066f3.min.js 
{
  "versionId": 0
}
[08/04/26, 21:47:28:563] info: Aug-04 21:47:28.563 [SERVICE-WORKER] fetching asset https://a.slack-edge.com/bv1-13-br/gantry-v2-async-quip-collab-webapp.70ca70b49a2e456d.min.js 
{
  "versionId": 0
}
[08/04/26, 21:47:28:563] info: Aug-04 21:47:28.563 [SERVICE-WORKER] fetching asset https://a.slack-edge.com/bv1-13-br/gantry-v2-async-client-message-action-add-to-list-menu-item-nux.10b53dab140a498c.min.js 
{
  "versionId": 0
}
[08/04/26, 21:47:28:569] info: Aug-04 21:47:28.568 [SERVICE-WORKER] putting asset in cache https://a.slack-edge.com/bv1-13-br/gantry-v2-async-client-org-directory-view.6e5da6e384a8c3e9.min.js 
{
  "versionId": 0
}
[08/04/26, 21:47:28:570] info: Aug-04 21:47:28.570 [SERVICE-WORKER] putting asset in cache https://a.slack-edge.com/bv1-13-br/gantry-v2-async-client-slack-connect-view.6947a1141e7baddf.min.js 
{
  "versionId": 0
}
[08/04/26, 21:47:28:571] info: Aug-04 21:47:28.571 [SERVICE-WORKER] putting asset in cache https://a.slack-edge.com/bv1-13-br/gantry-v2-async-quip-collab-webapp.70ca70b49a2e456d.min.js 
{
  "versionId": 0
}
[08/04/26, 21:47:28:571] info: Aug-04 21:47:28.571 [SERVICE-WORKER] fetching asset https://a.slack-edge.com/bv1-13-br/gantry-v2-async-js_quip-src_desktop_thread_find-bar-impl_tsx.f982f5c123213f90.min.js 
{
  "versionId": 0
}
[08/04/26, 21:47:28:571] info: Aug-04 21:47:28.571 [SERVICE-WORKER] fetching asset https://a.slack-edge.com/bv1-13-br/gantry-v2-async-client-slackbot-ai-apps-view.397351cbf04e5a19.min.js 
{
  "versionId": 0
}
[08/04/26, 21:47:28:572] info: Aug-04 21:47:28.572 [SERVICE-WORKER] putting asset in cache https://a.slack-edge.com/bv1-13-br/gantry-v2-async-client-message-action-add-to-list-menu-item-nux.10b53dab140a498c.min.js 
{
  "versionId": 0
}
[08/04/26, 21:47:28:573] info: Aug-04 21:47:28.573 [SERVICE-WORKER] fetching asset https://a.slack-edge.com/bv1-13-br/gantry-v2-async-client-browse-unified-files-view.1ec1303eb1734a37.min.js 
{
  "versionId": 0
}
[08/04/26, 21:47:28:573] info: Aug-04 21:47:28.573 [SERVICE-WORKER] fetching asset https://a.slack-edge.com/bv1-13-br/gantry-v2-async-client-app-details.d990760019699b6f.min.css 
{
  "versionId": 0
}
[08/04/26, 21:47:28:583] info: Aug-04 21:47:28.583 [SERVICE-WORKER] putting asset in cache https://a.slack-edge.com/bv1-13-br/gantry-v2-async-client-slackbot-ai-apps-view.397351cbf04e5a19.min.js 
{
  "versionId": 0
}
[08/04/26, 21:47:28:585] info: Aug-04 21:47:28.584 [SERVICE-WORKER] putting asset in cache https://a.slack-edge.com/bv1-13-br/gantry-v2-async-client-app-details.d990760019699b6f.min.css 
{
  "versionId": 0
}
[08/04/26, 21:47:28:585] info: Aug-04 21:47:28.584 [SERVICE-WORKER] putting asset in cache https://a.slack-edge.com/bv1-13-br/gantry-v2-async-js_quip-src_desktop_thread_find-bar-impl_tsx.f982f5c123213f90.min.js 
{
  "versionId": 0
}
[08/04/26, 21:47:28:585] info: Aug-04 21:47:28.585 [SERVICE-WORKER] putting asset in cache https://a.slack-edge.com/bv1-13-br/gantry-v2-async-client-browse-unified-files-view.1ec1303eb1734a37.min.js 
{
  "versionId": 0
}
[08/04/26, 21:47:28:588] info: Aug-04 21:47:28.587 [SERVICE-WORKER] fetching asset https://a.slack-edge.com/bv1-13-br/gantry-v2-async-client-boot-slackbot-mini.4431baf825a71d0c.min.js 
{
  "versionId": 0
}
[08/04/26, 21:47:28:589] info: Aug-04 21:47:28.587 [SERVICE-WORKER] fetching asset https://a.slack-edge.com/bv1-13-br/helper-gantry-v2-styles.07ed22eae369fb45.min.css 
{
  "versionId": 0
}
[08/04/26, 21:47:28:589] info: Aug-04 21:47:28.587 [SERVICE-WORKER] fetching asset https://a.slack-edge.com/bv1-13-br/gantry-v2-async-js_quip-src_collab_controller_debug-impl_tsx.9fa611fe0d33d363.min.css 
{
  "versionId": 0
}
[08/04/26, 21:47:28:589] info: Aug-04 21:47:28.588 [SERVICE-WORKER] fetching asset https://a.slack-edge.com/bv1-13-br/gantry-v2-async-client-transcript-flexpane-view.6d6b905aa4b74bd7.min.js 
{
  "versionId": 0
}
[08/04/26, 21:47:28:597] info: Aug-04 21:47:28.597 [SERVICE-WORKER] putting asset in cache https://a.slack-edge.com/bv1-13-br/gantry-v2-async-client-boot-slackbot-mini.4431baf825a71d0c.min.js 
{
  "versionId": 0
}
[08/04/26, 21:47:28:598] info: Aug-04 21:47:28.597 [SERVICE-WORKER] putting asset in cache https://a.slack-edge.com/bv1-13-br/helper-gantry-v2-styles.07ed22eae369fb45.min.css 
{
  "versionId": 0
}
[08/04/26, 21:47:28:598] info: Aug-04 21:47:28.598 [SERVICE-WORKER] putting asset in cache https://a.slack-edge.com/bv1-13-br/gantry-v2-async-client-transcript-flexpane-view.6d6b905aa4b74bd7.min.js 
{
  "versionId": 0
}
[08/04/26, 21:47:28:600] info: Aug-04 21:47:28.600 [SERVICE-WORKER] putting asset in cache https://a.slack-edge.com/bv1-13-br/gantry-v2-async-js_quip-src_collab_controller_debug-impl_tsx.9fa611fe0d33d363.min.css 
{
  "versionId": 0
}
[08/04/26, 21:47:28:600] info: Aug-04 21:47:28.600 [SERVICE-WORKER] fetching asset https://a.slack-edge.com/bv1-13-br/gantry-v2-async-feelings-catcher-heart.f9df29c3e6aa4512.min.js 
{
  "versionId": 0
}
[08/04/26, 21:47:28:601] info: Aug-04 21:47:28.601 [SERVICE-WORKER] fetching asset https://a.slack-edge.com/bv1-13-br/canvas-controller-8a641a28c2f1e7bb.css 
{
  "versionId": 0
}
[08/04/26, 21:47:28:601] info: Aug-04 21:47:28.601 [SERVICE-WORKER] fetching asset https://a.slack-edge.com/bv1-13-br/gantry-v2-async-js_quip-src_parts_icons_trash-color32_tsx.6669f7b0fae39581.min.js 
{
  "versionId": 0
}
[08/04/26, 21:47:28:601] info: Aug-04 21:47:28.601 [SERVICE-WORKER] fetching asset https://a.slack-edge.com/bv1-13-br/gantry-v2-async-persona-emoji-sommelier.a9a8fb60a87531f8.min.js 
{
  "versionId": 0
}
[08/04/26, 21:47:28:610] info: Aug-04 21:47:28.609 [SERVICE-WORKER] putting asset in cache https://a.slack-edge.com/bv1-13-br/gantry-v2-async-feelings-catcher-heart.f9df29c3e6aa4512.min.js 
{
  "versionId": 0
}
[08/04/26, 21:47:28:611] info: Aug-04 21:47:28.610 [SERVICE-WORKER] putting asset in cache https://a.slack-edge.com/bv1-13-br/canvas-controller-8a641a28c2f1e7bb.css 
{
  "versionId": 0
}
[08/04/26, 21:47:28:612] info: Aug-04 21:47:28.612 [SERVICE-WORKER] fetching asset https://a.slack-edge.com/bv1-13-br/gantry-v2-async-js_quip-src_parts_icons_trash-color20_tsx.31bbcb6c9d2f4465.min.js 
{
  "versionId": 0
}
[08/04/26, 21:47:28:612] info: Aug-04 21:47:28.612 [SERVICE-WORKER] putting asset in cache https://a.slack-edge.com/bv1-13-br/gantry-v2-async-persona-emoji-sommelier.a9a8fb60a87531f8.min.js 
{
  "versionId": 0
}
[08/04/26, 21:47:28:613] info: Aug-04 21:47:28.613 [SERVICE-WORKER] putting asset in cache https://a.slack-edge.com/bv1-13-br/gantry-v2-async-js_quip-src_parts_icons_trash-color32_tsx.6669f7b0fae39581.min.js 
{
  "versionId": 0
}
[08/04/26, 21:47:28:616] info: Aug-04 21:47:28.616 [SERVICE-WORKER] fetching asset https://a.slack-edge.com/bv1-13-br/gantry-v2-async-record-related-conversations-list-all-view.c19f08807a285def.min.js 
{
  "versionId": 0
}
[08/04/26, 21:47:28:617] info: Aug-04 21:47:28.617 [SERVICE-WORKER] fetching asset https://a.slack-edge.com/bv1-13-br/gantry-v2-async-desktop-delegates-patching.5e4717b3aace0a04.min.js 
{
  "versionId": 0
}
[08/04/26, 21:47:28:617] info: Aug-04 21:47:28.617 [SERVICE-WORKER] fetching asset https://a.slack-edge.com/bv1-13-br/gantry-v2-async-client-your-workflow-templates-view.a3a2a725fb8b5d43.min.js 
{
  "versionId": 0
}
[08/04/26, 21:47:28:623] info: Aug-04 21:47:28.623 [SERVICE-WORKER] putting asset in cache https://a.slack-edge.com/bv1-13-br/gantry-v2-async-js_quip-src_parts_icons_trash-color20_tsx.31bbcb6c9d2f4465.min.js 
{
  "versionId": 0
}
[08/04/26, 21:47:28:624] info: Aug-04 21:47:28.624 [SERVICE-WORKER] fetching asset https://a.slack-edge.com/bv1-13-br/gantry-v2-async-js_quip-src_parts_icons_document-template-color32_tsx.fe7a5e285db8d06c.min.js 
{
  "versionId": 0
}
[08/04/26, 21:47:28:626] info: Aug-04 21:47:28.626 [SERVICE-WORKER] putting asset in cache https://a.slack-edge.com/bv1-13-br/gantry-v2-async-record-related-conversations-list-all-view.c19f08807a285def.min.js 
{
  "versionId": 0
}
[08/04/26, 21:47:28:627] info: Aug-04 21:47:28.627 [SERVICE-WORKER] fetching asset https://a.slack-edge.com/bv1-13-br/gantry-v2-async-slackbot-crm-zero-state.80adc9ae24470705.min.js 
{
  "versionId": 0
}
[08/04/26, 21:47:28:628] info: Aug-04 21:47:28.628 [SERVICE-WORKER] putting asset in cache https://a.slack-edge.com/bv1-13-br/gantry-v2-async-client-your-workflow-templates-view.a3a2a725fb8b5d43.min.js 
{
  "versionId": 0
}
[08/04/26, 21:47:28:628] info: Aug-04 21:47:28.628 [SERVICE-WORKER] putting asset in cache https://a.slack-edge.com/bv1-13-br/gantry-v2-async-desktop-delegates-patching.5e4717b3aace0a04.min.js 
{
  "versionId": 0
}
[08/04/26, 21:47:28:630] info: Aug-04 21:47:28.629 [SERVICE-WORKER] fetching asset https://a.slack-edge.com/bv1-13-br/gantry-v2-async-persona-card-emoji-sommelier.7755c4f4abf27b19.min.js 
{
  "versionId": 0
}
[08/04/26, 21:47:28:630] info: Aug-04 21:47:28.630 [SERVICE-WORKER] fetching asset https://a.slack-edge.com/bv1-13-br/GoogleSansFlex_24pt-BoldItalic-1b87deb.woff2 
{
  "versionId": 0
}
[08/04/26, 21:47:28:633] info: Aug-04 21:47:28.633 [SERVICE-WORKER] putting asset in cache https://a.slack-edge.com/bv1-13-br/gantry-v2-async-js_quip-src_parts_icons_document-template-color32_tsx.fe7a5e285db8d06c.min.js 
{
  "versionId": 0
}
[08/04/26, 21:47:28:635] info: Aug-04 21:47:28.635 [SERVICE-WORKER] fetching asset https://a.slack-edge.com/bv1-13-br/gantry-v2-async-persona-card-bridge-builder.bbf65ed5a3faa623.min.js 
{
  "versionId": 0
}
[08/04/26, 21:47:28:637] info: Aug-04 21:47:28.636 [SERVICE-WORKER] putting asset in cache https://a.slack-edge.com/bv1-13-br/gantry-v2-async-slackbot-crm-zero-state.80adc9ae24470705.min.js 
{
  "versionId": 0
}
[08/04/26, 21:47:28:638] info: Aug-04 21:47:28.638 [SERVICE-WORKER] fetching asset https://a.slack-edge.com/bv1-13-br/gantry-v2-async-duster-pocket-guide.json.9734d8ceb85e7d72.min.js 
{
  "versionId": 0
}
[08/04/26, 21:47:28:639] info: Aug-04 21:47:28.639 [SERVICE-WORKER] putting asset in cache https://a.slack-edge.com/bv1-13-br/gantry-v2-async-persona-card-emoji-sommelier.7755c4f4abf27b19.min.js 
{
  "versionId": 0
}
[08/04/26, 21:47:28:640] info: Aug-04 21:47:28.640 [SERVICE-WORKER] putting asset in cache https://a.slack-edge.com/bv1-13-br/GoogleSansFlex_24pt-BoldItalic-1b87deb.woff2 
{
  "versionId": 0
}
[08/04/26, 21:47:28:641] info: Aug-04 21:47:28.641 [SERVICE-WORKER] fetching asset https://a.slack-edge.com/bv1-13-br/lato-italic-black-f097363.woff2 
{
  "versionId": 0
}
[08/04/26, 21:47:28:646] info: Aug-04 21:47:28.646 [SERVICE-WORKER] putting asset in cache https://a.slack-edge.com/bv1-13-br/gantry-v2-async-persona-card-bridge-builder.bbf65ed5a3faa623.min.js 
{
  "versionId": 0
}
[08/04/26, 21:47:28:647] info: Aug-04 21:47:28.646 [SERVICE-WORKER] fetching asset https://a.slack-edge.com/bv1-13-br/gantry-v2-async-client-search-in-channel-view.32ba296a9507acf3.min.js 
{
  "versionId": 0
}
[08/04/26, 21:47:28:647] info: Aug-04 21:47:28.647 [SERVICE-WORKER] fetching asset https://a.slack-edge.com/bv1-13-br/gantry-v2-async-client-browse-unified-files-folder-view.f325695bed3e07fb.min.js 
{
  "versionId": 0
}
[08/04/26, 21:47:28:651] info: Aug-04 21:47:28.650 [SERVICE-WORKER] putting asset in cache https://a.slack-edge.com/bv1-13-br/gantry-v2-async-duster-pocket-guide.json.9734d8ceb85e7d72.min.js 
{
  "versionId": 0
}
[08/04/26, 21:47:28:652] info: Aug-04 21:47:28.651 [SERVICE-WORKER] putting asset in cache https://a.slack-edge.com/bv1-13-br/lato-italic-black-f097363.woff2 
{
  "versionId": 0
}
[08/04/26, 21:47:28:653] info: Aug-04 21:47:28.652 [SERVICE-WORKER] fetching asset https://a.slack-edge.com/bv1-13-br/lato-bold-78da5d4.woff2 
{
  "versionId": 0
}
[08/04/26, 21:47:28:654] info: Aug-04 21:47:28.654 [SERVICE-WORKER] putting asset in cache https://a.slack-edge.com/bv1-13-br/lato-bold-78da5d4.woff2 
{
  "versionId": 0
}
[08/04/26, 21:47:28:655] info: Aug-04 21:47:28.655 [SERVICE-WORKER] fetching asset https://a.slack-edge.com/bv1-13-br/gantry-v2-async-loader.json.db0faed87750a447.min.js 
{
  "versionId": 0
}
[08/04/26, 21:47:28:660] info: Aug-04 21:47:28.660 [SERVICE-WORKER] putting asset in cache https://a.slack-edge.com/bv1-13-br/gantry-v2-async-client-browse-unified-files-folder-view.f325695bed3e07fb.min.js 
{
  "versionId": 0
}
[08/04/26, 21:47:28:661] info: Aug-04 21:47:28.661 [SERVICE-WORKER] putting asset in cache https://a.slack-edge.com/bv1-13-br/gantry-v2-async-client-search-in-channel-view.32ba296a9507acf3.min.js 
{
  "versionId": 0
}
[08/04/26, 21:47:28:663] info: Aug-04 21:47:28.663 [SERVICE-WORKER] fetching asset https://a.slack-edge.com/bv1-13-br/gantry-v2-async-canvas-data-visualization-block.1df4b96cfb289d75.min.css 
{
  "versionId": 0
}
[08/04/26, 21:47:28:664] info: Aug-04 21:47:28.663 [SERVICE-WORKER] fetching asset https://a.slack-edge.com/bv1-13-br/gantry-v2-async-widget-detail-view.e677fee2d93355ec.min.css 
{
  "versionId": 0
}
[08/04/26, 21:47:28:670] info: Aug-04 21:47:28.669 [SERVICE-WORKER] putting asset in cache https://a.slack-edge.com/bv1-13-br/gantry-v2-async-loader.json.db0faed87750a447.min.js 
{
  "versionId": 0
}
[08/04/26, 21:47:28:672] info: Aug-04 21:47:28.672 [SERVICE-WORKER] fetching asset https://a.slack-edge.com/bv1-13-br/gantry-v2-async-slack-kit-debug.405e8fd7110cd5a6.min.css 
{
  "versionId": 0
}
[08/04/26, 21:47:28:672] info: Aug-04 21:47:28.672 [SERVICE-WORKER] putting asset in cache https://a.slack-edge.com/bv1-13-br/gantry-v2-async-widget-detail-view.e677fee2d93355ec.min.css 
{
  "versionId": 0
}
[08/04/26, 21:47:28:672] info: Aug-04 21:47:28.672 [SERVICE-WORKER] fetching asset https://a.slack-edge.com/bv1-13-br/gantry-v2-async-client-slides-editor-view.849b12112a2aa5cc.min.js 
{
  "versionId": 0
}
[08/04/26, 21:47:28:673] info: Aug-04 21:47:28.673 [SERVICE-WORKER] putting asset in cache https://a.slack-edge.com/bv1-13-br/gantry-v2-async-canvas-data-visualization-block.1df4b96cfb289d75.min.css 
{
  "versionId": 0
}
[08/04/26, 21:47:28:674] info: Aug-04 21:47:28.674 [SERVICE-WORKER] fetching asset https://a.slack-edge.com/bv1-13-br/gantry-v2-async-client-browse-shortcuts-view.59d90857c0c33bad.min.js 
{
  "versionId": 0
}
[08/04/26, 21:47:28:674] info: Aug-04 21:47:28.674 [SERVICE-WORKER] fetching asset https://a.slack-edge.com/bv1-13-br/gantry-v2-async-js_quip-src_parts_icons_salesforce-outline18_tsx.f1733b6a4832c061.min.js 
{
  "versionId": 0
}
[08/04/26, 21:47:28:682] info: Aug-04 21:47:28.682 [SERVICE-WORKER] putting asset in cache https://a.slack-edge.com/bv1-13-br/gantry-v2-async-client-slides-editor-view.849b12112a2aa5cc.min.js 
{
  "versionId": 0
}
[08/04/26, 21:47:28:684] info: Aug-04 21:47:28.683 [SERVICE-WORKER] putting asset in cache https://a.slack-edge.com/bv1-13-br/gantry-v2-async-slack-kit-debug.405e8fd7110cd5a6.min.css 
{
  "versionId": 0
}
[08/04/26, 21:47:28:684] info: Aug-04 21:47:28.684 [SERVICE-WORKER] putting asset in cache https://a.slack-edge.com/bv1-13-br/gantry-v2-async-js_quip-src_parts_icons_salesforce-outline18_tsx.f1733b6a4832c061.min.js 
{
  "versionId": 0
}
[08/04/26, 21:47:28:685] info: Aug-04 21:47:28.685 [SERVICE-WORKER] putting asset in cache https://a.slack-edge.com/bv1-13-br/gantry-v2-async-client-browse-shortcuts-view.59d90857c0c33bad.min.js 
{
  "versionId": 0
}
[08/04/26, 21:47:28:685] info: Aug-04 21:47:28.685 [SERVICE-WORKER] fetching asset https://a.slack-edge.com/bv1-13-br/gantry-v2-async-client-threads-view.c3ea7073243cd00f.min.js 
{
  "versionId": 0
}
[08/04/26, 21:47:28:685] info: Aug-04 21:47:28.685 [SERVICE-WORKER] fetching asset https://a.slack-edge.com/bv1-13-br/gantry-v2-async-client-ai-app-view.97dd8e6642a79fd6.min.js 
{
  "versionId": 0
}
[08/04/26, 21:47:28:685] info: Aug-04 21:47:28.685 [SERVICE-WORKER] fetching asset https://a.slack-edge.com/bv1-13-br/gantry-v2-async-today-agenda-view.8b9fe5ece118a1dc.min.css 
{
  "versionId": 0
}
[08/04/26, 21:47:28:686] info: Aug-04 21:47:28.686 [SERVICE-WORKER] fetching asset https://a.slack-edge.com/bv1-13-br/gantry-v2-async-client-file-details-view.804d479063e64dfa.min.js 
{
  "versionId": 0
}
[08/04/26, 21:47:28:694] info: Aug-04 21:47:28.694 [SERVICE-WORKER] putting asset in cache https://a.slack-edge.com/bv1-13-br/gantry-v2-async-client-threads-view.c3ea7073243cd00f.min.js 
{
  "versionId": 0
}
[08/04/26, 21:47:28:695] info: Aug-04 21:47:28.695 [SERVICE-WORKER] putting asset in cache https://a.slack-edge.com/bv1-13-br/gantry-v2-async-today-agenda-view.8b9fe5ece118a1dc.min.css 
{
  "versionId": 0
}
[08/04/26, 21:47:28:696] info: Aug-04 21:47:28.696 [SERVICE-WORKER] putting asset in cache https://a.slack-edge.com/bv1-13-br/gantry-v2-async-client-file-details-view.804d479063e64dfa.min.js 
{
  "versionId": 0
}
[08/04/26, 21:47:28:697] info: Aug-04 21:47:28.697 [SERVICE-WORKER] putting asset in cache https://a.slack-edge.com/bv1-13-br/gantry-v2-async-client-ai-app-view.97dd8e6642a79fd6.min.js 
{
  "versionId": 0
}
[08/04/26, 21:47:28:698] info: Aug-04 21:47:28.698 [SERVICE-WORKER] fetching asset https://a.slack-edge.com/bv1-13-br/gantry-v2-async-sidebar-party-emoji.json.4cf80ade8a939c84.min.js 
{
  "versionId": 0
}
[08/04/26, 21:47:28:698] info: Aug-04 21:47:28.698 [SERVICE-WORKER] fetching asset https://a.slack-edge.com/bv1-13-br/gantry-v2-async-prototype-chart-block.3a9563a2b7fa41ce.min.css 
{
  "versionId": 0
}
[08/04/26, 21:47:28:699] info: Aug-04 21:47:28.699 [SERVICE-WORKER] fetching asset https://a.slack-edge.com/bv1-13-br/gantry-v2-async-prompt-skill-add-popup.d8036ce71fae0879.min.js 
{
  "versionId": 0
}
[08/04/26, 21:47:28:699] info: Aug-04 21:47:28.699 [SERVICE-WORKER] fetching asset https://a.slack-edge.com/bv1-13-br/gantry-v2-async-client-workflow-editor-view.23fdb0e50649aa3a.min.js 
{
  "versionId": 0
}
[08/04/26, 21:47:28:707] info: Aug-04 21:47:28.707 [SERVICE-WORKER] putting asset in cache https://a.slack-edge.com/bv1-13-br/gantry-v2-async-sidebar-party-emoji.json.4cf80ade8a939c84.min.js 
{
  "versionId": 0
}
[08/04/26, 21:47:28:708] info: Aug-04 21:47:28.708 [SERVICE-WORKER] putting asset in cache https://a.slack-edge.com/bv1-13-br/gantry-v2-async-prototype-chart-block.3a9563a2b7fa41ce.min.css 
{
  "versionId": 0
}
[08/04/26, 21:47:28:709] info: Aug-04 21:47:28.708 [SERVICE-WORKER] putting asset in cache https://a.slack-edge.com/bv1-13-br/gantry-v2-async-prompt-skill-add-popup.d8036ce71fae0879.min.js 
{
  "versionId": 0
}
[08/04/26, 21:47:28:709] info: Aug-04 21:47:28.709 [SERVICE-WORKER] putting asset in cache https://a.slack-edge.com/bv1-13-br/gantry-v2-async-client-workflow-editor-view.23fdb0e50649aa3a.min.js 
{
  "versionId": 0
}
[08/04/26, 21:47:28:711] info: Aug-04 21:47:28.711 [SERVICE-WORKER] fetching asset https://a.slack-edge.com/bv1-13-br/slack-kit-gantry-v2-styles.5cae4dbb85dc09b4.min.js 
{
  "versionId": 0
}
[08/04/26, 21:47:28:711] info: Aug-04 21:47:28.711 [SERVICE-WORKER] fetching asset https://a.slack-edge.com/bv1-13-br/gantry-v2-async-client-skill-details-view.59ea7a8c4c8f9017.min.js 
{
  "versionId": 0
}
[08/04/26, 21:47:28:712] info: Aug-04 21:47:28.712 [SERVICE-WORKER] fetching asset https://a.slack-edge.com/bv1-13-br/gantry-v2-async-about-usergroup-view.38179983739f03bc.min.js 
{
  "versionId": 0
}
[08/04/26, 21:47:28:713] info: Aug-04 21:47:28.713 [SERVICE-WORKER] fetching asset https://a.slack-edge.com/bv1-13-br/gantry-v2-async-persona-card-gratitude-attitude.c1cb94270eece3cb.min.js 
{
  "versionId": 0
}
[08/04/26, 21:47:28:721] info: Aug-04 21:47:28.720 [SERVICE-WORKER] putting asset in cache https://a.slack-edge.com/bv1-13-br/slack-kit-gantry-v2-styles.5cae4dbb85dc09b4.min.js 
{
  "versionId": 0
}
[08/04/26, 21:47:28:721] info: Aug-04 21:47:28.721 [SERVICE-WORKER] putting asset in cache https://a.slack-edge.com/bv1-13-br/gantry-v2-async-client-skill-details-view.59ea7a8c4c8f9017.min.js 
{
  "versionId": 0
}
[08/04/26, 21:47:28:723] info: Aug-04 21:47:28.722 [SERVICE-WORKER] fetching asset https://a.slack-edge.com/bv1-13-br/gantry-v2-async-gantry-v2-vendors-async.014bb7fab5fa67c3.min.js 
{
  "versionId": 0
}
[08/04/26, 21:47:28:723] info: Aug-04 21:47:28.723 [SERVICE-WORKER] putting asset in cache https://a.slack-edge.com/bv1-13-br/gantry-v2-async-persona-card-gratitude-attitude.c1cb94270eece3cb.min.js 
{
  "versionId": 0
}
[08/04/26, 21:47:28:723] info: Aug-04 21:47:28.723 [SERVICE-WORKER] fetching asset https://a.slack-edge.com/bv1-13-br/RobotoMono-Latin-Ext-Italic-16749f3.woff2 
{
  "versionId": 0
}
[08/04/26, 21:47:28:724] info: Aug-04 21:47:28.723 [SERVICE-WORKER] putting asset in cache https://a.slack-edge.com/bv1-13-br/gantry-v2-async-about-usergroup-view.38179983739f03bc.min.js 
{
  "versionId": 0
}
[08/04/26, 21:47:28:725] info: Aug-04 21:47:28.725 [SERVICE-WORKER] fetching asset https://a.slack-edge.com/bv1-13-br/gantry-v2-async-client-ai-workspace-list-banner.26312babf9871211.min.js 
{
  "versionId": 0
}
[08/04/26, 21:47:28:725] info: Aug-04 21:47:28.725 [SERVICE-WORKER] fetching asset https://a.slack-edge.com/bv1-13-br/gantry-v2-async-workflow-builder-segment-form-switch.08fa4caa87b147e4.min.js 
{
  "versionId": 0
}
[08/04/26, 21:47:28:734] info: Aug-04 21:47:28.733 [SERVICE-WORKER] putting asset in cache https://a.slack-edge.com/bv1-13-br/gantry-v2-async-gantry-v2-vendors-async.014bb7fab5fa67c3.min.js 
{
  "versionId": 0
}
[08/04/26, 21:47:28:735] info: Aug-04 21:47:28.735 [SERVICE-WORKER] putting asset in cache https://a.slack-edge.com/bv1-13-br/RobotoMono-Latin-Ext-Italic-16749f3.woff2 
{
  "versionId": 0
}
[08/04/26, 21:47:28:736] info: Aug-04 21:47:28.736 [SERVICE-WORKER] putting asset in cache https://a.slack-edge.com/bv1-13-br/gantry-v2-async-client-ai-workspace-list-banner.26312babf9871211.min.js 
{
  "versionId": 0
}
[08/04/26, 21:47:28:737] info: Aug-04 21:47:28.737 [SERVICE-WORKER] putting asset in cache https://a.slack-edge.com/bv1-13-br/gantry-v2-async-workflow-builder-segment-form-switch.08fa4caa87b147e4.min.js 
{
  "versionId": 0
}
[08/04/26, 21:47:28:739] info: Aug-04 21:47:28.738 [SERVICE-WORKER] fetching asset https://a.slack-edge.com/bv1-13-br/gantry-v2-async-client-keyboard-shortcuts-browser-view.7645d4dde6c44e12.min.js 
{
  "versionId": 0
}
[08/04/26, 21:47:28:739] info: Aug-04 21:47:28.739 [SERVICE-WORKER] fetching asset https://a.slack-edge.com/bv1-13-br/gantry-v2-async-persona-card-vibe-curator.e7e72c6965a3d9c4.min.js 
{
  "versionId": 0
}
[08/04/26, 21:47:28:739] info: Aug-04 21:47:28.739 [SERVICE-WORKER] fetching asset https://a.slack-edge.com/bv1-13-br/gantry-v2-async-client-slackbot-ai-recap-view.21baa4503ad15606.min.js 
{
  "versionId": 0
}
[08/04/26, 21:47:28:751] info: Aug-04 21:47:28.750 [SERVICE-WORKER] putting asset in cache https://a.slack-edge.com/bv1-13-br/gantry-v2-async-client-keyboard-shortcuts-browser-view.7645d4dde6c44e12.min.js 
{
  "versionId": 0
}
[08/04/26, 21:47:28:751] info: Aug-04 21:47:28.751 [SERVICE-WORKER] putting asset in cache https://a.slack-edge.com/bv1-13-br/gantry-v2-async-persona-card-vibe-curator.e7e72c6965a3d9c4.min.js 
{
  "versionId": 0
}
[08/04/26, 21:47:28:753] info: Aug-04 21:47:28.752 [SERVICE-WORKER] putting asset in cache https://a.slack-edge.com/bv1-13-br/gantry-v2-async-client-slackbot-ai-recap-view.21baa4503ad15606.min.js 
{
  "versionId": 0
}
[08/04/26, 21:47:28:754] info: Aug-04 21:47:28.754 [SERVICE-WORKER] fetching asset https://a.slack-edge.com/bv1-13-br/gantry-v2-async-megaphone-dispatcher-dropdown.47f9c31beed2894a.min.js 
{
  "versionId": 0
}
[08/04/26, 21:47:28:754] info: Aug-04 21:47:28.754 [SERVICE-WORKER] fetching asset https://a.slack-edge.com/bv1-13-br/gantry-v2-async-workflow-builder-segment-form-shortcut.06dd5cc75026ee5d.min.css 
{
  "versionId": 0
}
[08/04/26, 21:47:28:755] info: Aug-04 21:47:28.755 [SERVICE-WORKER] fetching asset https://a.slack-edge.com/bv1-13-br/gantry-v2-async-client-code-channel-details-view.43232b345ab5da1c.min.js 
{
  "versionId": 0
}
[08/04/26, 21:47:28:766] info: Aug-04 21:47:28.766 [SERVICE-WORKER] putting asset in cache https://a.slack-edge.com/bv1-13-br/gantry-v2-async-workflow-builder-segment-form-shortcut.06dd5cc75026ee5d.min.css 
{
  "versionId": 0
}
[08/04/26, 21:47:28:767] info: Aug-04 21:47:28.767 [SERVICE-WORKER] putting asset in cache https://a.slack-edge.com/bv1-13-br/gantry-v2-async-client-code-channel-details-view.43232b345ab5da1c.min.js 
{
  "versionId": 0
}
[08/04/26, 21:47:28:767] info: Aug-04 21:47:28.767 [SERVICE-WORKER] putting asset in cache https://a.slack-edge.com/bv1-13-br/gantry-v2-async-megaphone-dispatcher-dropdown.47f9c31beed2894a.min.js 
{
  "versionId": 0
}
[08/04/26, 21:47:28:769] info: Aug-04 21:47:28.769 [SERVICE-WORKER] fetching asset https://a.slack-edge.com/bv1-13-br/gantry-v2-async-js_quip-src_parts_icons_document-template-color20_tsx.7e6b583a2f7f20b7.min.js 
{
  "versionId": 0
}
[08/04/26, 21:47:28:770] info: Aug-04 21:47:28.770 [SERVICE-WORKER] fetching asset https://a.slack-edge.com/bv1-13-br/gantry-v2-async-client-search-view.4968ac313af1df59.min.js 
{
  "versionId": 0
}
[08/04/26, 21:47:28:770] info: Aug-04 21:47:28.770 [SERVICE-WORKER] fetching asset https://a.slack-edge.com/bv1-13-br/gantry-v2-async-client-thread-view.b44823767352676e.min.js 
{
  "versionId": 0
}
[08/04/26, 21:47:28:786] info: Aug-04 21:47:28.786 [SERVICE-WORKER] putting asset in cache https://a.slack-edge.com/bv1-13-br/gantry-v2-async-client-thread-view.b44823767352676e.min.js 
{
  "versionId": 0
}
[08/04/26, 21:47:28:787] info: Aug-04 21:47:28.787 [SERVICE-WORKER] putting asset in cache https://a.slack-edge.com/bv1-13-br/gantry-v2-async-js_quip-src_parts_icons_document-template-color20_tsx.7e6b583a2f7f20b7.min.js 
{
  "versionId": 0
}
[08/04/26, 21:47:28:788] info: Aug-04 21:47:28.787 [SERVICE-WORKER] putting asset in cache https://a.slack-edge.com/bv1-13-br/gantry-v2-async-client-search-view.4968ac313af1df59.min.js 
{
  "versionId": 0
}
[08/04/26, 21:47:28:788] info: Aug-04 21:47:28.788 [SERVICE-WORKER] fetching asset https://a.slack-edge.com/bv1-13-br/gantry-v2-async-workflow-builder-segment-form-third-party-event.f93bd6a932a3b0d6.min.css 
{
  "versionId": 0
}
[08/04/26, 21:47:28:789] info: Aug-04 21:47:28.789 [SERVICE-WORKER] fetching asset https://a.slack-edge.com/bv1-13-br/gantry-v2-async-modal-message-stats.4a24a0bfbe71a614.min.css 
{
  "versionId": 0
}
[08/04/26, 21:47:28:795] info: Aug-04 21:47:28.795 [SERVICE-WORKER] fetching asset https://a.slack-edge.com/bv1-13-br/gantry-v2-async-js_quip-src_parts_icons_folder-color20_tsx.9b9029fc350ce0bb.min.js 
{
  "versionId": 0
}
[08/04/26, 21:47:28:797] info: Aug-04 21:47:28.797 [SERVICE-WORKER] putting asset in cache https://a.slack-edge.com/bv1-13-br/gantry-v2-async-workflow-builder-segment-form-third-party-event.f93bd6a932a3b0d6.min.css 
{
  "versionId": 0
}
[08/04/26, 21:47:28:798] info: Aug-04 21:47:28.798 [SERVICE-WORKER] putting asset in cache https://a.slack-edge.com/bv1-13-br/gantry-v2-async-modal-message-stats.4a24a0bfbe71a614.min.css 
{
  "versionId": 0
}
[08/04/26, 21:47:28:804] info: Aug-04 21:47:28.804 [SERVICE-WORKER] putting asset in cache https://a.slack-edge.com/bv1-13-br/gantry-v2-async-js_quip-src_parts_icons_folder-color20_tsx.9b9029fc350ce0bb.min.js 
{
  "versionId": 0
}
[08/04/26, 21:47:28:807] info: Aug-04 21:47:28.807 [SERVICE-WORKER] fetching asset https://a.slack-edge.com/bv1-13-br/Slack-Fractions-d40470a.woff2 
{
  "versionId": 0
}
[08/04/26, 21:47:28:808] info: Aug-04 21:47:28.808 [SERVICE-WORKER] fetching asset https://a.slack-edge.com/bv1-13-br/gantry-v2-async-js_quip-src_collab_controller_editor_find-bar-impl_tsx.571c24cb060fd41f.min.js 
{
  "versionId": 0
}
[08/04/26, 21:47:28:808] info: Aug-04 21:47:28.808 [SERVICE-WORKER] fetching asset https://a.slack-edge.com/bv1-13-br/gantry-v2-async-client-whats-new-browser-view.e3994ebee9175f13.min.js 
{
  "versionId": 0
}
[08/04/26, 21:47:28:809] info: Aug-04 21:47:28.809 [SERVICE-WORKER] fetching asset https://a.slack-edge.com/bv1-13-br/gantry-v2-async-slackbot-crm-zero-state.0041cb77fc98d1a8.min.css 
{
  "versionId": 0
}
[08/04/26, 21:47:28:816] info: Aug-04 21:47:28.816 [SERVICE-WORKER] putting asset in cache https://a.slack-edge.com/bv1-13-br/Slack-Fractions-d40470a.woff2 
{
  "versionId": 0
}
[08/04/26, 21:47:28:817] info: Aug-04 21:47:28.817 [SERVICE-WORKER] putting asset in cache https://a.slack-edge.com/bv1-13-br/gantry-v2-async-js_quip-src_collab_controller_editor_find-bar-impl_tsx.571c24cb060fd41f.min.js 
{
  "versionId": 0
}
[08/04/26, 21:47:28:818] info: Aug-04 21:47:28.818 [SERVICE-WORKER] putting asset in cache https://a.slack-edge.com/bv1-13-br/gantry-v2-async-client-whats-new-browser-view.e3994ebee9175f13.min.js 
{
  "versionId": 0
}
[08/04/26, 21:47:28:819] info: Aug-04 21:47:28.819 [SERVICE-WORKER] fetching asset https://a.slack-edge.com/bv1-13-br/gantry-v2-async-client-list-history.6a56b8a5e4bac667.min.css 
{
  "versionId": 0
}
[08/04/26, 21:47:28:819] info: Aug-04 21:47:28.819 [SERVICE-WORKER] fetching asset https://a.slack-edge.com/bv1-13-br/gantry-v2-async-client-channel-user-group-view.0798b76be70d00e9.min.js 
{
  "versionId": 0
}
[08/04/26, 21:47:28:819] info: Aug-04 21:47:28.819 [SERVICE-WORKER] fetching asset https://a.slack-edge.com/bv1-13-br/gantry-v2-async-prototype-mcp-app-block.96d0f5b3732a3cbc.min.js 
{
  "versionId": 0
}
[08/04/26, 21:47:28:824] info: Aug-04 21:47:28.823 [SERVICE-WORKER] putting asset in cache https://a.slack-edge.com/bv1-13-br/gantry-v2-async-slackbot-crm-zero-state.0041cb77fc98d1a8.min.css 
{
  "versionId": 0
}
[08/04/26, 21:47:28:825] info: Aug-04 21:47:28.825 [SERVICE-WORKER] fetching asset https://a.slack-edge.com/bv1-13-br/gantry-v2-async-client-huddle-thread-view-router.3298ee9661450d22.min.js 
{
  "versionId": 0
}
[08/04/26, 21:47:28:828] info: Aug-04 21:47:28.828 [SERVICE-WORKER] putting asset in cache https://a.slack-edge.com/bv1-13-br/gantry-v2-async-client-list-history.6a56b8a5e4bac667.min.css 
{
  "versionId": 0
}
[08/04/26, 21:47:28:830] info: Aug-04 21:47:28.829 [SERVICE-WORKER] putting asset in cache https://a.slack-edge.com/bv1-13-br/gantry-v2-async-client-channel-user-group-view.0798b76be70d00e9.min.js 
{
  "versionId": 0
}
[08/04/26, 21:47:28:831] info: Aug-04 21:47:28.830 [SERVICE-WORKER] putting asset in cache https://a.slack-edge.com/bv1-13-br/gantry-v2-async-prototype-mcp-app-block.96d0f5b3732a3cbc.min.js 
{
  "versionId": 0
}
[08/04/26, 21:47:28:832] info: Aug-04 21:47:28.832 [SERVICE-WORKER] fetching asset https://a.slack-edge.com/bv1-13-br/gantry-v2-async-main-window-client.a5e97d424a2ef5bd.min.js 
{
  "versionId": 0
}
[08/04/26, 21:47:28:833] info: Aug-04 21:47:28.833 [SERVICE-WORKER] fetching asset https://a.slack-edge.com/bv1-13-br/gantry-v2-async-client-record-view.e24e878d1961a1e3.min.js 
{
  "versionId": 0
}
[08/04/26, 21:47:28:833] info: Aug-04 21:47:28.833 [SERVICE-WORKER] putting asset in cache https://a.slack-edge.com/bv1-13-br/gantry-v2-async-client-huddle-thread-view-router.3298ee9661450d22.min.js 
{
  "versionId": 0
}
[08/04/26, 21:47:28:833] info: Aug-04 21:47:28.833 [SERVICE-WORKER] fetching asset https://a.slack-edge.com/bv1-13-br/gantry-v2-async-client-workflows-managed-by-you-view.0d8e0c6bc608a568.min.js 
{
  "versionId": 0
}
[08/04/26, 21:47:28:834] info: Aug-04 21:47:28.834 [SERVICE-WORKER] fetching asset https://a.slack-edge.com/bv1-13-br/gantry-v2-async-codemirror-lang-2.51881444e8e95bc1.min.js 
{
  "versionId": 0
}
[08/04/26, 21:47:28:841] info: Aug-04 21:47:28.841 [SERVICE-WORKER] putting asset in cache https://a.slack-edge.com/bv1-13-br/gantry-v2-async-main-window-client.a5e97d424a2ef5bd.min.js 
{
  "versionId": 0
}
[08/04/26, 21:47:28:843] info: Aug-04 21:47:28.843 [SERVICE-WORKER] fetching asset https://a.slack-edge.com/bv1-13-br/gantry-v2-async-persona-card-gif-grandmaster.4b589591090fe4d6.min.js 
{
  "versionId": 0
}
[08/04/26, 21:47:28:843] info: Aug-04 21:47:28.843 [SERVICE-WORKER] putting asset in cache https://a.slack-edge.com/bv1-13-br/gantry-v2-async-client-workflows-managed-by-you-view.0d8e0c6bc608a568.min.js 
{
  "versionId": 0
}
[08/04/26, 21:47:28:844] info: Aug-04 21:47:28.844 [SERVICE-WORKER] putting asset in cache https://a.slack-edge.com/bv1-13-br/gantry-v2-async-client-record-view.e24e878d1961a1e3.min.js 
{
  "versionId": 0
}
[08/04/26, 21:47:28:845] info: Aug-04 21:47:28.845 [SERVICE-WORKER] putting asset in cache https://a.slack-edge.com/bv1-13-br/gantry-v2-async-codemirror-lang-2.51881444e8e95bc1.min.js 
{
  "versionId": 0
}
[08/04/26, 21:47:28:845] info: Aug-04 21:47:28.845 [SERVICE-WORKER] fetching asset https://a.slack-edge.com/bv1-13-br/gantry-v2-async-sui-block-file.615d843ce30affd2.min.css 
{
  "versionId": 0
}
[08/04/26, 21:47:28:846] info: Aug-04 21:47:28.846 [SERVICE-WORKER] fetching asset https://a.slack-edge.com/bv1-13-br/gantry-v2-async-activity-later-reminder-details-view.4c8d70907136cff1.min.js 
{
  "versionId": 0
}
[08/04/26, 21:47:28:860] info: Aug-04 21:47:28.859 [SERVICE-WORKER] fetching asset https://a.slack-edge.com/bv1-13-br/gantry-v2-async-slackbot-ai-split-view.65ab652855bfad95.min.js 
{
  "versionId": 0
}
[08/04/26, 21:47:28:861] info: Aug-04 21:47:28.861 [SERVICE-WORKER] putting asset in cache https://a.slack-edge.com/bv1-13-br/gantry-v2-async-persona-card-gif-grandmaster.4b589591090fe4d6.min.js 
{
  "versionId": 0
}
[08/04/26, 21:47:28:862] info: Aug-04 21:47:28.862 [SERVICE-WORKER] putting asset in cache https://a.slack-edge.com/bv1-13-br/gantry-v2-async-activity-later-reminder-details-view.4c8d70907136cff1.min.js 
{
  "versionId": 0
}
[08/04/26, 21:47:28:863] info: Aug-04 21:47:28.863 [SERVICE-WORKER] putting asset in cache https://a.slack-edge.com/bv1-13-br/gantry-v2-async-sui-block-file.615d843ce30affd2.min.css 
{
  "versionId": 0
}
[08/04/26, 21:47:28:863] info: Aug-04 21:47:28.863 [SERVICE-WORKER] fetching asset https://a.slack-edge.com/bv1-13-br/client-boot-styles.add760caeba8c7d2.min.css 
{
  "versionId": 0
}
[08/04/26, 21:47:28:864] info: Aug-04 21:47:28.864 [SERVICE-WORKER] fetching asset https://a.slack-edge.com/bv1-13-br/gantry-v2-async-client-profile-view.3684641c36019925.min.js 
{
  "versionId": 0
}
[08/04/26, 21:47:28:872] info: Aug-04 21:47:28.872 [SERVICE-WORKER] putting asset in cache https://a.slack-edge.com/bv1-13-br/gantry-v2-async-slackbot-ai-split-view.65ab652855bfad95.min.js 
{
  "versionId": 0
}
[08/04/26, 21:47:28:875] info: Aug-04 21:47:28.875 [SERVICE-WORKER] fetching asset https://a.slack-edge.com/bv1-13-br/gantry-v2-async-today-agenda-view.127c6e9db1165f53.min.js 
{
  "versionId": 0
}
[08/04/26, 21:47:28:876] info: Aug-04 21:47:28.875 [SERVICE-WORKER] fetching asset https://a.slack-edge.com/bv1-13-br/gantry-v2-async-workflow-builder-segment-form-switch.6926456d75c2efb4.min.css 
{
  "versionId": 0
}
[08/04/26, 21:47:28:876] info: Aug-04 21:47:28.876 [SERVICE-WORKER] putting asset in cache https://a.slack-edge.com/bv1-13-br/client-boot-styles.add760caeba8c7d2.min.css 
{
  "versionId": 0
}
[08/04/26, 21:47:28:904] info: Aug-04 21:47:28.904 [SERVICE-WORKER] putting asset in cache https://a.slack-edge.com/bv1-13-br/gantry-v2-async-workflow-builder-segment-form-switch.6926456d75c2efb4.min.css 
{
  "versionId": 0
}
[08/04/26, 21:47:28:910] info: Aug-04 21:47:28.910 [SERVICE-WORKER] putting asset in cache https://a.slack-edge.com/bv1-13-br/gantry-v2-async-today-agenda-view.127c6e9db1165f53.min.js 
{
  "versionId": 0
}
[08/04/26, 21:47:28:912] info: Aug-04 21:47:28.912 [SERVICE-WORKER] fetching asset https://a.slack-edge.com/bv1-13-br/gantry-v2-async-client-huddle-slackbot-view.4dae0f342a45058a.min.js 
{
  "versionId": 0
}
[08/04/26, 21:47:28:924] info: Aug-04 21:47:28.923 [SERVICE-WORKER] putting asset in cache https://a.slack-edge.com/bv1-13-br/gantry-v2-async-client-profile-view.3684641c36019925.min.js 
{
  "versionId": 0
}
[08/04/26, 21:47:28:925] info: Aug-04 21:47:28.925 [SERVICE-WORKER] fetching asset https://a.slack-edge.com/bv1-13-br/gantry-v2-async-codemirror-lang-3.3cf69672f4088b32.min.js 
{
  "versionId": 0
}
[08/04/26, 21:47:28:925] info: Aug-04 21:47:28.925 [SERVICE-WORKER] fetching asset https://a.slack-edge.com/bv1-13-br/gantry-v2-async-slides-effect-fireworks.c68adf3c14fd71b7.min.js 
{
  "versionId": 0
}
[08/04/26, 21:47:28:926] info: Aug-04 21:47:28.926 [SERVICE-WORKER] putting asset in cache https://a.slack-edge.com/bv1-13-br/gantry-v2-async-client-huddle-slackbot-view.4dae0f342a45058a.min.js 
{
  "versionId": 0
}
[08/04/26, 21:47:28:927] info: Aug-04 21:47:28.927 [SERVICE-WORKER] fetching asset https://a.slack-edge.com/bv1-13-br/gantry-v2-async-workflow-builder-segment-form-slack-function-form.7cfdfa8908ac7c19.min.css 
{
  "versionId": 0
}
[08/04/26, 21:47:28:935] info: Aug-04 21:47:28.935 [SERVICE-WORKER] putting asset in cache https://a.slack-edge.com/bv1-13-br/gantry-v2-async-codemirror-lang-3.3cf69672f4088b32.min.js 
{
  "versionId": 0
}
[08/04/26, 21:47:28:936] info: Aug-04 21:47:28.936 [SERVICE-WORKER] putting asset in cache https://a.slack-edge.com/bv1-13-br/gantry-v2-async-slides-effect-fireworks.c68adf3c14fd71b7.min.js 
{
  "versionId": 0
}
[08/04/26, 21:47:28:937] info: Aug-04 21:47:28.937 [SERVICE-WORKER] putting asset in cache https://a.slack-edge.com/bv1-13-br/gantry-v2-async-workflow-builder-segment-form-slack-function-form.7cfdfa8908ac7c19.min.css 
{
  "versionId": 0
}
[08/04/26, 21:47:28:940] info: Aug-04 21:47:28.940 [SERVICE-WORKER] fetching asset https://a.slack-edge.com/bv1-13-br/gantry-v2-async-client-explore-paid-feature-slack-connect-hover-img-en-US.9caa73e5c770463e.min.js 
{
  "versionId": 0
}
[08/04/26, 21:47:28:940] info: Aug-04 21:47:28.940 [SERVICE-WORKER] fetching asset https://a.slack-edge.com/bv1-13-br/gantry-v2-async-today-agenda-detail-view.932ce5b52078497b.min.css 
{
  "versionId": 0
}
[08/04/26, 21:47:28:953] info: Aug-04 21:47:28.952 [SERVICE-WORKER] putting asset in cache https://a.slack-edge.com/bv1-13-br/gantry-v2-async-client-explore-paid-feature-slack-connect-hover-img-en-US.9caa73e5c770463e.min.js 
{
  "versionId": 0
}
[08/04/26, 21:47:28:953] info: Aug-04 21:47:28.953 [SERVICE-WORKER] putting asset in cache https://a.slack-edge.com/bv1-13-br/gantry-v2-async-today-agenda-detail-view.932ce5b52078497b.min.css 
{
  "versionId": 0
}
[08/04/26, 21:47:28:954] info: Aug-04 21:47:28.954 [SERVICE-WORKER] fetching asset https://a.slack-edge.com/bv1-13-br/gantry-v2-async-client-huddle-transcript-details-view.a09a86ed87908f36.min.js 
{
  "versionId": 0
}
[08/04/26, 21:47:28:955] info: Aug-04 21:47:28.955 [SERVICE-WORKER] fetching asset https://a.slack-edge.com/bv1-13-br/gantry-v2-async-persona-knowledge-bank.aaadfe8b472781c2.min.js 
{
  "versionId": 0
}
[08/04/26, 21:47:28:968] info: Aug-04 21:47:28.967 [SERVICE-WORKER] putting asset in cache https://a.slack-edge.com/bv1-13-br/gantry-v2-async-persona-knowledge-bank.aaadfe8b472781c2.min.js 
{
  "versionId": 0
}
[08/04/26, 21:47:28:969] info: Aug-04 21:47:28.969 [SERVICE-WORKER] putting asset in cache https://a.slack-edge.com/bv1-13-br/gantry-v2-async-client-huddle-transcript-details-view.a09a86ed87908f36.min.js 
{
  "versionId": 0
}
[08/04/26, 21:47:28:970] info: Aug-04 21:47:28.969 [SERVICE-WORKER] fetching asset https://a.slack-edge.com/bv1-13-br/RobotoMono-Cyrillic-Italic-620d827.woff2 
{
  "versionId": 0
}
[08/04/26, 21:47:28:970] info: Aug-04 21:47:28.970 [SERVICE-WORKER] fetching asset https://a.slack-edge.com/bv1-13-br/RobotoMono-Italic-7937489.woff2 
{
  "versionId": 0
}
[08/04/26, 21:47:28:990] info: Aug-04 21:47:28.990 [SERVICE-WORKER] fetching asset https://a.slack-edge.com/bv1-13-br/gantry-v2-async-quip-collab-controller.972f220f07a8d1ae.min.css 
{
  "versionId": 0
}
[08/04/26, 21:47:28:995] info: Aug-04 21:47:28.995 [SERVICE-WORKER] putting asset in cache https://a.slack-edge.com/bv1-13-br/RobotoMono-Italic-7937489.woff2 
{
  "versionId": 0
}
[08/04/26, 21:47:28:996] info: Aug-04 21:47:28.995 [SERVICE-WORKER] putting asset in cache https://a.slack-edge.com/bv1-13-br/RobotoMono-Cyrillic-Italic-620d827.woff2 
{
  "versionId": 0
}
[08/04/26, 21:47:29:002] info: Aug-04 21:47:29.002 [SERVICE-WORKER] putting asset in cache https://a.slack-edge.com/bv1-13-br/gantry-v2-async-quip-collab-controller.972f220f07a8d1ae.min.css 
{
  "versionId": 0
}
[08/04/26, 21:47:29:004] info: Aug-04 21:47:29.004 [SERVICE-WORKER] fetching asset https://a.slack-edge.com/bv1-13-br/gantry-v2-async-workflow-builder-page-integrations.b1ca6db75c2b862a.min.js 
{
  "versionId": 0
}
[08/04/26, 21:47:29:010] info: Aug-04 21:47:29.010 [SERVICE-WORKER] fetching asset https://a.slack-edge.com/bv1-13-br/gantry-v2-async-streamline-plans-modal.8f3d59997c31aa68.min.js 
{
  "versionId": 0
}
[08/04/26, 21:47:29:015] info: Aug-04 21:47:29.015 [SERVICE-WORKER] putting asset in cache https://a.slack-edge.com/bv1-13-br/gantry-v2-async-workflow-builder-page-integrations.b1ca6db75c2b862a.min.js 
{
  "versionId": 0
}
[08/04/26, 21:47:29:018] info: Aug-04 21:47:29.017 [SERVICE-WORKER] fetching asset https://a.slack-edge.com/bv1-13-br/gantry-v2-async-slackbot-calendar-agenda-view.5fd91d7706c06d2b.min.js 
{
  "versionId": 0
}
[08/04/26, 21:47:29:023] info: Aug-04 21:47:29.023 [SERVICE-WORKER] putting asset in cache https://a.slack-edge.com/bv1-13-br/gantry-v2-async-streamline-plans-modal.8f3d59997c31aa68.min.js 
{
  "versionId": 0
}
[08/04/26, 21:47:29:025] info: Aug-04 21:47:29.025 [SERVICE-WORKER] fetching asset https://a.slack-edge.com/bv1-13-br/gantry-v2-async-client-slackbot-ai-skills-view.417b48d45086ee0c.min.js 
{
  "versionId": 0
}
[08/04/26, 21:47:29:028] info: Aug-04 21:47:29.028 [SERVICE-WORKER] putting asset in cache https://a.slack-edge.com/bv1-13-br/gantry-v2-async-slackbot-calendar-agenda-view.5fd91d7706c06d2b.min.js 
{
  "versionId": 0
}
[08/04/26, 21:47:29:029] info: Aug-04 21:47:29.029 [SERVICE-WORKER] fetching asset https://a.slack-edge.com/bv1-13-br/gantry-v2-async-client-app-popout-view.cbbefb9a91c471d5.min.js 
{
  "versionId": 0
}
[08/04/26, 21:47:29:034] info: Aug-04 21:47:29.034 [SERVICE-WORKER] fetching asset https://a.slack-edge.com/bv1-13-br/gantry-v2-async-gantry-v2-default-boot-render.3b8a61eed576d8fa.min.js 
{
  "versionId": 0
}
[08/04/26, 21:47:29:037] info: Aug-04 21:47:29.037 [SERVICE-WORKER] putting asset in cache https://a.slack-edge.com/bv1-13-br/gantry-v2-async-client-slackbot-ai-skills-view.417b48d45086ee0c.min.js 
{
  "versionId": 0
}
[08/04/26, 21:47:29:039] info: Aug-04 21:47:29.038 [SERVICE-WORKER] fetching asset https://a.slack-edge.com/bv1-13-br/gantry-v2-async-ms-xlsx-preview.fa303631e1d3ff1b.min.js 
{
  "versionId": 0
}
[08/04/26, 21:47:29:040] info: Aug-04 21:47:29.040 [SERVICE-WORKER] putting asset in cache https://a.slack-edge.com/bv1-13-br/gantry-v2-async-client-app-popout-view.cbbefb9a91c471d5.min.js 
{
  "versionId": 0
}
[08/04/26, 21:47:29:042] info: Aug-04 21:47:29.041 [SERVICE-WORKER] fetching asset https://a.slack-edge.com/bv1-13-br/gantry-v2-async-tasks-vision-wasm.5a43ba70dbacc40f.min.js 
{
  "versionId": 0
}
[08/04/26, 21:47:29:043] info: Aug-04 21:47:29.043 [SERVICE-WORKER] putting asset in cache https://a.slack-edge.com/bv1-13-br/gantry-v2-async-gantry-v2-default-boot-render.3b8a61eed576d8fa.min.js 
{
  "versionId": 0
}
[08/04/26, 21:47:29:046] info: Aug-04 21:47:29.046 [SERVICE-WORKER] fetching asset https://a.slack-edge.com/bv1-13-br/gantry-v2-async-node_modules_zod_v4_index_js.616439c53beb12cc.min.js 
{
  "versionId": 0
}
[08/04/26, 21:47:29:051] info: Aug-04 21:47:29.051 [SERVICE-WORKER] putting asset in cache https://a.slack-edge.com/bv1-13-br/gantry-v2-async-tasks-vision-wasm.5a43ba70dbacc40f.min.js 
{
  "versionId": 0
}
[08/04/26, 21:47:29:053] info: Aug-04 21:47:29.053 [SERVICE-WORKER] fetching asset https://a.slack-edge.com/bv1-13-br/gantry-v2-async-js_quip-src_parts_icons_function16_tsx.8b5151bdaf2e4bba.min.js 
{
  "versionId": 0
}
[08/04/26, 21:47:29:053] info: Aug-04 21:47:29.053 [SERVICE-WORKER] putting asset in cache https://a.slack-edge.com/bv1-13-br/gantry-v2-async-ms-xlsx-preview.fa303631e1d3ff1b.min.js 
{
  "versionId": 0
}
[08/04/26, 21:47:29:058] info: Aug-04 21:47:29.058 [SERVICE-WORKER] putting asset in cache https://a.slack-edge.com/bv1-13-br/gantry-v2-async-node_modules_zod_v4_index_js.616439c53beb12cc.min.js 
{
  "versionId": 0
}
[08/04/26, 21:47:29:066] info: Aug-04 21:47:29.065 [SERVICE-WORKER] putting asset in cache https://a.slack-edge.com/bv1-13-br/gantry-v2-async-js_quip-src_parts_icons_function16_tsx.8b5151bdaf2e4bba.min.js 
{
  "versionId": 0
}
[08/04/26, 21:47:29:067] info: Aug-04 21:47:29.067 [SERVICE-WORKER] fetching asset https://a.slack-edge.com/bv1-13-br/gantry-v2-async-search-top-results-list.a3249eb464fd7c63.min.js 
{
  "versionId": 0
}
[08/04/26, 21:47:29:074] info: Aug-04 21:47:29.074 [SERVICE-WORKER] fetching asset https://a.slack-edge.com/bv1-13-br/lato-italic-648fd7b.woff2 
{
  "versionId": 0
}
[08/04/26, 21:47:29:076] info: Aug-04 21:47:29.075 [SERVICE-WORKER] putting asset in cache https://a.slack-edge.com/bv1-13-br/lato-italic-648fd7b.woff2 
{
  "versionId": 0
}
[08/04/26, 21:47:29:077] info: Aug-04 21:47:29.077 [SERVICE-WORKER] putting asset in cache https://a.slack-edge.com/bv1-13-br/gantry-v2-async-search-top-results-list.a3249eb464fd7c63.min.js 
{
  "versionId": 0
}
[08/04/26, 21:47:29:079] info: Aug-04 21:47:29.078 [SERVICE-WORKER] fetching asset https://a.slack-edge.com/bv1-13-br/gantry-v2-async-slides-effect-clap.33bdbfa139ea0a2d.min.js 
{
  "versionId": 0
}
[08/04/26, 21:47:29:079] info: Aug-04 21:47:29.079 [SERVICE-WORKER] fetching asset https://a.slack-edge.com/bv1-13-br/gantry-v2-async-workflow-builder-page-url-error.edb9dca47b13f23f.min.js 
{
  "versionId": 0
}
[08/04/26, 21:47:29:089] info: Aug-04 21:47:29.089 [SERVICE-WORKER] putting asset in cache https://a.slack-edge.com/bv1-13-br/gantry-v2-async-slides-effect-clap.33bdbfa139ea0a2d.min.js 
{
  "versionId": 0
}
[08/04/26, 21:47:29:090] info: Aug-04 21:47:29.090 [SERVICE-WORKER] putting asset in cache https://a.slack-edge.com/bv1-13-br/gantry-v2-async-workflow-builder-page-url-error.edb9dca47b13f23f.min.js 
{
  "versionId": 0
}
[08/04/26, 21:47:29:090] info: Aug-04 21:47:29.090 [SERVICE-WORKER] fetching asset https://a.slack-edge.com/bv1-13-br/gantry-v2-async-client-search-sidebar-prototype-view.9a938955676117c7.min.js 
{
  "versionId": 0
}
[08/04/26, 21:47:29:092] info: Aug-04 21:47:29.092 [SERVICE-WORKER] fetching asset https://a.slack-edge.com/bv1-13-br/gantry-v2-async-client-list-record-history.99103c62050e90c6.min.js 
{
  "versionId": 0
}
[08/04/26, 21:47:29:092] info: Aug-04 21:47:29.092 [SERVICE-WORKER] fetching asset https://a.slack-edge.com/bv1-13-br/gantry-v2-async-prototype-chart-block.0140e0c3d3c0e496.min.js 
{
  "versionId": 0
}
[08/04/26, 21:47:29:101] info: Aug-04 21:47:29.100 [SERVICE-WORKER] putting asset in cache https://a.slack-edge.com/bv1-13-br/gantry-v2-async-client-search-sidebar-prototype-view.9a938955676117c7.min.js 
{
  "versionId": 0
}
[08/04/26, 21:47:29:102] info: Aug-04 21:47:29.101 [SERVICE-WORKER] putting asset in cache https://a.slack-edge.com/bv1-13-br/gantry-v2-async-client-list-record-history.99103c62050e90c6.min.js 
{
  "versionId": 0
}
[08/04/26, 21:47:29:103] info: Aug-04 21:47:29.103 [SERVICE-WORKER] putting asset in cache https://a.slack-edge.com/bv1-13-br/gantry-v2-async-prototype-chart-block.0140e0c3d3c0e496.min.js 
{
  "versionId": 0
}
[08/04/26, 21:47:29:104] info: Aug-04 21:47:29.104 [SERVICE-WORKER] fetching asset https://a.slack-edge.com/bv1-13-br/Carlito-Italic-95bd91b.woff2 
{
  "versionId": 0
}
[08/04/26, 21:47:29:104] info: Aug-04 21:47:29.104 [SERVICE-WORKER] fetching asset https://a.slack-edge.com/bv1-13-br/gantry-v2-async-today-action-items-view.bbfd7c61d60cae7a.min.js 
{
  "versionId": 0
}
[08/04/26, 21:47:29:114] info: Aug-04 21:47:29.114 [SERVICE-WORKER] putting asset in cache https://a.slack-edge.com/bv1-13-br/Carlito-Italic-95bd91b.woff2 
{
  "versionId": 0
}
[08/04/26, 21:47:29:115] info: Aug-04 21:47:29.115 [SERVICE-WORKER] putting asset in cache https://a.slack-edge.com/bv1-13-br/gantry-v2-async-today-action-items-view.bbfd7c61d60cae7a.min.js 
{
  "versionId": 0
}
[08/04/26, 21:47:29:116] info: Aug-04 21:47:29.116 [SERVICE-WORKER] fetching asset https://a.slack-edge.com/bv1-13-br/gantry-v2-async-client-day-picker-nux-banner.cc0bf5bcdeccd43a.min.css 
{
  "versionId": 0
}
[08/04/26, 21:47:29:133] info: Aug-04 21:47:29.133 [SERVICE-WORKER] putting asset in cache https://a.slack-edge.com/bv1-13-br/gantry-v2-async-client-day-picker-nux-banner.cc0bf5bcdeccd43a.min.css 
{
  "versionId": 0
}
[08/04/26, 21:47:29:135] info: Aug-04 21:47:29.135 [SERVICE-WORKER] fetching asset https://a.slack-edge.com/bv1-13-br/workflow-builder-boot.14daae8829a289b8.min.js 
{
  "versionId": 0
}
[08/04/26, 21:47:29:145] info: Aug-04 21:47:29.145 [SERVICE-WORKER] putting asset in cache https://a.slack-edge.com/bv1-13-br/workflow-builder-boot.14daae8829a289b8.min.js 
{
  "versionId": 0
}
[08/04/26, 21:47:29:147] info: Aug-04 21:47:29.147 [SERVICE-WORKER] fetching asset https://a.slack-edge.com/bv1-13-br/gantry-v2-async-client-record-channel-related-list-view.a3dab8410e2dcd6e.min.js 
{
  "versionId": 0
}
[08/04/26, 21:47:29:162] info: Aug-04 21:47:29.162 [SERVICE-WORKER] putting asset in cache https://a.slack-edge.com/bv1-13-br/gantry-v2-async-client-record-channel-related-list-view.a3dab8410e2dcd6e.min.js 
{
  "versionId": 0
}
[08/04/26, 21:47:29:163] info: Aug-04 21:47:29.163 [SERVICE-WORKER] fetching asset https://a.slack-edge.com/bv1-13-br/gantry-v2-async-persona-card-yes-and-artist.0deb6c8a13b01016.min.js 
{
  "versionId": 0
}
[08/04/26, 21:47:29:164] info: Aug-04 21:47:29.164 [SERVICE-WORKER] fetching asset https://a.slack-edge.com/bv1-13-br/gantry-v2-async-slackbot-ai-upgrade-paywall.9cfc3ffa122d3f9e.min.css 
{
  "versionId": 0
}
[08/04/26, 21:47:29:175] info: Aug-04 21:47:29.175 [SERVICE-WORKER] putting asset in cache https://a.slack-edge.com/bv1-13-br/gantry-v2-async-persona-card-yes-and-artist.0deb6c8a13b01016.min.js 
{
  "versionId": 0
}
[08/04/26, 21:47:29:176] info: Aug-04 21:47:29.176 [SERVICE-WORKER] putting asset in cache https://a.slack-edge.com/bv1-13-br/gantry-v2-async-slackbot-ai-upgrade-paywall.9cfc3ffa122d3f9e.min.css 
{
  "versionId": 0
}
[08/04/26, 21:47:29:177] info: Aug-04 21:47:29.177 [SERVICE-WORKER] fetching asset https://a.slack-edge.com/bv1-13-br/gantry-v2-async-mrbeast-confetti.json.1710bbe5ec48188d.min.js 
{
  "versionId": 0
}
[08/04/26, 21:47:29:177] info: Aug-04 21:47:29.177 [SERVICE-WORKER] fetching asset https://a.slack-edge.com/bv1-13-br/gantry-v2-async-spring-bloom.json.f18308bdaa43566d.min.js 
{
  "versionId": 0
}
[08/04/26, 21:47:29:191] info: Aug-04 21:47:29.191 [SERVICE-WORKER] putting asset in cache https://a.slack-edge.com/bv1-13-br/gantry-v2-async-spring-bloom.json.f18308bdaa43566d.min.js 
{
  "versionId": 0
}
[08/04/26, 21:47:29:192] info: Aug-04 21:47:29.191 [SERVICE-WORKER] putting asset in cache https://a.slack-edge.com/bv1-13-br/gantry-v2-async-mrbeast-confetti.json.1710bbe5ec48188d.min.js 
{
  "versionId": 0
}
[08/04/26, 21:47:29:202] info: Aug-04 21:47:29.202 [SERVICE-WORKER] fetching asset https://a.slack-edge.com/bv1-13-br/gantry-v2-async-js_quip-src_parts_icons_number-format16_tsx.4b9ba609fc8e5641.min.js 
{
  "versionId": 0
}
[08/04/26, 21:47:29:202] info: Aug-04 21:47:29.202 [SERVICE-WORKER] fetching asset https://a.slack-edge.com/bv1-13-br/gantry-v2-async-streamline-plans-modal.381d8610edf80d14.min.css 
{
  "versionId": 0
}
[08/04/26, 21:47:29:202] info: Aug-04 21:47:29.202 [SERVICE-WORKER] fetching asset https://a.slack-edge.com/bv1-13-br/gantry-v2-async-megaphone-dispatcher-devtools.d90a6473ad00dcce.min.js 
{
  "versionId": 0
}
[08/04/26, 21:47:29:202] info: Aug-04 21:47:29.202 [SERVICE-WORKER] fetching asset https://a.slack-edge.com/bv1-13-br/gantry-v2-async-client-dev-tools-panel.fe1068eeec0c6258.min.css 
{
  "versionId": 0
}
[08/04/26, 21:47:29:212] info: Aug-04 21:47:29.211 [SERVICE-WORKER] putting asset in cache https://a.slack-edge.com/bv1-13-br/gantry-v2-async-streamline-plans-modal.381d8610edf80d14.min.css 
{
  "versionId": 0
}
[08/04/26, 21:47:29:213] info: Aug-04 21:47:29.212 [SERVICE-WORKER] putting asset in cache https://a.slack-edge.com/bv1-13-br/gantry-v2-async-js_quip-src_parts_icons_number-format16_tsx.4b9ba609fc8e5641.min.js 
{
  "versionId": 0
}
[08/04/26, 21:47:29:213] info: Aug-04 21:47:29.213 [SERVICE-WORKER] putting asset in cache https://a.slack-edge.com/bv1-13-br/gantry-v2-async-megaphone-dispatcher-devtools.d90a6473ad00dcce.min.js 
{
  "versionId": 0
}
[08/04/26, 21:47:29:214] info: Aug-04 21:47:29.214 [SERVICE-WORKER] putting asset in cache https://a.slack-edge.com/bv1-13-br/gantry-v2-async-client-dev-tools-panel.fe1068eeec0c6258.min.css 
{
  "versionId": 0
}
[08/04/26, 21:47:29:215] info: Aug-04 21:47:29.215 [SERVICE-WORKER] fetching asset https://a.slack-edge.com/bv1-13-br/gantry-v2-async-autoclog-devtools.157b03cea072b5e7.min.js 
{
  "versionId": 0
}
[08/04/26, 21:47:29:215] info: Aug-04 21:47:29.215 [SERVICE-WORKER] fetching asset https://a.slack-edge.com/bv1-13-br/gantry-v2-async-ms-docx-preview.b08a07752eede259.min.js 
{
  "versionId": 0
}
[08/04/26, 21:47:29:215] info: Aug-04 21:47:29.215 [SERVICE-WORKER] fetching asset https://a.slack-edge.com/bv1-13-br/gantry-v2-async-client-canvas-view.25a5d0e3c30ea609.min.js 
{
  "versionId": 0
}
[08/04/26, 21:47:29:215] info: Aug-04 21:47:29.215 [SERVICE-WORKER] fetching asset https://a.slack-edge.com/bv1-13-br/gantry-v2-async-client-sales-notifications-view.9ef5c763828de39f.min.js 
{
  "versionId": 0
}
[08/04/26, 21:47:29:224] info: Aug-04 21:47:29.224 [SERVICE-WORKER] putting asset in cache https://a.slack-edge.com/bv1-13-br/gantry-v2-async-autoclog-devtools.157b03cea072b5e7.min.js 
{
  "versionId": 0
}
[08/04/26, 21:47:29:225] info: Aug-04 21:47:29.225 [SERVICE-WORKER] putting asset in cache https://a.slack-edge.com/bv1-13-br/gantry-v2-async-ms-docx-preview.b08a07752eede259.min.js 
{
  "versionId": 0
}
[08/04/26, 21:47:29:227] info: Aug-04 21:47:29.227 [SERVICE-WORKER] putting asset in cache https://a.slack-edge.com/bv1-13-br/gantry-v2-async-client-sales-notifications-view.9ef5c763828de39f.min.js 
{
  "versionId": 0
}
[08/04/26, 21:47:29:227] info: Aug-04 21:47:29.227 [SERVICE-WORKER] fetching asset https://a.slack-edge.com/bv1-13-br/gantry-v2-async-spring-bunny.json.500093d4f4407556.min.js 
{
  "versionId": 0
}
[08/04/26, 21:47:29:228] info: Aug-04 21:47:29.228 [SERVICE-WORKER] putting asset in cache https://a.slack-edge.com/bv1-13-br/gantry-v2-async-client-canvas-view.25a5d0e3c30ea609.min.js 
{
  "versionId": 0
}
[08/04/26, 21:47:29:229] info: Aug-04 21:47:29.229 [SERVICE-WORKER] fetching asset https://a.slack-edge.com/bv1-13-br/gantry-v2-async-today-action-items-view.f73fed229a99f137.min.css 
{
  "versionId": 0
}
[08/04/26, 21:47:29:230] info: Aug-04 21:47:29.230 [SERVICE-WORKER] fetching asset https://a.slack-edge.com/bv1-13-br/gantry-v2-async-wrapped-heart-static.ff1f3ee760cb2d2a.min.js 
{
  "versionId": 0
}
[08/04/26, 21:47:29:238] info: Aug-04 21:47:29.237 [SERVICE-WORKER] putting asset in cache https://a.slack-edge.com/bv1-13-br/gantry-v2-async-spring-bunny.json.500093d4f4407556.min.js 
{
  "versionId": 0
}
[08/04/26, 21:47:29:239] info: Aug-04 21:47:29.239 [SERVICE-WORKER] fetching asset https://a.slack-edge.com/bv1-13-br/gantry-v2-async-client-workflow-builder-agent-view.1b10f5ab1d586134.min.js 
{
  "versionId": 0
}
[08/04/26, 21:47:29:240] info: Aug-04 21:47:29.240 [SERVICE-WORKER] putting asset in cache https://a.slack-edge.com/bv1-13-br/gantry-v2-async-wrapped-heart-static.ff1f3ee760cb2d2a.min.js 
{
  "versionId": 0
}
[08/04/26, 21:47:29:241] info: Aug-04 21:47:29.240 [SERVICE-WORKER] putting asset in cache https://a.slack-edge.com/bv1-13-br/gantry-v2-async-today-action-items-view.f73fed229a99f137.min.css 
{
  "versionId": 0
}
[08/04/26, 21:47:29:242] info: Aug-04 21:47:29.242 [SERVICE-WORKER] fetching asset https://a.slack-edge.com/bv1-13-br/gantry-v2-async-client-skill-set-details-view.030c270d5d842da1.min.js 
{
  "versionId": 0
}
[08/04/26, 21:47:29:242] info: Aug-04 21:47:29.242 [SERVICE-WORKER] fetching asset https://a.slack-edge.com/bv1-13-br/gantry-v2-async-client-surface-view.e9df617a1fc18720.min.js 
{
  "versionId": 0
}
[08/04/26, 21:47:29:248] info: Aug-04 21:47:29.248 [SERVICE-WORKER] fetching asset https://a.slack-edge.com/bv1-13-br/gantry-v2-async-js_quip-src_collab_controller_editor_editor_tsx-js_quip-src_collab_controller_editor_slack-sh-677ae2.4bee7aff2c430764.min.js 
{
  "versionId": 0
}
[08/04/26, 21:47:29:249] info: Aug-04 21:47:29.249 [SERVICE-WORKER] putting asset in cache https://a.slack-edge.com/bv1-13-br/gantry-v2-async-client-workflow-builder-agent-view.1b10f5ab1d586134.min.js 
{
  "versionId": 0
}
[08/04/26, 21:47:29:251] info: Aug-04 21:47:29.251 [SERVICE-WORKER] putting asset in cache https://a.slack-edge.com/bv1-13-br/gantry-v2-async-client-skill-set-details-view.030c270d5d842da1.min.js 
{
  "versionId": 0
}
[08/04/26, 21:47:29:251] info: Aug-04 21:47:29.251 [SERVICE-WORKER] fetching asset https://a.slack-edge.com/bv1-13-br/lato-latin-latin-ext-bff7dd0.woff2 
{
  "versionId": 0
}
[08/04/26, 21:47:29:252] info: Aug-04 21:47:29.252 [SERVICE-WORKER] fetching asset https://a.slack-edge.com/bv1-13-br/gantry-v2-async-client-canvas-comment-stream-view.5f96c3ee389a9e04.min.js 
{
  "versionId": 0
}
[08/04/26, 21:47:29:252] info: Aug-04 21:47:29.252 [SERVICE-WORKER] putting asset in cache https://a.slack-edge.com/bv1-13-br/gantry-v2-async-client-surface-view.e9df617a1fc18720.min.js 
{
  "versionId": 0
}
[08/04/26, 21:47:29:253] info: Aug-04 21:47:29.253 [SERVICE-WORKER] fetching asset https://a.slack-edge.com/bv1-13-br/gantry-v2-async-client-later-list-view.0e158781d240c34c.min.js 
{
  "versionId": 0
}
[08/04/26, 21:47:29:258] info: Aug-04 21:47:29.257 [SERVICE-WORKER] putting asset in cache https://a.slack-edge.com/bv1-13-br/gantry-v2-async-js_quip-src_collab_controller_editor_editor_tsx-js_quip-src_collab_controller_editor_slack-sh-677ae2.4bee7aff2c430764.min.js 
{
  "versionId": 0
}
[08/04/26, 21:47:29:264] info: Aug-04 21:47:29.264 [SERVICE-WORKER] putting asset in cache https://a.slack-edge.com/bv1-13-br/gantry-v2-async-client-later-list-view.0e158781d240c34c.min.js 
{
  "versionId": 0
}
[08/04/26, 21:47:29:265] info: Aug-04 21:47:29.265 [SERVICE-WORKER] putting asset in cache https://a.slack-edge.com/bv1-13-br/gantry-v2-async-client-canvas-comment-stream-view.5f96c3ee389a9e04.min.js 
{
  "versionId": 0
}
[08/04/26, 21:47:29:266] info: Aug-04 21:47:29.266 [SERVICE-WORKER] putting asset in cache https://a.slack-edge.com/bv1-13-br/lato-latin-latin-ext-bff7dd0.woff2 
{
  "versionId": 0
}
[08/04/26, 21:47:29:268] info: Aug-04 21:47:29.268 [SERVICE-WORKER] fetching asset https://a.slack-edge.com/bv1-13-br/lato-black-7b284cf.woff2 
{
  "versionId": 0
}
[08/04/26, 21:47:29:268] info: Aug-04 21:47:29.268 [SERVICE-WORKER] fetching asset https://a.slack-edge.com/bv1-13-br/gantry-v2-async-page-block.861333e949497601.min.css 
{
  "versionId": 0
}
[08/04/26, 21:47:29:269] info: Aug-04 21:47:29.269 [SERVICE-WORKER] putting asset in cache https://a.slack-edge.com/bv1-13-br/lato-black-7b284cf.woff2 
{
  "versionId": 0
}
[08/04/26, 21:47:29:270] info: Aug-04 21:47:29.270 [SERVICE-WORKER] fetching asset https://a.slack-edge.com/bv1-13-br/gantry-v2-async-slides-effect-confetti.a2979f89cd453a9b.min.js 
{
  "versionId": 0
}
[08/04/26, 21:47:29:275] info: Aug-04 21:47:29.274 [SERVICE-WORKER] fetching asset https://a.slack-edge.com/bv1-13-br/gantry-v2-async-sui-block-rich-text-input.fc7ae72a76d3325b.min.css 
{
  "versionId": 0
}
[08/04/26, 21:47:29:276] info: Aug-04 21:47:29.276 [SERVICE-WORKER] putting asset in cache https://a.slack-edge.com/bv1-13-br/gantry-v2-async-page-block.861333e949497601.min.css 
{
  "versionId": 0
}
[08/04/26, 21:47:29:278] info: Aug-04 21:47:29.278 [SERVICE-WORKER] fetching asset https://a.slack-edge.com/bv1-13-br/gantry-v2-async-client-list-record-thread.c6ad31a8cf71289c.min.js 
{
  "versionId": 0
}
[08/04/26, 21:47:29:278] info: Aug-04 21:47:29.278 [SERVICE-WORKER] putting asset in cache https://a.slack-edge.com/bv1-13-br/gantry-v2-async-slides-effect-confetti.a2979f89cd453a9b.min.js 
{
  "versionId": 0
}
[08/04/26, 21:47:29:282] info: Aug-04 21:47:29.282 [SERVICE-WORKER] fetching asset https://a.slack-edge.com/bv1-13-br/gantry-v2-async-client-external-file-view.2ec9d8952dcf732f.min.js 
{
  "versionId": 0
}
[08/04/26, 21:47:29:282] info: Aug-04 21:47:29.282 [SERVICE-WORKER] putting asset in cache https://a.slack-edge.com/bv1-13-br/gantry-v2-async-sui-block-rich-text-input.fc7ae72a76d3325b.min.css 
{
  "versionId": 0
}
[08/04/26, 21:47:29:288] info: Aug-04 21:47:29.288 [SERVICE-WORKER] putting asset in cache https://a.slack-edge.com/bv1-13-br/gantry-v2-async-client-list-record-thread.c6ad31a8cf71289c.min.js 
{
  "versionId": 0
}
[08/04/26, 21:47:29:290] info: Aug-04 21:47:29.290 [SERVICE-WORKER] fetching asset https://a.slack-edge.com/bv1-13-br/gantry-v2-async-persona-idea-catalyst.633562aa21a683ab.min.js 
{
  "versionId": 0
}
[08/04/26, 21:47:29:295] info: Aug-04 21:47:29.295 [SERVICE-WORKER] putting asset in cache https://a.slack-edge.com/bv1-13-br/gantry-v2-async-client-external-file-view.2ec9d8952dcf732f.min.js 
{
  "versionId": 0
}
[08/04/26, 21:47:29:297] info: Aug-04 21:47:29.297 [SERVICE-WORKER] fetching asset https://a.slack-edge.com/bv1-13-br/gantry-v2-async-data-visualization-block.ccf1a975feba1e69.min.css 
{
  "versionId": 0
}
[08/04/26, 21:47:29:302] info: Aug-04 21:47:29.302 [SERVICE-WORKER] putting asset in cache https://a.slack-edge.com/bv1-13-br/gantry-v2-async-persona-idea-catalyst.633562aa21a683ab.min.js 
{
  "versionId": 0
}
[08/04/26, 21:47:29:304] info: Aug-04 21:47:29.303 [SERVICE-WORKER] fetching asset https://a.slack-edge.com/bv1-13-br/gantry-v2-async-client-link-details-view.fc4bbbe251802d38.min.js 
{
  "versionId": 0
}
[08/04/26, 21:47:29:310] info: Aug-04 21:47:29.309 [SERVICE-WORKER] putting asset in cache https://a.slack-edge.com/bv1-13-br/gantry-v2-async-data-visualization-block.ccf1a975feba1e69.min.css 
{
  "versionId": 0
}
[08/04/26, 21:47:29:312] info: Aug-04 21:47:29.312 [SERVICE-WORKER] fetching asset https://a.slack-edge.com/bv1-13-br/gantry-v2-async-search-top-results-list.5392c8dbcf3985a5.min.css 
{
  "versionId": 0
}
[08/04/26, 21:47:29:316] info: Aug-04 21:47:29.316 [SERVICE-WORKER] putting asset in cache https://a.slack-edge.com/bv1-13-br/gantry-v2-async-client-link-details-view.fc4bbbe251802d38.min.js 
{
  "versionId": 0
}
[08/04/26, 21:47:29:318] info: Aug-04 21:47:29.318 [SERVICE-WORKER] fetching asset https://a.slack-edge.com/bv1-13-br/gantry-v2-async-layout-debug-overlay.efea3b82f5721e4d.min.css 
{
  "versionId": 0
}
[08/04/26, 21:47:29:325] info: Aug-04 21:47:29.324 [SERVICE-WORKER] putting asset in cache https://a.slack-edge.com/bv1-13-br/gantry-v2-async-search-top-results-list.5392c8dbcf3985a5.min.css 
{
  "versionId": 0
}
[08/04/26, 21:47:29:328] info: Aug-04 21:47:29.328 [SERVICE-WORKER] putting asset in cache https://a.slack-edge.com/bv1-13-br/gantry-v2-async-layout-debug-overlay.efea3b82f5721e4d.min.css 
{
  "versionId": 0
}
[08/04/26, 21:47:29:330] info: Aug-04 21:47:29.330 [SERVICE-WORKER] fetching asset https://a.slack-edge.com/bv1-13-br/gantry-v2-vendors.df4538e7b774166c.min.js 
{
  "versionId": 0
}
[08/04/26, 21:47:29:342] info: Aug-04 21:47:29.342 [SERVICE-WORKER] putting asset in cache https://a.slack-edge.com/bv1-13-br/gantry-v2-vendors.df4538e7b774166c.min.js 
{
  "versionId": 0
}
[08/04/26, 21:47:29:358] info: Aug-04 21:47:29.358 [SERVICE-WORKER] fetching asset https://a.slack-edge.com/bv1-13-br/gantry-v2-async-client-creator-guided-setup-list-banner.059353fff7f15ced.min.css 
{
  "versionId": 0
}
[08/04/26, 21:47:29:370] info: Aug-04 21:47:29.369 [SERVICE-WORKER] putting asset in cache https://a.slack-edge.com/bv1-13-br/gantry-v2-async-client-creator-guided-setup-list-banner.059353fff7f15ced.min.css 
{
  "versionId": 0
}
[08/04/26, 21:47:29:371] info: Aug-04 21:47:29.371 [SERVICE-WORKER] fetching asset https://a.slack-edge.com/bv1-13-br/gantry-v2-async-request-crm-license-hero-gif-en-US.5cf51548ebe9fa03.min.js 
{
  "versionId": 0
}
[08/04/26, 21:47:29:382] info: Aug-04 21:47:29.382 [SERVICE-WORKER] putting asset in cache https://a.slack-edge.com/bv1-13-br/gantry-v2-async-request-crm-license-hero-gif-en-US.5cf51548ebe9fa03.min.js 
{
  "versionId": 0
}
[08/04/26, 21:47:29:384] info: Aug-04 21:47:29.383 [SERVICE-WORKER] fetching asset https://a.slack-edge.com/bv1-13-br/gantry-v2-async-client-explore-paid-feature-slack-ai-img-en-US.17d1ce311a465ec0.min.js 
{
  "versionId": 0
}
[08/04/26, 21:47:29:396] info: Aug-04 21:47:29.396 [SERVICE-WORKER] putting asset in cache https://a.slack-edge.com/bv1-13-br/gantry-v2-async-client-explore-paid-feature-slack-ai-img-en-US.17d1ce311a465ec0.min.js 
{
  "versionId": 0
}
[08/04/26, 21:47:29:398] info: Aug-04 21:47:29.398 [SERVICE-WORKER] fetching asset https://a.slack-edge.com/bv1-13-br/gantry-v2-async-client-canvas-activity-history-view.f1b1db5625a7d878.min.js 
{
  "versionId": 0
}
[08/04/26, 21:47:29:411] info: Aug-04 21:47:29.410 [SERVICE-WORKER] putting asset in cache https://a.slack-edge.com/bv1-13-br/gantry-v2-async-client-canvas-activity-history-view.f1b1db5625a7d878.min.js 
{
  "versionId": 0
}
[08/04/26, 21:47:29:413] info: Aug-04 21:47:29.413 [SERVICE-WORKER] fetching asset https://a.slack-edge.com/bv1-13-br/gantry-v2-async-slackbot-ai-skills-explore-modal.6034df3dd5a187ff.min.css 
{
  "versionId": 0
}
[08/04/26, 21:47:29:426] info: Aug-04 21:47:29.425 [SERVICE-WORKER] putting asset in cache https://a.slack-edge.com/bv1-13-br/gantry-v2-async-slackbot-ai-skills-explore-modal.6034df3dd5a187ff.min.css 
{
  "versionId": 0
}
[08/04/26, 21:47:29:427] info: Aug-04 21:47:29.427 [SERVICE-WORKER] fetching asset https://a.slack-edge.com/bv1-13-br/gantry-v2-async-client-agent-home-view-split.c590f8455bd68951.min.js 
{
  "versionId": 0
}
[08/04/26, 21:47:29:437] info: Aug-04 21:47:29.437 [SERVICE-WORKER] putting asset in cache https://a.slack-edge.com/bv1-13-br/gantry-v2-async-client-agent-home-view-split.c590f8455bd68951.min.js 
{
  "versionId": 0
}
[08/04/26, 21:47:29:437] info: Aug-04 21:47:29.437 [SERVICE-WORKER] fetching asset https://a.slack-edge.com/bv1-13-br/gantry-v2-async-quip-collab-controller.b42c6984f009242a.min.js 
{
  "versionId": 0
}
[08/04/26, 21:47:29:438] info: Aug-04 21:47:29.438 [SERVICE-WORKER] fetching asset https://a.slack-edge.com/bv1-13-br/gantry-v2-async-persona-vibe-curator.945b31c4fd09fd36.min.js 
{
  "versionId": 0
}
[08/04/26, 21:47:29:438] info: Aug-04 21:47:29.438 [SERVICE-WORKER] fetching asset https://a.slack-edge.com/bv1-13-br/gantry-v2-async-gantry-v2-shared-boot-async.0bd52fd397f4e11f.min.js 
{
  "versionId": 0
}
[08/04/26, 21:47:29:449] info: Aug-04 21:47:29.449 [SERVICE-WORKER] putting asset in cache https://a.slack-edge.com/bv1-13-br/gantry-v2-async-quip-collab-controller.b42c6984f009242a.min.js 
{
  "versionId": 0
}
[08/04/26, 21:47:29:450] info: Aug-04 21:47:29.450 [SERVICE-WORKER] putting asset in cache https://a.slack-edge.com/bv1-13-br/gantry-v2-async-gantry-v2-shared-boot-async.0bd52fd397f4e11f.min.js 
{
  "versionId": 0
}
[08/04/26, 21:47:29:452] info: Aug-04 21:47:29.451 [SERVICE-WORKER] putting asset in cache https://a.slack-edge.com/bv1-13-br/gantry-v2-async-persona-vibe-curator.945b31c4fd09fd36.min.js 
{
  "versionId": 0
}
[08/04/26, 21:47:29:452] info: Aug-04 21:47:29.452 [SERVICE-WORKER] fetching asset https://a.slack-edge.com/bv1-13-br/gantry-v2-async-client-channel-list-view.d83d4a8ba4d58944.min.js 
{
  "versionId": 0
}
[08/04/26, 21:47:29:461] info: Aug-04 21:47:29.461 [SERVICE-WORKER] putting asset in cache https://a.slack-edge.com/bv1-13-br/gantry-v2-async-client-channel-list-view.d83d4a8ba4d58944.min.js 
{
  "versionId": 0
}
[08/04/26, 21:47:29:497] info: Aug-04 21:47:29.497 [SERVICE-WORKER] fetching asset https://a.slack-edge.com/bv1-13-br/gantry-v2-async-client-activity-empty-view.81124bf22c2e499d.min.js 
{
  "versionId": 0
}
[08/04/26, 21:47:29:508] info: Aug-04 21:47:29.508 [SERVICE-WORKER] putting asset in cache https://a.slack-edge.com/bv1-13-br/gantry-v2-async-client-activity-empty-view.81124bf22c2e499d.min.js 
{
  "versionId": 0
}
[08/04/26, 21:47:29:510] info: Aug-04 21:47:29.510 [SERVICE-WORKER] fetching asset https://a.slack-edge.com/bv1-13-br/gantry-v2-async-client-workflow-details.3582d648ed890b1f.min.js 
{
  "versionId": 0
}
[08/04/26, 21:47:29:521] info: Aug-04 21:47:29.521 [SERVICE-WORKER] putting asset in cache https://a.slack-edge.com/bv1-13-br/gantry-v2-async-client-workflow-details.3582d648ed890b1f.min.js 
{
  "versionId": 0
}
[08/04/26, 21:47:29:526] info: Aug-04 21:47:29.525 [SERVICE-WORKER] fetching asset https://a.slack-edge.com/bv1-13-br/gantry-v2-async-client-list-record-thread.d0f5c184a130799e.min.css 
{
  "versionId": 0
}
[08/04/26, 21:47:29:538] info: Aug-04 21:47:29.538 [SERVICE-WORKER] putting asset in cache https://a.slack-edge.com/bv1-13-br/gantry-v2-async-client-list-record-thread.d0f5c184a130799e.min.css 
{
  "versionId": 0
}
[08/04/26, 21:47:29:540] info: Aug-04 21:47:29.540 [SERVICE-WORKER] fetching asset https://a.slack-edge.com/bv1-13-br/gantry-v2-async-persona-hype-person.2fad7743224ce6ae.min.js 
{
  "versionId": 0
}
[08/04/26, 21:47:29:552] info: Aug-04 21:47:29.552 [SERVICE-WORKER] putting asset in cache https://a.slack-edge.com/bv1-13-br/gantry-v2-async-persona-hype-person.2fad7743224ce6ae.min.js 
{
  "versionId": 0
}
[08/04/26, 21:47:29:554] info: Aug-04 21:47:29.553 [SERVICE-WORKER] fetching asset https://a.slack-edge.com/bv1-13-br/gantry-v2-async-js_quip-src_parts_icons_presentation-color32_tsx.79a590a34d982672.min.js 
{
  "versionId": 0
}
[08/04/26, 21:47:29:564] info: Aug-04 21:47:29.564 [SERVICE-WORKER] putting asset in cache https://a.slack-edge.com/bv1-13-br/gantry-v2-async-js_quip-src_parts_icons_presentation-color32_tsx.79a590a34d982672.min.js 
{
  "versionId": 0
}
[08/04/26, 21:47:29:566] info: Aug-04 21:47:29.566 [SERVICE-WORKER] fetching asset https://a.slack-edge.com/bv1-13-br/gantry-v2-async-client-search-empty-view.c7cc57785c757266.min.js 
{
  "versionId": 0
}
[08/04/26, 21:47:29:577] info: Aug-04 21:47:29.577 [SERVICE-WORKER] putting asset in cache https://a.slack-edge.com/bv1-13-br/gantry-v2-async-client-search-empty-view.c7cc57785c757266.min.js 
{
  "versionId": 0
}
[08/04/26, 21:47:29:579] info: Aug-04 21:47:29.579 [SERVICE-WORKER] fetching asset https://a.slack-edge.com/bv1-13-br/gantry-v2-async-js_quip-src_parts_icons_chat-color20_tsx.a2c5ac16a1863de9.min.js 
{
  "versionId": 0
}
[08/04/26, 21:47:29:589] info: Aug-04 21:47:29.588 [SERVICE-WORKER] putting asset in cache https://a.slack-edge.com/bv1-13-br/gantry-v2-async-js_quip-src_parts_icons_chat-color20_tsx.a2c5ac16a1863de9.min.js 
{
  "versionId": 0
}
[08/04/26, 21:47:29:595] info: Aug-04 21:47:29.594 [SERVICE-WORKER] fetching asset https://a.slack-edge.com/bv1-13-br/gantry-v2-vendors-client.df782e0191255078.min.js 
{
  "versionId": 0
}
[08/04/26, 21:47:29:595] info: Aug-04 21:47:29.595 [SERVICE-WORKER] fetching asset https://a.slack-edge.com/bv1-13-br/gantry-v2-async-client-explore-paid-feature-security-hover-img-en-US.6e158e15d8585580.min.js 
{
  "versionId": 0
}
[08/04/26, 21:47:29:606] info: Aug-04 21:47:29.605 [SERVICE-WORKER] putting asset in cache https://a.slack-edge.com/bv1-13-br/gantry-v2-vendors-client.df782e0191255078.min.js 
{
  "versionId": 0
}
[08/04/26, 21:47:29:607] info: Aug-04 21:47:29.607 [SERVICE-WORKER] putting asset in cache https://a.slack-edge.com/bv1-13-br/gantry-v2-async-client-explore-paid-feature-security-hover-img-en-US.6e158e15d8585580.min.js 
{
  "versionId": 0
}
[08/04/26, 21:47:29:608] info: Aug-04 21:47:29.608 [SERVICE-WORKER] fetching asset https://a.slack-edge.com/bv1-13-br/lato-italic-light-e3b4e7d.woff2 
{
  "versionId": 0
}
[08/04/26, 21:47:29:619] info: Aug-04 21:47:29.619 [SERVICE-WORKER] putting asset in cache https://a.slack-edge.com/bv1-13-br/lato-italic-light-e3b4e7d.woff2 
{
  "versionId": 0
}
[08/04/26, 21:47:29:750] info: Aug-04 21:47:29.750 [SERVICE-WORKER] fetching asset https://a.slack-edge.com/bv1-13-br/gantry-v2-async-client-slackbot-sidebar-view.d32b5a5b4994cbb7.min.js 
{
  "versionId": 0
}
[08/04/26, 21:47:29:763] info: Aug-04 21:47:29.762 [SERVICE-WORKER] putting asset in cache https://a.slack-edge.com/bv1-13-br/gantry-v2-async-client-slackbot-sidebar-view.d32b5a5b4994cbb7.min.js 
{
  "versionId": 0
}
[08/04/26, 21:47:29:767] info: Aug-04 21:47:29.767 [SERVICE-WORKER] fetching asset https://a.slack-edge.com/bv1-13-br/gantry-v2-async-client-help-category-browser-view.b408f28656d493f6.min.js 
{
  "versionId": 0
}
[08/04/26, 21:47:29:777] info: Aug-04 21:47:29.776 [SERVICE-WORKER] fetching asset https://a.slack-edge.com/bv1-13-br/gantry-v2-async-client-list-record-details.234eb43c8b3cce36.min.js 
{
  "versionId": 0
}
[08/04/26, 21:47:29:778] info: Aug-04 21:47:29.778 [SERVICE-WORKER] putting asset in cache https://a.slack-edge.com/bv1-13-br/gantry-v2-async-client-help-category-browser-view.b408f28656d493f6.min.js 
{
  "versionId": 0
}
[08/04/26, 21:47:29:780] info: Aug-04 21:47:29.780 [SERVICE-WORKER] fetching asset https://a.slack-edge.com/bv1-13-br/gantry-v2-async-huddle-compact-device-menu-overlay.17a9cf873cf69645.min.js 
{
  "versionId": 0
}
[08/04/26, 21:47:29:789] info: Aug-04 21:47:29.788 [SERVICE-WORKER] putting asset in cache https://a.slack-edge.com/bv1-13-br/gantry-v2-async-client-list-record-details.234eb43c8b3cce36.min.js 
{
  "versionId": 0
}
[08/04/26, 21:47:29:793] info: Aug-04 21:47:29.793 [SERVICE-WORKER] putting asset in cache https://a.slack-edge.com/bv1-13-br/gantry-v2-async-huddle-compact-device-menu-overlay.17a9cf873cf69645.min.js 
{
  "versionId": 0
}
[08/04/26, 21:47:29:794] info: Aug-04 21:47:29.794 [SERVICE-WORKER] fetching asset https://a.slack-edge.com/bv1-13-br/gantry-v2-async-client-browse-user-groups-view.d2cd538934622688.min.js 
{
  "versionId": 0
}
[08/04/26, 21:47:29:801] info: Aug-04 21:47:29.801 [SERVICE-WORKER] fetching asset https://a.slack-edge.com/bv1-13-br/gantry-v2-async-lottie-web.71de08754d86d2e7.min.js 
{
  "versionId": 0
}
[08/04/26, 21:47:29:805] info: Aug-04 21:47:29.805 [SERVICE-WORKER] putting asset in cache https://a.slack-edge.com/bv1-13-br/gantry-v2-async-client-browse-user-groups-view.d2cd538934622688.min.js 
{
  "versionId": 0
}
[08/04/26, 21:47:29:807] info: Aug-04 21:47:29.807 [SERVICE-WORKER] fetching asset https://a.slack-edge.com/bv1-13-br/gantry-v2-async-client-unified-files-sidebar-view.d8a3f7a4d0e0feaf.min.js 
{
  "versionId": 0
}
[08/04/26, 21:47:29:810] info: Aug-04 21:47:29.810 [SERVICE-WORKER] putting asset in cache https://a.slack-edge.com/bv1-13-br/gantry-v2-async-lottie-web.71de08754d86d2e7.min.js 
{
  "versionId": 0
}
[08/04/26, 21:47:29:816] info: Aug-04 21:47:29.815 [SERVICE-WORKER] fetching asset https://a.slack-edge.com/bv1-13-br/gantry-v2-async-client-list-record-history.4ec90703be7ec14c.min.css 
{
  "versionId": 0
}
[08/04/26, 21:47:29:818] info: Aug-04 21:47:29.818 [SERVICE-WORKER] putting asset in cache https://a.slack-edge.com/bv1-13-br/gantry-v2-async-client-unified-files-sidebar-view.d8a3f7a4d0e0feaf.min.js 
{
  "versionId": 0
}
[08/04/26, 21:47:29:825] info: Aug-04 21:47:29.825 [SERVICE-WORKER] putting asset in cache https://a.slack-edge.com/bv1-13-br/gantry-v2-async-client-list-record-history.4ec90703be7ec14c.min.css 
{
  "versionId": 0
}
[08/04/26, 21:47:29:826] info: Aug-04 21:47:29.826 [SERVICE-WORKER] fetching asset https://a.slack-edge.com/bv1-13-br/gantry-v2-async-today-agenda-detail-view.02e72edd26bc8761.min.js 
{
  "versionId": 0
}
[08/04/26, 21:47:29:827] info: Aug-04 21:47:29.827 [SERVICE-WORKER] fetching asset https://a.slack-edge.com/bv1-13-br/gantry-v2-async-client-creator-guided-setup-list-banner.954c590b31a7e22c.min.js 
{
  "versionId": 0
}
[08/04/26, 21:47:29:838] info: Aug-04 21:47:29.838 [SERVICE-WORKER] putting asset in cache https://a.slack-edge.com/bv1-13-br/gantry-v2-async-today-agenda-detail-view.02e72edd26bc8761.min.js 
{
  "versionId": 0
}
[08/04/26, 21:47:29:840] info: Aug-04 21:47:29.840 [SERVICE-WORKER] fetching asset https://a.slack-edge.com/bv1-13-br/RobotoMono-Cyrillic-Regular-7e038d4.woff2 
{
  "versionId": 0
}
[08/04/26, 21:47:29:840] info: Aug-04 21:47:29.840 [SERVICE-WORKER] fetching asset https://a.slack-edge.com/bv1-13-br/gantry-v2-async-client-list-record-details.f76ea5ff4ec858e6.min.css 
{
  "versionId": 0
}
[08/04/26, 21:47:29:840] info: Aug-04 21:47:29.840 [SERVICE-WORKER] putting asset in cache https://a.slack-edge.com/bv1-13-br/gantry-v2-async-client-creator-guided-setup-list-banner.954c590b31a7e22c.min.js 
{
  "versionId": 0
}
[08/04/26, 21:47:29:843] info: Aug-04 21:47:29.843 [SERVICE-WORKER] fetching asset https://a.slack-edge.com/bv1-13-br/gantry-v2-async-client-about-ai-app-view.d125f520e6be08f8.min.js 
{
  "versionId": 0
}
[08/04/26, 21:47:29:851] info: Aug-04 21:47:29.851 [SERVICE-WORKER] putting asset in cache https://a.slack-edge.com/bv1-13-br/RobotoMono-Cyrillic-Regular-7e038d4.woff2 
{
  "versionId": 0
}
[08/04/26, 21:47:29:855] info: Aug-04 21:47:29.855 [SERVICE-WORKER] putting asset in cache https://a.slack-edge.com/bv1-13-br/gantry-v2-async-client-about-ai-app-view.d125f520e6be08f8.min.js 
{
  "versionId": 0
}
[08/04/26, 21:47:29:856] info: Aug-04 21:47:29.855 [SERVICE-WORKER] putting asset in cache https://a.slack-edge.com/bv1-13-br/gantry-v2-async-client-list-record-details.f76ea5ff4ec858e6.min.css 
{
  "versionId": 0
}
[08/04/26, 21:47:29:859] info: Aug-04 21:47:29.858 [SERVICE-WORKER] fetching asset https://a.slack-edge.com/bv1-13-br/gantry-v2-async-client-workflow-being-created-view.212e0c4a659472f4.min.js 
{
  "versionId": 0
}
[08/04/26, 21:47:29:859] info: Aug-04 21:47:29.859 [SERVICE-WORKER] fetching asset https://a.slack-edge.com/bv1-13-br/gantry-v2-async-workflow-builder-segment-form-third-party-event.f1ce38486c7ee466.min.js 
{
  "versionId": 0
}
[08/04/26, 21:47:29:859] info: Aug-04 21:47:29.859 [SERVICE-WORKER] fetching asset https://a.slack-edge.com/bv1-13-br/NotoSansMono-BoxDrawing-6721f32.woff2 
{
  "versionId": 0
}
[08/04/26, 21:47:29:869] info: Aug-04 21:47:29.869 [SERVICE-WORKER] putting asset in cache https://a.slack-edge.com/bv1-13-br/gantry-v2-async-workflow-builder-segment-form-third-party-event.f1ce38486c7ee466.min.js 
{
  "versionId": 0
}
[08/04/26, 21:47:29:870] info: Aug-04 21:47:29.869 [SERVICE-WORKER] putting asset in cache https://a.slack-edge.com/bv1-13-br/NotoSansMono-BoxDrawing-6721f32.woff2 
{
  "versionId": 0
}
[08/04/26, 21:47:29:871] info: Aug-04 21:47:29.870 [SERVICE-WORKER] putting asset in cache https://a.slack-edge.com/bv1-13-br/gantry-v2-async-client-workflow-being-created-view.212e0c4a659472f4.min.js 
{
  "versionId": 0
}
[08/04/26, 21:47:29:872] info: Aug-04 21:47:29.871 [SERVICE-WORKER] fetching asset https://a.slack-edge.com/bv1-13-br/gantry-v2-async-node_modules_sqlite_org_sqlite-wasm_sqlite-wasm_jswasm_sqlite3-worker1-bundler-friendly_mjs.cdd67fcb8fa99a05.min.js 
{
  "versionId": 0
}
[08/04/26, 21:47:29:872] info: Aug-04 21:47:29.872 [SERVICE-WORKER] fetching asset https://a.slack-edge.com/bv1-13-br/gantry-v2-async-client-message-action-add-to-list-button-nux.ba920ca34a889c83.min.js 
{
  "versionId": 0
}
[08/04/26, 21:47:29:876] info: Aug-04 21:47:29.876 [SERVICE-WORKER] fetching asset https://a.slack-edge.com/bv1-13-br/gantry-v2-async-workflow-builder-segment-form-loop.50d3b88e7bdd9d28.min.js 
{
  "versionId": 0
}
[08/04/26, 21:47:29:881] info: Aug-04 21:47:29.881 [SERVICE-WORKER] putting asset in cache https://a.slack-edge.com/bv1-13-br/gantry-v2-async-client-message-action-add-to-list-button-nux.ba920ca34a889c83.min.js 
{
  "versionId": 0
}
[08/04/26, 21:47:29:882] info: Aug-04 21:47:29.881 [SERVICE-WORKER] putting asset in cache https://a.slack-edge.com/bv1-13-br/gantry-v2-async-node_modules_sqlite_org_sqlite-wasm_sqlite-wasm_jswasm_sqlite3-worker1-bundler-friendly_mjs.cdd67fcb8fa99a05.min.js 
{
  "versionId": 0
}
[08/04/26, 21:47:29:883] info: Aug-04 21:47:29.882 [SERVICE-WORKER] fetching asset https://a.slack-edge.com/bv1-13-br/gantry-v2-async-mcp-app-block.e88d3abbd7057dfb.min.css 
{
  "versionId": 0
}
[08/04/26, 21:47:29:884] info: Aug-04 21:47:29.884 [SERVICE-WORKER] putting asset in cache https://a.slack-edge.com/bv1-13-br/gantry-v2-async-workflow-builder-segment-form-loop.50d3b88e7bdd9d28.min.js 
{
  "versionId": 0
}
[08/04/26, 21:47:29:885] info: Aug-04 21:47:29.885 [SERVICE-WORKER] fetching asset https://a.slack-edge.com/bv1-13-br/gantry-v2-async-js_quip-src_parts_icons_syncing20_tsx.1cdf43a0c292efc1.min.js 
{
  "versionId": 0
}
[08/04/26, 21:47:29:893] info: Aug-04 21:47:29.892 [SERVICE-WORKER] putting asset in cache https://a.slack-edge.com/bv1-13-br/gantry-v2-async-mcp-app-block.e88d3abbd7057dfb.min.css 
{
  "versionId": 0
}
[08/04/26, 21:47:29:894] info: Aug-04 21:47:29.894 [SERVICE-WORKER] fetching asset https://a.slack-edge.com/bv1-13-br/gantry-v2-async-salesforce-record-card-block.08b3394931b4ba1d.min.css 
{
  "versionId": 0
}
[08/04/26, 21:47:29:895] info: Aug-04 21:47:29.895 [SERVICE-WORKER] putting asset in cache https://a.slack-edge.com/bv1-13-br/gantry-v2-async-js_quip-src_parts_icons_syncing20_tsx.1cdf43a0c292efc1.min.js 
{
  "versionId": 0
}
[08/04/26, 21:47:29:896] info: Aug-04 21:47:29.896 [SERVICE-WORKER] fetching asset https://a.slack-edge.com/bv1-13-br/gantry-v2-async-persona-gif-grandmaster.cfeec5ae172af55b.min.js 
{
  "versionId": 0
}
[08/04/26, 21:47:29:900] info: Aug-04 21:47:29.900 [SERVICE-WORKER] fetching asset https://a.slack-edge.com/bv1-13-br/gantry-v2-async-persona-card-hype-person.e6afbf182e9e0021.min.js 
{
  "versionId": 0
}
[08/04/26, 21:47:29:906] info: Aug-04 21:47:29.905 [SERVICE-WORKER] putting asset in cache https://a.slack-edge.com/bv1-13-br/gantry-v2-async-salesforce-record-card-block.08b3394931b4ba1d.min.css 
{
  "versionId": 0
}
[08/04/26, 21:47:29:908] info: Aug-04 21:47:29.908 [SERVICE-WORKER] putting asset in cache https://a.slack-edge.com/bv1-13-br/gantry-v2-async-persona-gif-grandmaster.cfeec5ae172af55b.min.js 
{
  "versionId": 0
}
[08/04/26, 21:47:29:909] info: Aug-04 21:47:29.909 [SERVICE-WORKER] fetching asset https://a.slack-edge.com/bv1-13-br/gantry-v2-async-prototype-mcp-app-block.4ddfa6fb51ffebc2.min.css 
{
  "versionId": 0
}
[08/04/26, 21:47:29:911] info: Aug-04 21:47:29.911 [SERVICE-WORKER] putting asset in cache https://a.slack-edge.com/bv1-13-br/gantry-v2-async-persona-card-hype-person.e6afbf182e9e0021.min.js 
{
  "versionId": 0
}
[08/04/26, 21:47:29:912] info: Aug-04 21:47:29.912 [SERVICE-WORKER] fetching asset https://a.slack-edge.com/bv1-13-br/gantry-v2-async-client-list-history.57baadef6ca7a0c5.min.js 
{
  "versionId": 0
}
[08/04/26, 21:47:29:920] info: Aug-04 21:47:29.920 [SERVICE-WORKER] putting asset in cache https://a.slack-edge.com/bv1-13-br/gantry-v2-async-prototype-mcp-app-block.4ddfa6fb51ffebc2.min.css 
{
  "versionId": 0
}
[08/04/26, 21:47:29:921] info: Aug-04 21:47:29.921 [SERVICE-WORKER] fetching asset https://a.slack-edge.com/bv1-13-br/gantry-v2-async-client-explore-paid-feature-full-context-img-en-US.43f454bce73a9747.min.js 
{
  "versionId": 0
}
[08/04/26, 21:47:29:924] info: Aug-04 21:47:29.924 [SERVICE-WORKER] putting asset in cache https://a.slack-edge.com/bv1-13-br/gantry-v2-async-client-list-history.57baadef6ca7a0c5.min.js 
{
  "versionId": 0
}
[08/04/26, 21:47:29:929] info: Aug-04 21:47:29.929 [SERVICE-WORKER] fetching asset https://a.slack-edge.com/bv1-13-br/gantry-v2-async-gantry-v2-vendors-workflow-builder.328e5ac2b50ab1ca.min.js 
{
  "versionId": 0
}
[08/04/26, 21:47:29:938] info: Aug-04 21:47:29.938 [SERVICE-WORKER] putting asset in cache https://a.slack-edge.com/bv1-13-br/gantry-v2-async-client-explore-paid-feature-full-context-img-en-US.43f454bce73a9747.min.js 
{
  "versionId": 0
}
[08/04/26, 21:47:29:940] info: Aug-04 21:47:29.940 [SERVICE-WORKER] fetching asset https://a.slack-edge.com/bv1-13-br/gantry-v2-async-client-paid-benefits-view.5fe5f1723f65d91f.min.js 
{
  "versionId": 0
}
[08/04/26, 21:47:29:940] info: Aug-04 21:47:29.940 [SERVICE-WORKER] putting asset in cache https://a.slack-edge.com/bv1-13-br/gantry-v2-async-gantry-v2-vendors-workflow-builder.328e5ac2b50ab1ca.min.js 
{
  "versionId": 0
}
[08/04/26, 21:47:29:942] info: Aug-04 21:47:29.942 [SERVICE-WORKER] fetching asset https://a.slack-edge.com/bv1-13-br/gantry-v2-async-client-solutions-view.2e974d51bba44f1f.min.js 
{
  "versionId": 0
}
[08/04/26, 21:47:29:950] info: Aug-04 21:47:29.950 [SERVICE-WORKER] putting asset in cache https://a.slack-edge.com/bv1-13-br/gantry-v2-async-client-paid-benefits-view.5fe5f1723f65d91f.min.js 
{
  "versionId": 0
}
[08/04/26, 21:47:29:952] info: Aug-04 21:47:29.952 [SERVICE-WORKER] fetching asset https://a.slack-edge.com/bv1-13-br/gantry-v2-async-spring-sweep.json.0fdc25295c4ae8e4.min.js 
{
  "versionId": 0
}
[08/04/26, 21:47:29:953] info: Aug-04 21:47:29.953 [SERVICE-WORKER] putting asset in cache https://a.slack-edge.com/bv1-13-br/gantry-v2-async-client-solutions-view.2e974d51bba44f1f.min.js 
{
  "versionId": 0
}
[08/04/26, 21:47:29:956] info: Aug-04 21:47:29.956 [SERVICE-WORKER] fetching asset https://a.slack-edge.com/bv1-13-br/gantry-v2-async-autoclog-devtools.27678b40db4533f1.min.css 
{
  "versionId": 0
}
[08/04/26, 21:47:29:966] info: Aug-04 21:47:29.966 [SERVICE-WORKER] putting asset in cache https://a.slack-edge.com/bv1-13-br/gantry-v2-async-spring-sweep.json.0fdc25295c4ae8e4.min.js 
{
  "versionId": 0
}
[08/04/26, 21:47:29:969] info: Aug-04 21:47:29.968 [SERVICE-WORKER] putting asset in cache https://a.slack-edge.com/bv1-13-br/gantry-v2-async-autoclog-devtools.27678b40db4533f1.min.css 
{
  "versionId": 0
}
[08/04/26, 21:47:29:969] info: Aug-04 21:47:29.969 [SERVICE-WORKER] fetching asset https://a.slack-edge.com/bv1-13-br/gantry-v2-async-gantry-v2-default-boot-shared.2a9c1f647c2725ea.min.js 
{
  "versionId": 0
}
[08/04/26, 21:47:29:972] info: Aug-04 21:47:29.972 [SERVICE-WORKER] fetching asset https://a.slack-edge.com/bv1-13-br/gantry-v2-async-client-huddle-screenshare-popout-view.0f1ee746fd5d6daa.min.js 
{
  "versionId": 0
}
[08/04/26, 21:47:29:982] info: Aug-04 21:47:29.982 [SERVICE-WORKER] putting asset in cache https://a.slack-edge.com/bv1-13-br/gantry-v2-async-gantry-v2-default-boot-shared.2a9c1f647c2725ea.min.js 
{
  "versionId": 0
}
[08/04/26, 21:47:29:983] info: Aug-04 21:47:29.983 [SERVICE-WORKER] putting asset in cache https://a.slack-edge.com/bv1-13-br/gantry-v2-async-client-huddle-screenshare-popout-view.0f1ee746fd5d6daa.min.js 
{
  "versionId": 0
}
[08/04/26, 21:47:29:985] info: Aug-04 21:47:29.984 [SERVICE-WORKER] fetching asset https://a.slack-edge.com/bv1-13-br/gantry-v2-async-codemirror-snippet-editor.d7108ff8474bd848.min.js 
{
  "versionId": 0
}
[08/04/26, 21:47:29:985] info: Aug-04 21:47:29.985 [SERVICE-WORKER] fetching asset https://a.slack-edge.com/bv1-13-br/gantry-v2-async-workflow-builder-template-selection-workflow.cd20b71ad9884c05.min.js 
{
  "versionId": 0
}
[08/04/26, 21:47:29:989] info: Aug-04 21:47:29.989 [SERVICE-WORKER] fetching asset https://a.slack-edge.com/bv1-13-br/gantry-v2-async-client-app-details.fb489195c3beaeee.min.js 
{
  "versionId": 0
}
[08/04/26, 21:47:29:997] info: Aug-04 21:47:29.997 [SERVICE-WORKER] putting asset in cache https://a.slack-edge.com/bv1-13-br/gantry-v2-async-codemirror-snippet-editor.d7108ff8474bd848.min.js 
{
  "versionId": 0
}
[08/04/26, 21:47:29:998] info: Aug-04 21:47:29.998 [SERVICE-WORKER] putting asset in cache https://a.slack-edge.com/bv1-13-br/gantry-v2-async-workflow-builder-template-selection-workflow.cd20b71ad9884c05.min.js 
{
  "versionId": 0
}
[08/04/26, 21:47:29:999] info: Aug-04 21:47:29.999 [SERVICE-WORKER] putting asset in cache https://a.slack-edge.com/bv1-13-br/gantry-v2-async-client-app-details.fb489195c3beaeee.min.js 
{
  "versionId": 0
}
[08/04/26, 21:47:30:000] info: Aug-04 21:47:30.000 [SERVICE-WORKER] fetching asset https://a.slack-edge.com/bv1-13-br/gantry-v2-async-js_quip-src_parts_icons_slack-org-shared_tsx.c9699d08c2738526.min.js 
{
  "versionId": 0
}
[08/04/26, 21:47:30:003] info: Aug-04 21:47:30.003 [SERVICE-WORKER] fetching asset https://a.slack-edge.com/bv1-13-br/gantry-v2-async-js_quip-src_parts_icons_spreadsheet-color20_tsx.1687d6b07c22b9ce.min.js 
{
  "versionId": 0
}
[08/04/26, 21:47:30:011] info: Aug-04 21:47:30.011 [SERVICE-WORKER] putting asset in cache https://a.slack-edge.com/bv1-13-br/gantry-v2-async-js_quip-src_parts_icons_slack-org-shared_tsx.c9699d08c2738526.min.js 
{
  "versionId": 0
}
[08/04/26, 21:47:30:014] info: Aug-04 21:47:30.013 [SERVICE-WORKER] fetching asset https://a.slack-edge.com/bv1-13-br/gantry-v2-async-persona-trend-spotter.1fcf0f95b882a559.min.js 
{
  "versionId": 0
}
[08/04/26, 21:47:30:016] info: Aug-04 21:47:30.016 [SERVICE-WORKER] putting asset in cache https://a.slack-edge.com/bv1-13-br/gantry-v2-async-js_quip-src_parts_icons_spreadsheet-color20_tsx.1687d6b07c22b9ce.min.js 
{
  "versionId": 0
}
[08/04/26, 21:47:30:019] info: Aug-04 21:47:30.018 [SERVICE-WORKER] fetching asset https://a.slack-edge.com/bv1-13-br/RobotoMono-Regular-6ddf6fb.woff2 
{
  "versionId": 0
}
[08/04/26, 21:47:30:019] info: Aug-04 21:47:30.019 [SERVICE-WORKER] fetching asset https://a.slack-edge.com/bv1-13-br/gantry-v2-async-client-setup-view.f807339db43bb6c5.min.js 
{
  "versionId": 0
}
[08/04/26, 21:47:30:023] info: Aug-04 21:47:30.023 [SERVICE-WORKER] putting asset in cache https://a.slack-edge.com/bv1-13-br/gantry-v2-async-persona-trend-spotter.1fcf0f95b882a559.min.js 
{
  "versionId": 0
}
[08/04/26, 21:47:30:024] info: Aug-04 21:47:30.024 [SERVICE-WORKER] fetching asset https://a.slack-edge.com/bv1-13-br/gantry-v2-async-client-explore-paid-feature-productivity-img-en-US.014d93dffdb06c63.min.js 
{
  "versionId": 0
}
[08/04/26, 21:47:30:028] info: Aug-04 21:47:30.028 [SERVICE-WORKER] putting asset in cache https://a.slack-edge.com/bv1-13-br/RobotoMono-Regular-6ddf6fb.woff2 
{
  "versionId": 0
}
[08/04/26, 21:47:30:032] info: Aug-04 21:47:30.031 [SERVICE-WORKER] putting asset in cache https://a.slack-edge.com/bv1-13-br/gantry-v2-async-client-setup-view.f807339db43bb6c5.min.js 
{
  "versionId": 0
}
[08/04/26, 21:47:30:036] info: Aug-04 21:47:30.035 [SERVICE-WORKER] putting asset in cache https://a.slack-edge.com/bv1-13-br/gantry-v2-async-client-explore-paid-feature-productivity-img-en-US.014d93dffdb06c63.min.js 
{
  "versionId": 0
}
[08/04/26, 21:47:30:037] info: Aug-04 21:47:30.037 [SERVICE-WORKER] fetching asset https://a.slack-edge.com/bv1-13-br/gantry-v2-async-js_quip-src_parts_debug_model-browser-dialog-impl_tsx.f496db75c9f091c0.min.css 
{
  "versionId": 0
}
[08/04/26, 21:47:30:045] info: Aug-04 21:47:30.045 [SERVICE-WORKER] fetching asset https://a.slack-edge.com/bv1-13-br/gantry-v2-async-js_quip-src_parts_icons_document-color32_tsx.7a6edf227cb305dd.min.js 
{
  "versionId": 0
}
[08/04/26, 21:47:30:048] info: Aug-04 21:47:30.048 [SERVICE-WORKER] putting asset in cache https://a.slack-edge.com/bv1-13-br/gantry-v2-async-js_quip-src_parts_debug_model-browser-dialog-impl_tsx.f496db75c9f091c0.min.css 
{
  "versionId": 0
}
[08/04/26, 21:47:30:051] info: Aug-04 21:47:30.051 [SERVICE-WORKER] fetching asset https://a.slack-edge.com/bv1-13-br/gantry-v2-async-sui-attachment-blocks.b7b95e6cf04776cb.min.css 
{
  "versionId": 0
}
[08/04/26, 21:47:30:051] info: Aug-04 21:47:30.051 [SERVICE-WORKER] fetching asset https://a.slack-edge.com/bv1-13-br/gantry-v2-async-js_quip-src_parts_icons_spreadsheet-color24_tsx.de20c017f6b95a1e.min.js 
{
  "versionId": 0
}
[08/04/26, 21:47:30:056] info: Aug-04 21:47:30.056 [SERVICE-WORKER] putting asset in cache https://a.slack-edge.com/bv1-13-br/gantry-v2-async-js_quip-src_parts_icons_document-color32_tsx.7a6edf227cb305dd.min.js 
{
  "versionId": 0
}
[08/04/26, 21:47:30:057] info: Aug-04 21:47:30.057 [SERVICE-WORKER] fetching asset https://a.slack-edge.com/bv1-13-br/gantry-v2-async-client-agent-browser-agent-exchange-view.718bc072683334fa.min.js 
{
  "versionId": 0
}
[08/04/26, 21:47:30:061] info: Aug-04 21:47:30.060 [SERVICE-WORKER] putting asset in cache https://a.slack-edge.com/bv1-13-br/gantry-v2-async-sui-attachment-blocks.b7b95e6cf04776cb.min.css 
{
  "versionId": 0
}
[08/04/26, 21:47:30:063] info: Aug-04 21:47:30.062 [SERVICE-WORKER] putting asset in cache https://a.slack-edge.com/bv1-13-br/gantry-v2-async-js_quip-src_parts_icons_spreadsheet-color24_tsx.de20c017f6b95a1e.min.js 
{
  "versionId": 0
}
[08/04/26, 21:47:30:064] info: Aug-04 21:47:30.064 [SERVICE-WORKER] fetching asset https://a.slack-edge.com/bv1-13-br/gantry-v2-async-workflow-builder-page-integrations.d4f84c6a4befd20b.min.css 
{
  "versionId": 0
}
[08/04/26, 21:47:30:065] info: Aug-04 21:47:30.065 [SERVICE-WORKER] fetching asset https://a.slack-edge.com/bv1-13-br/gantry-v2-async-record-related-conversations-list-all-view.7cc630e4167a4f67.min.css 
{
  "versionId": 0
}
[08/04/26, 21:47:30:069] info: Aug-04 21:47:30.069 [SERVICE-WORKER] putting asset in cache https://a.slack-edge.com/bv1-13-br/gantry-v2-async-client-agent-browser-agent-exchange-view.718bc072683334fa.min.js 
{
  "versionId": 0
}
[08/04/26, 21:47:30:070] info: Aug-04 21:47:30.070 [SERVICE-WORKER] fetching asset https://a.slack-edge.com/bv1-13-br/gantry-v2-async-effect-renderer.6807af46ac45cd22.min.js 
{
  "versionId": 0
}
[08/04/26, 21:47:30:073] info: Aug-04 21:47:30.072 [SERVICE-WORKER] putting asset in cache https://a.slack-edge.com/bv1-13-br/gantry-v2-async-workflow-builder-page-integrations.d4f84c6a4befd20b.min.css 
{
  "versionId": 0
}
[08/04/26, 21:47:30:075] info: Aug-04 21:47:30.075 [SERVICE-WORKER] fetching asset https://a.slack-edge.com/bv1-13-br/gantry-v2-async-workflow-builder-page-url-error.367a00ab3d149a13.min.css 
{
  "versionId": 0
}
[08/04/26, 21:47:30:077] info: Aug-04 21:47:30.077 [SERVICE-WORKER] putting asset in cache https://a.slack-edge.com/bv1-13-br/gantry-v2-async-record-related-conversations-list-all-view.7cc630e4167a4f67.min.css 
{
  "versionId": 0
}
[08/04/26, 21:47:30:078] info: Aug-04 21:47:30.078 [SERVICE-WORKER] fetching asset https://a.slack-edge.com/bv1-13-br/gantry-v2-async-workflow-builder-boot-render.870d246248876112.min.js 
{
  "versionId": 0
}
[08/04/26, 21:47:30:080] info: Aug-04 21:47:30.080 [SERVICE-WORKER] putting asset in cache https://a.slack-edge.com/bv1-13-br/gantry-v2-async-effect-renderer.6807af46ac45cd22.min.js 
{
  "versionId": 0
}
[08/04/26, 21:47:30:086] info: Aug-04 21:47:30.086 [SERVICE-WORKER] putting asset in cache https://a.slack-edge.com/bv1-13-br/gantry-v2-async-workflow-builder-page-url-error.367a00ab3d149a13.min.css 
{
  "versionId": 0
}
[08/04/26, 21:47:30:088] info: Aug-04 21:47:30.087 [SERVICE-WORKER] putting asset in cache https://a.slack-edge.com/bv1-13-br/gantry-v2-async-workflow-builder-boot-render.870d246248876112.min.js 
{
  "versionId": 0
}
[08/04/26, 21:47:30:088] info: Aug-04 21:47:30.088 [SERVICE-WORKER] fetching asset https://a.slack-edge.com/bv1-13-br/gantry-v2-async-workflow-builder-segment-form-webhook.984987d6b27349dd.min.js 
{
  "versionId": 0
}
[08/04/26, 21:47:30:091] info: Aug-04 21:47:30.091 [SERVICE-WORKER] fetching asset https://a.slack-edge.com/bv1-13-br/gantry-v2-async-client-explore-paid-feature-ai-hero-en-US.753c7147df3f13c3.min.js 
{
  "versionId": 0
}
[08/04/26, 21:47:30:099] info: Aug-04 21:47:30.099 [SERVICE-WORKER] putting asset in cache https://a.slack-edge.com/bv1-13-br/gantry-v2-async-workflow-builder-segment-form-webhook.984987d6b27349dd.min.js 
{
  "versionId": 0
}
[08/04/26, 21:47:30:100] info: Aug-04 21:47:30.100 [SERVICE-WORKER] putting asset in cache https://a.slack-edge.com/bv1-13-br/gantry-v2-async-client-explore-paid-feature-ai-hero-en-US.753c7147df3f13c3.min.js 
{
  "versionId": 0
}
[08/04/26, 21:47:30:101] info: Aug-04 21:47:30.101 [SERVICE-WORKER] fetching asset https://a.slack-edge.com/bv1-13-br/gantry-v2-async-persona-yes-and-artist.9559923b75cb2b26.min.js 
{
  "versionId": 0
}
[08/04/26, 21:47:30:102] info: Aug-04 21:47:30.102 [SERVICE-WORKER] fetching asset https://a.slack-edge.com/bv1-13-br/gantry-v2-async-skill-share-consent-modal.efba4e5225abeac2.min.css 
{
  "versionId": 0
}
[08/04/26, 21:47:30:114] info: Aug-04 21:47:30.113 [SERVICE-WORKER] putting asset in cache https://a.slack-edge.com/bv1-13-br/gantry-v2-async-persona-yes-and-artist.9559923b75cb2b26.min.js 
{
  "versionId": 0
}
[08/04/26, 21:47:30:114] info: Aug-04 21:47:30.114 [SERVICE-WORKER] putting asset in cache https://a.slack-edge.com/bv1-13-br/gantry-v2-async-skill-share-consent-modal.efba4e5225abeac2.min.css 
{
  "versionId": 0
}
[08/04/26, 21:47:30:115] info: Aug-04 21:47:30.115 [SERVICE-WORKER] fetching asset https://a.slack-edge.com/bv1-13-br/gantry-v2-async-persona-card-knowledge-bank.bbe4bf20dd83af53.min.js 
{
  "versionId": 0
}
[08/04/26, 21:47:30:117] info: Aug-04 21:47:30.117 [SERVICE-WORKER] fetching asset https://a.slack-edge.com/bv1-13-br/gantry-v2-async-slides-effect-hearts.618bc35dc823f93f.min.js 
{
  "versionId": 0
}
[08/04/26, 21:47:30:126] info: Aug-04 21:47:30.126 [SERVICE-WORKER] putting asset in cache https://a.slack-edge.com/bv1-13-br/gantry-v2-async-persona-card-knowledge-bank.bbe4bf20dd83af53.min.js 
{
  "versionId": 0
}
[08/04/26, 21:47:30:127] info: Aug-04 21:47:30.126 [SERVICE-WORKER] putting asset in cache https://a.slack-edge.com/bv1-13-br/gantry-v2-async-slides-effect-hearts.618bc35dc823f93f.min.js 
{
  "versionId": 0
}
[08/04/26, 21:47:30:129] info: Aug-04 21:47:30.128 [SERVICE-WORKER] fetching asset https://a.slack-edge.com/bv1-13-br/gantry-v2-async-slides-data-viz.ea4f5cd24bb90024.min.css 
{
  "versionId": 0
}
[08/04/26, 21:47:30:131] info: Aug-04 21:47:30.130 [SERVICE-WORKER] fetching asset https://a.slack-edge.com/bv1-13-br/gantry-v2-async-client-sales-home-list-view-browser.7ffdad05c86ef165.min.js 
{
  "versionId": 0
}
[08/04/26, 21:47:30:138] info: Aug-04 21:47:30.138 [SERVICE-WORKER] putting asset in cache https://a.slack-edge.com/bv1-13-br/gantry-v2-async-slides-data-viz.ea4f5cd24bb90024.min.css 
{
  "versionId": 0
}
[08/04/26, 21:47:30:140] info: Aug-04 21:47:30.140 [SERVICE-WORKER] putting asset in cache https://a.slack-edge.com/bv1-13-br/gantry-v2-async-client-sales-home-list-view-browser.7ffdad05c86ef165.min.js 
{
  "versionId": 0
}
[08/04/26, 21:47:30:141] info: Aug-04 21:47:30.140 [SERVICE-WORKER] fetching asset https://a.slack-edge.com/bv1-13-br/gantry-v2-async-slides-effect-rocket.cdc3c5015e775001.min.js 
{
  "versionId": 0
}
[08/04/26, 21:47:30:141] info: Aug-04 21:47:30.141 [SERVICE-WORKER] fetching asset https://a.slack-edge.com/bv1-13-br/gantry-v2-async-client-boot-deferred.ce66bab667566506.min.js 
{
  "versionId": 0
}
[08/04/26, 21:47:30:152] info: Aug-04 21:47:30.151 [SERVICE-WORKER] putting asset in cache https://a.slack-edge.com/bv1-13-br/gantry-v2-async-slides-effect-rocket.cdc3c5015e775001.min.js 
{
  "versionId": 0
}
[08/04/26, 21:47:30:152] info: Aug-04 21:47:30.152 [SERVICE-WORKER] putting asset in cache https://a.slack-edge.com/bv1-13-br/gantry-v2-async-client-boot-deferred.ce66bab667566506.min.js 
{
  "versionId": 0
}
[08/04/26, 21:47:30:161] info: Aug-04 21:47:30.161 [SERVICE-WORKER] fetching asset https://a.slack-edge.com/bv1-13-br/gantry-v2-async-table-preview-fullscreen-modal.ed9e1c7451c6da25.min.js 
{
  "versionId": 0
}
[08/04/26, 21:47:30:161] info: Aug-04 21:47:30.161 [SERVICE-WORKER] fetching asset https://a.slack-edge.com/bv1-13-br/gantry-v2-async-workflow-builder-page-workflow-list.603f1a265963bf0e.min.css 
{
  "versionId": 0
}
[08/04/26, 21:47:30:170] info: Aug-04 21:47:30.170 [SERVICE-WORKER] fetching asset https://a.slack-edge.com/bv1-13-br/gantry-v2-async-bubbles-full-screen.json.04fffd338b6513d6.min.js 
{
  "versionId": 0
}
[08/04/26, 21:47:30:172] info: Aug-04 21:47:30.172 [SERVICE-WORKER] putting asset in cache https://a.slack-edge.com/bv1-13-br/gantry-v2-async-table-preview-fullscreen-modal.ed9e1c7451c6da25.min.js 
{
  "versionId": 0
}
[08/04/26, 21:47:30:173] info: Aug-04 21:47:30.173 [SERVICE-WORKER] putting asset in cache https://a.slack-edge.com/bv1-13-br/gantry-v2-async-workflow-builder-page-workflow-list.603f1a265963bf0e.min.css 
{
  "versionId": 0
}
[08/04/26, 21:47:30:176] info: Aug-04 21:47:30.176 [SERVICE-WORKER] fetching asset https://a.slack-edge.com/bv1-13-br/gantry-v2-async-client-work-object.d48bbf7f42955dc4.min.css 
{
  "versionId": 0
}
[08/04/26, 21:47:30:177] info: Aug-04 21:47:30.177 [SERVICE-WORKER] fetching asset https://a.slack-edge.com/bv1-13-br/gantry-v2-async-slackbot-banner-darkmode-animation.ba21f2bcd9d3b045.min.js 
{
  "versionId": 0
}
[08/04/26, 21:47:30:179] info: Aug-04 21:47:30.179 [SERVICE-WORKER] putting asset in cache https://a.slack-edge.com/bv1-13-br/gantry-v2-async-bubbles-full-screen.json.04fffd338b6513d6.min.js 
{
  "versionId": 0
}
[08/04/26, 21:47:30:181] info: Aug-04 21:47:30.181 [SERVICE-WORKER] fetching asset https://a.slack-edge.com/bv1-13-br/gantry-v2-async-workflow-builder-template-selection-workflow.002927af1872e0f3.min.css 
{
  "versionId": 0
}
[08/04/26, 21:47:30:186] info: Aug-04 21:47:30.186 [SERVICE-WORKER] putting asset in cache https://a.slack-edge.com/bv1-13-br/gantry-v2-async-client-work-object.d48bbf7f42955dc4.min.css 
{
  "versionId": 0
}
[08/04/26, 21:47:30:187] info: Aug-04 21:47:30.186 [SERVICE-WORKER] putting asset in cache https://a.slack-edge.com/bv1-13-br/gantry-v2-async-slackbot-banner-darkmode-animation.ba21f2bcd9d3b045.min.js 
{
  "versionId": 0
}
[08/04/26, 21:47:30:188] info: Aug-04 21:47:30.188 [SERVICE-WORKER] fetching asset https://a.slack-edge.com/bv1-13-br/gantry-v2-async-markdown-it.3b0eadeed6d132f8.min.js 
{
  "versionId": 0
}
[08/04/26, 21:47:30:191] info: Aug-04 21:47:30.191 [SERVICE-WORKER] putting asset in cache https://a.slack-edge.com/bv1-13-br/gantry-v2-async-workflow-builder-template-selection-workflow.002927af1872e0f3.min.css 
{
  "versionId": 0
}
[08/04/26, 21:47:30:203] info: Aug-04 21:47:30.202 [SERVICE-WORKER] fetching asset https://a.slack-edge.com/bv1-13-br/gantry-v2-async-external-connections-sidebar-view.464608a8c060e50a.min.js 
{
  "versionId": 0
}
[08/04/26, 21:47:30:205] info: Aug-04 21:47:30.205 [SERVICE-WORKER] putting asset in cache https://a.slack-edge.com/bv1-13-br/gantry-v2-async-markdown-it.3b0eadeed6d132f8.min.js 
{
  "versionId": 0
}
[08/04/26, 21:47:30:212] info: Aug-04 21:47:30.212 [SERVICE-WORKER] putting asset in cache https://a.slack-edge.com/bv1-13-br/gantry-v2-async-external-connections-sidebar-view.464608a8c060e50a.min.js 
{
  "versionId": 0
}
[08/04/26, 21:47:30:214] info: Aug-04 21:47:30.214 [SERVICE-WORKER] fetching asset https://a.slack-edge.com/bv1-13-br/gantry-v2-async-client-agent-browser-my-agents-view.64a8ddbb2aad7299.min.js 
{
  "versionId": 0
}
[08/04/26, 21:47:30:226] info: Aug-04 21:47:30.225 [SERVICE-WORKER] putting asset in cache https://a.slack-edge.com/bv1-13-br/gantry-v2-async-client-agent-browser-my-agents-view.64a8ddbb2aad7299.min.js 
{
  "versionId": 0
}
[08/04/26, 21:47:30:242] info: Aug-04 21:47:30.237 [SERVICE-WORKER] fetching asset https://a.slack-edge.com/bv1-13-br/gantry-v2-async-client-sidekicks-view.e7a3e29f109caff8.min.js 
{
  "versionId": 0
}
[08/04/26, 21:47:30:245] info: Aug-04 21:47:30.238 [SERVICE-WORKER] fetching asset https://a.slack-edge.com/bv1-13-br/gantry-v2-async-client-explore-paid-feature-critical-apps-img-en-US.4702173b5555a6b3.min.js 
{
  "versionId": 0
}
[08/04/26, 21:47:30:245] info: Aug-04 21:47:30.244 [SERVICE-WORKER] fetching asset https://a.slack-edge.com/bv1-13-br/gantry-v2-async-workflow-builder-page-workflow-deleted.7aa6f2043f209784.min.css 
{
  "versionId": 0
}
[08/04/26, 21:47:30:253] info: Aug-04 21:47:30.253 [SERVICE-WORKER] putting asset in cache https://a.slack-edge.com/bv1-13-br/gantry-v2-async-client-sidekicks-view.e7a3e29f109caff8.min.js 
{
  "versionId": 0
}
[08/04/26, 21:47:30:254] info: Aug-04 21:47:30.254 [SERVICE-WORKER] putting asset in cache https://a.slack-edge.com/bv1-13-br/gantry-v2-async-client-explore-paid-feature-critical-apps-img-en-US.4702173b5555a6b3.min.js 
{
  "versionId": 0
}
[08/04/26, 21:47:30:255] info: Aug-04 21:47:30.255 [SERVICE-WORKER] fetching asset https://a.slack-edge.com/bv1-13-br/slack-kit-gantry-v2-styles.6cc0571e2ca65b01.min.css 
{
  "versionId": 0
}
[08/04/26, 21:47:30:255] info: Aug-04 21:47:30.255 [SERVICE-WORKER] fetching asset https://a.slack-edge.com/bv1-13-br/gantry-v2-async-hls.js.343bf4176eca94ef.min.js 
{
  "versionId": 0
}
[08/04/26, 21:47:30:260] info: Aug-04 21:47:30.260 [SERVICE-WORKER] putting asset in cache https://a.slack-edge.com/bv1-13-br/gantry-v2-async-workflow-builder-page-workflow-deleted.7aa6f2043f209784.min.css 
{
  "versionId": 0
}
[08/04/26, 21:47:30:262] info: Aug-04 21:47:30.262 [SERVICE-WORKER] fetching asset https://a.slack-edge.com/bv1-13-br/gantry-v2-async-sales-tracker-slackbot-zero-state.2e034fdd78dc29b7.min.js 
{
  "versionId": 0
}
[08/04/26, 21:47:30:268] info: Aug-04 21:47:30.268 [SERVICE-WORKER] putting asset in cache https://a.slack-edge.com/bv1-13-br/slack-kit-gantry-v2-styles.6cc0571e2ca65b01.min.css 
{
  "versionId": 0
}
[08/04/26, 21:47:30:269] info: Aug-04 21:47:30.269 [SERVICE-WORKER] putting asset in cache https://a.slack-edge.com/bv1-13-br/gantry-v2-async-hls.js.343bf4176eca94ef.min.js 
{
  "versionId": 0
}
[08/04/26, 21:47:30:274] info: Aug-04 21:47:30.274 [SERVICE-WORKER] putting asset in cache https://a.slack-edge.com/bv1-13-br/gantry-v2-async-sales-tracker-slackbot-zero-state.2e034fdd78dc29b7.min.js 
{
  "versionId": 0
}
[08/04/26, 21:47:30:275] info: Aug-04 21:47:30.275 [SERVICE-WORKER] fetching asset https://a.slack-edge.com/bv1-13-br/workflow-builder-boot-styles.4acadff740da32de.min.css 
{
  "versionId": 0
}
[08/04/26, 21:47:30:281] info: Aug-04 21:47:30.281 [SERVICE-WORKER] fetching asset https://a.slack-edge.com/bv1-13-br/gantry-v2-async-activity-system-notification-view.5ea80ddcd5c58a20.min.js 
{
  "versionId": 0
}
[08/04/26, 21:47:30:286] info: Aug-04 21:47:30.286 [SERVICE-WORKER] putting asset in cache https://a.slack-edge.com/bv1-13-br/workflow-builder-boot-styles.4acadff740da32de.min.css 
{
  "versionId": 0
}
[08/04/26, 21:47:30:301] info: Aug-04 21:47:30.301 [SERVICE-WORKER] putting asset in cache https://a.slack-edge.com/bv1-13-br/gantry-v2-async-activity-system-notification-view.5ea80ddcd5c58a20.min.js 
{
  "versionId": 0
}
[08/04/26, 21:47:30:303] info: Aug-04 21:47:30.303 [SERVICE-WORKER] fetching asset https://a.slack-edge.com/bv1-13-br/gantry-v2-async-client-day-picker-nux-banner.345a01e099514bb2.min.js 
{
  "versionId": 0
}
[08/04/26, 21:47:30:309] info: Aug-04 21:47:30.309 [SERVICE-WORKER] fetching asset https://a.slack-edge.com/bv1-13-br/gantry-v2-async-client-huddle-invite-preview-view.62ee26b2bf0ae031.min.js 
{
  "versionId": 0
}
[08/04/26, 21:47:30:314] info: Aug-04 21:47:30.314 [SERVICE-WORKER] putting asset in cache https://a.slack-edge.com/bv1-13-br/gantry-v2-async-client-day-picker-nux-banner.345a01e099514bb2.min.js 
{
  "versionId": 0
}
[08/04/26, 21:47:30:317] info: Aug-04 21:47:30.317 [SERVICE-WORKER] fetching asset https://a.slack-edge.com/bv1-13-br/gantry-v2-async-amazon-chime-sdk-js-experimental.d974e1f70f5d9baf.min.js 
{
  "versionId": 0
}
[08/04/26, 21:47:30:318] info: Aug-04 21:47:30.318 [SERVICE-WORKER] putting asset in cache https://a.slack-edge.com/bv1-13-br/gantry-v2-async-client-huddle-invite-preview-view.62ee26b2bf0ae031.min.js 
{
  "versionId": 0
}
[08/04/26, 21:47:30:319] info: Aug-04 21:47:30.319 [SERVICE-WORKER] fetching asset https://a.slack-edge.com/bv1-13-br/client-boot.856b6b71164d680d.min.js 
{
  "versionId": 0
}
[08/04/26, 21:47:30:329] info: Aug-04 21:47:30.329 [SERVICE-WORKER] putting asset in cache https://a.slack-edge.com/bv1-13-br/gantry-v2-async-amazon-chime-sdk-js-experimental.d974e1f70f5d9baf.min.js 
{
  "versionId": 0
}
[08/04/26, 21:47:30:330] info: Aug-04 21:47:30.330 [SERVICE-WORKER] putting asset in cache https://a.slack-edge.com/bv1-13-br/client-boot.856b6b71164d680d.min.js 
{
  "versionId": 0
}
[08/04/26, 21:47:30:457] info: Aug-04 21:47:30.457 [SERVICE-WORKER] fetching asset https://a.slack-edge.com/bv1-13-br/gantry-v2-async-client-ai-workspace-canvas-banner.0cc0cfc446dfc631.min.js 
{
  "versionId": 0
}
[08/04/26, 21:47:30:468] info: Aug-04 21:47:30.468 [SERVICE-WORKER] putting asset in cache https://a.slack-edge.com/bv1-13-br/gantry-v2-async-client-ai-workspace-canvas-banner.0cc0cfc446dfc631.min.js 
{
  "versionId": 0
}
[08/04/26, 21:47:30:469] info: Aug-04 21:47:30.469 [SERVICE-WORKER] fetching asset https://a.slack-edge.com/bv1-13-br/gantry-v2-async-client-slackbot-ai-today-view.150804c37ccc7fba.min.js 
{
  "versionId": 0
}
[08/04/26, 21:47:30:480] info: Aug-04 21:47:30.479 [SERVICE-WORKER] putting asset in cache https://a.slack-edge.com/bv1-13-br/gantry-v2-async-client-slackbot-ai-today-view.150804c37ccc7fba.min.js 
{
  "versionId": 0
}
[08/04/26, 21:47:30:482] info: Aug-04 21:47:30.482 [SERVICE-WORKER] fetching asset https://a.slack-edge.com/bv1-13-br/gantry-v2-async-ms-docx-preview.c6482afbd4fbf1e5.min.css 
{
  "versionId": 0
}
[08/04/26, 21:47:30:492] info: Aug-04 21:47:30.491 [SERVICE-WORKER] putting asset in cache https://a.slack-edge.com/bv1-13-br/gantry-v2-async-ms-docx-preview.c6482afbd4fbf1e5.min.css 
{
  "versionId": 0
}
[08/04/26, 21:47:30:494] info: Aug-04 21:47:30.494 [SERVICE-WORKER] fetching asset https://a.slack-edge.com/bv1-13-br/gantry-v2-async-client-help-article-browser-view.b133485b00c4a393.min.js 
{
  "versionId": 0
}
[08/04/26, 21:47:30:506] info: Aug-04 21:47:30.506 [SERVICE-WORKER] putting asset in cache https://a.slack-edge.com/bv1-13-br/gantry-v2-async-client-help-article-browser-view.b133485b00c4a393.min.js 
{
  "versionId": 0
}
[08/04/26, 21:47:30:508] info: Aug-04 21:47:30.508 [SERVICE-WORKER] fetching asset https://a.slack-edge.com/bv1-13-br/GoogleSansFlex_24pt-Bold-01e2221.woff2 
{
  "versionId": 0
}
[08/04/26, 21:47:30:524] info: Aug-04 21:47:30.523 [SERVICE-WORKER] putting asset in cache https://a.slack-edge.com/bv1-13-br/GoogleSansFlex_24pt-Bold-01e2221.woff2 
{
  "versionId": 0
}
[08/04/26, 21:47:30:552] info: Aug-04 21:47:30.552 [SERVICE-WORKER] fetching asset https://a.slack-edge.com/bv1-13-br/gantry-v2-async-trick-or-treat.json.23e1e1bc49cb3697.min.js 
{
  "versionId": 0
}
[08/04/26, 21:47:30:563] info: Aug-04 21:47:30.563 [SERVICE-WORKER] putting asset in cache https://a.slack-edge.com/bv1-13-br/gantry-v2-async-trick-or-treat.json.23e1e1bc49cb3697.min.js 
{
  "versionId": 0
}
[08/04/26, 21:47:30:565] info: Aug-04 21:47:30.565 [SERVICE-WORKER] fetching asset https://a.slack-edge.com/bv1-13-br/gantry-v2-async-client-files-home-view.4aa45b947f62956a.min.js 
{
  "versionId": 0
}
[08/04/26, 21:47:30:578] info: Aug-04 21:47:30.578 [SERVICE-WORKER] putting asset in cache https://a.slack-edge.com/bv1-13-br/gantry-v2-async-client-files-home-view.4aa45b947f62956a.min.js 
{
  "versionId": 0
}
[08/04/26, 21:47:30:581] info: Aug-04 21:47:30.580 [SERVICE-WORKER] fetching asset https://a.slack-edge.com/bv1-13-br/gantry-v2-async-echarts-core.646ac799f7159a70.min.js 
{
  "versionId": 0
}
[08/04/26, 21:47:30:591] info: Aug-04 21:47:30.591 [SERVICE-WORKER] putting asset in cache https://a.slack-edge.com/bv1-13-br/gantry-v2-async-echarts-core.646ac799f7159a70.min.js 
{
  "versionId": 0
}
[08/04/26, 21:47:30:650] info: Aug-04 21:47:30.650 [SERVICE-WORKER] fetching asset https://a.slack-edge.com/bv1-13-br/gantry-v2-async-compare-plans-modal-pnp.12b2491aaa8a1ebd.min.css 
{
  "versionId": 0
}
[08/04/26, 21:47:30:659] info: Aug-04 21:47:30.659 [SERVICE-WORKER] fetching asset https://a.slack-edge.com/bv1-13-br/gantry-v2-async-block-kit-renderer.c2c0c2c6bc05d0bd.min.css 
{
  "versionId": 0
}
[08/04/26, 21:47:30:662] info: Aug-04 21:47:30.661 [SERVICE-WORKER] putting asset in cache https://a.slack-edge.com/bv1-13-br/gantry-v2-async-compare-plans-modal-pnp.12b2491aaa8a1ebd.min.css 
{
  "versionId": 0
}
[08/04/26, 21:47:30:663] info: Aug-04 21:47:30.663 [SERVICE-WORKER] fetching asset https://a.slack-edge.com/bv1-13-br/gantry-v2-async-client-assigned-tasks-view.1acdc91a340cf163.min.js 
{
  "versionId": 0
}
[08/04/26, 21:47:30:670] info: Aug-04 21:47:30.669 [SERVICE-WORKER] putting asset in cache https://a.slack-edge.com/bv1-13-br/gantry-v2-async-block-kit-renderer.c2c0c2c6bc05d0bd.min.css 
{
  "versionId": 0
}
[08/04/26, 21:47:30:675] info: Aug-04 21:47:30.675 [SERVICE-WORKER] putting asset in cache https://a.slack-edge.com/bv1-13-br/gantry-v2-async-client-assigned-tasks-view.1acdc91a340cf163.min.js 
{
  "versionId": 0
}
[08/04/26, 21:47:30:696] info: Aug-04 21:47:30.695 [SERVICE-WORKER] fetching asset https://a.slack-edge.com/bv1-13-br/gantry-v2-shared.448e8c18b4176649.min.js 
{
  "versionId": 0
}
[08/04/26, 21:47:30:700] info: Aug-04 21:47:30.700 [SERVICE-WORKER] fetching asset https://a.slack-edge.com/bv1-13-br/gantry-v2-async-client-bbm-workspace-switcher-view.9ab51b5ef3d2bc4b.min.js 
{
  "versionId": 0
}
[08/04/26, 21:47:30:709] info: Aug-04 21:47:30.709 [SERVICE-WORKER] putting asset in cache https://a.slack-edge.com/bv1-13-br/gantry-v2-shared.448e8c18b4176649.min.js 
{
  "versionId": 0
}
[08/04/26, 21:47:30:712] info: Aug-04 21:47:30.712 [SERVICE-WORKER] putting asset in cache https://a.slack-edge.com/bv1-13-br/gantry-v2-async-client-bbm-workspace-switcher-view.9ab51b5ef3d2bc4b.min.js 
{
  "versionId": 0
}
[08/04/26, 21:47:30:714] info: Aug-04 21:47:30.714 [SERVICE-WORKER] fetching asset https://a.slack-edge.com/bv1-13-br/gantry-v2-async-workflow-builder-page-workflow-list.acd707d398829e33.min.js 
{
  "versionId": 0
}
[08/04/26, 21:47:30:727] info: Aug-04 21:47:30.727 [SERVICE-WORKER] putting asset in cache https://a.slack-edge.com/bv1-13-br/gantry-v2-async-workflow-builder-page-workflow-list.acd707d398829e33.min.js 
{
  "versionId": 0
}
[08/04/26, 21:47:30:728] info: Aug-04 21:47:30.728 [SERVICE-WORKER] fetching asset https://a.slack-edge.com/bv1-13-br/gantry-v2-async-today-unreads-view.0828ce06144a0fce.min.js 
{
  "versionId": 0
}
[08/04/26, 21:47:30:741] info: Aug-04 21:47:30.740 [SERVICE-WORKER] putting asset in cache https://a.slack-edge.com/bv1-13-br/gantry-v2-async-today-unreads-view.0828ce06144a0fce.min.js 
{
  "versionId": 0
}
[08/04/26, 21:47:30:743] info: Aug-04 21:47:30.742 [SERVICE-WORKER] fetching asset https://a.slack-edge.com/bv1-13-br/gantry-v2-async-client-creator-guided-setup-canvas-banner.4d908b61e09fae9a.min.js 
{
  "versionId": 0
}
[08/04/26, 21:47:30:750] info: Aug-04 21:47:30.750 [SERVICE-WORKER] fetching asset https://a.slack-edge.com/bv1-13-br/gantry-v2-async-persona-gratitude-attitude.af24ce23755ae70e.min.js 
{
  "versionId": 0
}
[08/04/26, 21:47:30:754] info: Aug-04 21:47:30.753 [SERVICE-WORKER] putting asset in cache https://a.slack-edge.com/bv1-13-br/gantry-v2-async-client-creator-guided-setup-canvas-banner.4d908b61e09fae9a.min.js 
{
  "versionId": 0
}
[08/04/26, 21:47:30:762] info: Aug-04 21:47:30.762 [SERVICE-WORKER] putting asset in cache https://a.slack-edge.com/bv1-13-br/gantry-v2-async-persona-gratitude-attitude.af24ce23755ae70e.min.js 
{
  "versionId": 0
}
[08/04/26, 21:47:31:575] info: Aug-04 21:47:31.575 [SERVICE-WORKER] All files fetched and put in cache in 3831ms 
{
  "versionId": 0
}
[08/04/26, 21:47:39:745] info: Aug-04 21:47:39.745 [SERVICE-WORKER] responding from cache https://a.slack-edge.com/bv1-13-br/gantry-v2-async-client-help-browser-view.d66be0aebc39efe1.min.js 
{
  "versionId": 0
}
[08/04/26, 21:47:39:952] info: Aug-04 21:47:39.952 [SERVICE-WORKER] responding from cache https://a.slack-edge.com/bv1-13-br/gantry-v2-async-quip-collab.1a801e963ddb0cb1.min.js 
{
  "versionId": 0
}
[08/04/26, 21:47:40:561] info: Aug-04 21:47:40.561 [SERVICE-WORKER] responding with fetch https://a.slack-edge.com/canvas_blob/RxnEyllqIW_9mizf1vEgeA-module-loader 
{
  "versionId": 0
}
[08/04/26, 21:47:40:576] info: Aug-04 21:47:40.576 [SERVICE-WORKER] responding with fetch https://a.slack-edge.com/canvas_blob/RxnEyllqIW_9mizf1vEgeA-module-loader 
{
  "versionId": 0
}
[08/04/26, 21:47:40:580] info: Aug-04 21:47:40.579 [SERVICE-WORKER] responding with fetch https://a.slack-edge.com/canvas_blob/TwIey7se6mQ0_u3Pa4Mm9Q 
{
  "versionId": 0
}
[08/04/26, 21:47:40:687] info: Aug-04 21:47:40.687 [SERVICE-WORKER] responding with fetch https://a.slack-edge.com/canvas_blob/TwIey7se6mQ0_u3Pa4Mm9Q 
{
  "versionId": 0
}
[08/04/26, 21:47:40:719] info: Aug-04 21:47:40.719 [SERVICE-WORKER] responding with fetch https://a.slack-edge.com/canvas_blob/muZsSbKG81HRHlsYagjSlg-ancillary 
{
  "versionId": 0
}
[08/04/26, 21:47:40:821] info: Aug-04 21:47:40.821 [SERVICE-WORKER] responding with fetch https://a.slack-edge.com/canvas_blob/zu8N7bpmeEk-PCuY7SrT5Q 
{
  "versionId": 0
}
[08/04/26, 21:47:40:839] info: Aug-04 21:47:40.839 [SERVICE-WORKER] fetching asset //a.slack-edge.com/canvas_blob/vIxJDX5kaIEah2oF_sJ3lg-chunk 
{
  "versionId": 0
}
[08/04/26, 21:47:40:839] info: Aug-04 21:47:40.839 [SERVICE-WORKER] fetching asset //a.slack-edge.com/canvas_blob/muZsSbKG81HRHlsYagjSlg-ancillary 
{
  "versionId": 0
}
[08/04/26, 21:47:40:840] info: Aug-04 21:47:40.839 [SERVICE-WORKER] fetching asset //a.slack-edge.com/canvas_blob/iuFng8_P8CbbHNx_hTq0HA-chunk 
{
  "versionId": 0
}
[08/04/26, 21:47:40:840] info: Aug-04 21:47:40.839 [SERVICE-WORKER] fetching asset //a.slack-edge.com/canvas_blob/-mA6J1nXgT8rdSkvlbbskQ-chunk 
{
  "versionId": 0
}
[08/04/26, 21:47:40:840] info: Aug-04 21:47:40.840 [SERVICE-WORKER] responding with fetch https://a.slack-edge.com/canvas_blob/vIxJDX5kaIEah2oF_sJ3lg-chunk 
{
  "versionId": 0
}
[08/04/26, 21:47:40:841] info: Aug-04 21:47:40.841 [SERVICE-WORKER] putting asset in cache //a.slack-edge.com/canvas_blob/muZsSbKG81HRHlsYagjSlg-ancillary 
{
  "versionId": 0
}
[08/04/26, 21:47:40:843] info: Aug-04 21:47:40.843 [SERVICE-WORKER] fetching asset //a.slack-edge.com/canvas_blob/WK922oFh1Z9lGQaoi7VFmA-chunk 
{
  "versionId": 0
}
[08/04/26, 21:47:40:853] info: Aug-04 21:47:40.853 [SERVICE-WORKER] putting asset in cache //a.slack-edge.com/canvas_blob/vIxJDX5kaIEah2oF_sJ3lg-chunk 
{
  "versionId": 0
}
[08/04/26, 21:47:40:855] info: Aug-04 21:47:40.854 [SERVICE-WORKER] putting asset in cache //a.slack-edge.com/canvas_blob/-mA6J1nXgT8rdSkvlbbskQ-chunk 
{
  "versionId": 0
}
[08/04/26, 21:47:40:855] info: Aug-04 21:47:40.855 [SERVICE-WORKER] fetching asset //a.slack-edge.com/canvas_blob/Zp06lOhV4abpHQVhehwRVA-chunk 
{
  "versionId": 0
}
[08/04/26, 21:47:40:856] info: Aug-04 21:47:40.856 [SERVICE-WORKER] putting asset in cache //a.slack-edge.com/canvas_blob/iuFng8_P8CbbHNx_hTq0HA-chunk 
{
  "versionId": 0
}
[08/04/26, 21:47:40:856] info: Aug-04 21:47:40.856 [SERVICE-WORKER] fetching asset //a.slack-edge.com/canvas_blob/odI_HyIYFqV3OhKiKm4LEg-chunk 
{
  "versionId": 0
}
[08/04/26, 21:47:40:860] info: Aug-04 21:47:40.860 [SERVICE-WORKER] putting asset in cache //a.slack-edge.com/canvas_blob/WK922oFh1Z9lGQaoi7VFmA-chunk 
{
  "versionId": 0
}
[08/04/26, 21:47:40:862] info: Aug-04 21:47:40.861 [SERVICE-WORKER] fetching asset //a.slack-edge.com/canvas_blob/ubxbnQL1PgPl7h5klGZdfw-chunk 
{
  "versionId": 0
}
[08/04/26, 21:47:40:870] info: Aug-04 21:47:40.870 [SERVICE-WORKER] putting asset in cache //a.slack-edge.com/canvas_blob/Zp06lOhV4abpHQVhehwRVA-chunk 
{
  "versionId": 0
}
[08/04/26, 21:47:40:872] info: Aug-04 21:47:40.872 [SERVICE-WORKER] putting asset in cache //a.slack-edge.com/canvas_blob/odI_HyIYFqV3OhKiKm4LEg-chunk 
{
  "versionId": 0
}
[08/04/26, 21:47:40:872] info: Aug-04 21:47:40.872 [SERVICE-WORKER] fetching asset //a.slack-edge.com/canvas_blob/VWB0xYSGq5C7qhSF4YMwLA-chunk 
{
  "versionId": 0
}
[08/04/26, 21:47:40:873] info: Aug-04 21:47:40.873 [SERVICE-WORKER] fetching asset //a.slack-edge.com/canvas_blob/2iNefwMZPipwn2TAU9WIig-chunk 
{
  "versionId": 0
}
[08/04/26, 21:47:40:876] info: Aug-04 21:47:40.876 [SERVICE-WORKER] putting asset in cache //a.slack-edge.com/canvas_blob/ubxbnQL1PgPl7h5klGZdfw-chunk 
{
  "versionId": 0
}
[08/04/26, 21:47:40:877] info: Aug-04 21:47:40.877 [SERVICE-WORKER] fetching asset //a.slack-edge.com/canvas_blob/il7TI7icZ-ZnPHDA4xkdIQ-chunk 
{
  "versionId": 0
}
[08/04/26, 21:47:40:886] info: Aug-04 21:47:40.886 [SERVICE-WORKER] putting asset in cache //a.slack-edge.com/canvas_blob/VWB0xYSGq5C7qhSF4YMwLA-chunk 
{
  "versionId": 0
}
[08/04/26, 21:47:40:887] info: Aug-04 21:47:40.887 [SERVICE-WORKER] fetching asset //a.slack-edge.com/canvas_blob/bOU5shGSQ4n9vOM_Z4OjHg-chunk 
{
  "versionId": 0
}
[08/04/26, 21:47:40:893] info: Aug-04 21:47:40.893 [SERVICE-WORKER] putting asset in cache //a.slack-edge.com/canvas_blob/2iNefwMZPipwn2TAU9WIig-chunk 
{
  "versionId": 0
}
[08/04/26, 21:47:40:894] info: Aug-04 21:47:40.894 [SERVICE-WORKER] fetching asset //a.slack-edge.com/canvas_blob/JUc62Ghwfb0ltdTpdxJxEA-chunk 
{
  "versionId": 0
}
[08/04/26, 21:47:40:895] info: Aug-04 21:47:40.895 [SERVICE-WORKER] putting asset in cache //a.slack-edge.com/canvas_blob/il7TI7icZ-ZnPHDA4xkdIQ-chunk 
{
  "versionId": 0
}
[08/04/26, 21:47:40:896] info: Aug-04 21:47:40.896 [SERVICE-WORKER] fetching asset //a.slack-edge.com/canvas_blob/K190eTlcNahn18eCoU_t6Q-chunk 
{
  "versionId": 0
}
[08/04/26, 21:47:40:913] info: Aug-04 21:47:40.913 [SERVICE-WORKER] putting asset in cache //a.slack-edge.com/canvas_blob/bOU5shGSQ4n9vOM_Z4OjHg-chunk 
{
  "versionId": 0
}
[08/04/26, 21:47:40:915] info: Aug-04 21:47:40.915 [SERVICE-WORKER] putting asset in cache //a.slack-edge.com/canvas_blob/JUc62Ghwfb0ltdTpdxJxEA-chunk 
{
  "versionId": 0
}
[08/04/26, 21:47:40:915] info: Aug-04 21:47:40.915 [SERVICE-WORKER] putting asset in cache //a.slack-edge.com/canvas_blob/K190eTlcNahn18eCoU_t6Q-chunk 
{
  "versionId": 0
}
[08/04/26, 21:47:40:918] info: Aug-04 21:47:40.918 [SERVICE-WORKER] fetching asset //a.slack-edge.com/canvas_blob/bSkqUXf2d-q3xFH_RRRcMg-chunk 
{
  "versionId": 0
}
[08/04/26, 21:47:40:918] info: Aug-04 21:47:40.918 [SERVICE-WORKER] fetching asset //a.slack-edge.com/canvas_blob/e6ADRPKwtrR5PIlU8HS0gw-chunk 
{
  "versionId": 0
}
[08/04/26, 21:47:40:918] info: Aug-04 21:47:40.918 [SERVICE-WORKER] fetching asset //a.slack-edge.com/canvas_blob/5HMmV34NW28OXy1PE6Rifg-chunk 
{
  "versionId": 0
}
[08/04/26, 21:47:40:925] info: Aug-04 21:47:40.925 [SERVICE-WORKER] responding from cache https://a.slack-edge.com/canvas_blob/iuFng8_P8CbbHNx_hTq0HA-chunk 
{
  "versionId": 0
}
[08/04/26, 21:47:40:944] info: Aug-04 21:47:40.943 [SERVICE-WORKER] putting asset in cache //a.slack-edge.com/canvas_blob/bSkqUXf2d-q3xFH_RRRcMg-chunk 
{
  "versionId": 0
}
[08/04/26, 21:47:40:944] info: Aug-04 21:47:40.944 [SERVICE-WORKER] putting asset in cache //a.slack-edge.com/canvas_blob/5HMmV34NW28OXy1PE6Rifg-chunk 
{
  "versionId": 0
}
[08/04/26, 21:47:40:955] info: Aug-04 21:47:40.954 [SERVICE-WORKER] putting asset in cache //a.slack-edge.com/canvas_blob/e6ADRPKwtrR5PIlU8HS0gw-chunk 
{
  "versionId": 0
}
[08/04/26, 21:47:40:956] info: Aug-04 21:47:40.955 [SERVICE-WORKER] fetching asset //a.slack-edge.com/canvas_blob/7U6VMwz2CFIR6edtAi3qAQ-chunk 
{
  "versionId": 0
}
[08/04/26, 21:47:40:956] info: Aug-04 21:47:40.956 [SERVICE-WORKER] fetching asset //a.slack-edge.com/canvas_blob/i1ibxwBq8I5qQ5tY4LntRg-chunk 
{
  "versionId": 0
}
[08/04/26, 21:47:40:956] info: Aug-04 21:47:40.956 [SERVICE-WORKER] fetching asset //a.slack-edge.com/canvas_blob/HysHt6clybryfOG4dEe4lg-chunk 
{
  "versionId": 0
}
[08/04/26, 21:47:40:966] info: Aug-04 21:47:40.966 [SERVICE-WORKER] putting asset in cache //a.slack-edge.com/canvas_blob/7U6VMwz2CFIR6edtAi3qAQ-chunk 
{
  "versionId": 0
}
[08/04/26, 21:47:40:967] info: Aug-04 21:47:40.967 [SERVICE-WORKER] fetching asset //a.slack-edge.com/canvas_blob/08Yzz77u5nfjRr-QUn4JvA-chunk 
{
  "versionId": 0
}
[08/04/26, 21:47:40:969] info: Aug-04 21:47:40.969 [SERVICE-WORKER] putting asset in cache //a.slack-edge.com/canvas_blob/i1ibxwBq8I5qQ5tY4LntRg-chunk 
{
  "versionId": 0
}
[08/04/26, 21:47:40:969] info: Aug-04 21:47:40.969 [SERVICE-WORKER] putting asset in cache //a.slack-edge.com/canvas_blob/HysHt6clybryfOG4dEe4lg-chunk 
{
  "versionId": 0
}
[08/04/26, 21:47:40:971] info: Aug-04 21:47:40.971 [SERVICE-WORKER] fetching asset //a.slack-edge.com/canvas_blob/2mP5c8SOjeU2ytRq6A-K3A-chunk 
{
  "versionId": 0
}
[08/04/26, 21:47:40:971] info: Aug-04 21:47:40.971 [SERVICE-WORKER] fetching asset //a.slack-edge.com/canvas_blob/qnBl_C33a4AhWL99DuPmSA-chunk 
{
  "versionId": 0
}
[08/04/26, 21:47:40:981] info: Aug-04 21:47:40.981 [SERVICE-WORKER] putting asset in cache //a.slack-edge.com/canvas_blob/08Yzz77u5nfjRr-QUn4JvA-chunk 
{
  "versionId": 0
}
[08/04/26, 21:47:40:984] info: Aug-04 21:47:40.983 [SERVICE-WORKER] fetching asset //a.slack-edge.com/canvas_blob/3j6pKD8W8gjP0OXX8rFGng-chunk 
{
  "versionId": 0
}
[08/04/26, 21:47:40:985] info: Aug-04 21:47:40.985 [SERVICE-WORKER] putting asset in cache //a.slack-edge.com/canvas_blob/qnBl_C33a4AhWL99DuPmSA-chunk 
{
  "versionId": 0
}
[08/04/26, 21:47:40:986] info: Aug-04 21:47:40.986 [SERVICE-WORKER] putting asset in cache //a.slack-edge.com/canvas_blob/2mP5c8SOjeU2ytRq6A-K3A-chunk 
{
  "versionId": 0
}
[08/04/26, 21:47:40:988] info: Aug-04 21:47:40.988 [SERVICE-WORKER] fetching asset //a.slack-edge.com/canvas_blob/kc76ZliYY0Kl2uw3ZWX8Yg-chunk 
{
  "versionId": 0
}
[08/04/26, 21:47:40:988] info: Aug-04 21:47:40.988 [SERVICE-WORKER] fetching asset //a.slack-edge.com/canvas_blob/tsmBDwweWRy3rzzW2k2b6Q-chunk 
{
  "versionId": 0
}
[08/04/26, 21:47:40:997] info: Aug-04 21:47:40.997 [SERVICE-WORKER] putting asset in cache //a.slack-edge.com/canvas_blob/3j6pKD8W8gjP0OXX8rFGng-chunk 
{
  "versionId": 0
}
[08/04/26, 21:47:40:998] info: Aug-04 21:47:40.998 [SERVICE-WORKER] fetching asset //a.slack-edge.com/canvas_blob/87KmX7byDKxkjDGGOx1_kg-chunk 
{
  "versionId": 0
}
[08/04/26, 21:47:41:002] info: Aug-04 21:47:41.001 [SERVICE-WORKER] putting asset in cache //a.slack-edge.com/canvas_blob/kc76ZliYY0Kl2uw3ZWX8Yg-chunk 
{
  "versionId": 0
}
[08/04/26, 21:47:41:003] info: Aug-04 21:47:41.003 [SERVICE-WORKER] putting asset in cache //a.slack-edge.com/canvas_blob/tsmBDwweWRy3rzzW2k2b6Q-chunk 
{
  "versionId": 0
}
[08/04/26, 21:47:41:004] info: Aug-04 21:47:41.004 [SERVICE-WORKER] fetching asset //a.slack-edge.com/canvas_blob/jf0kO8Ta0nA7fVs0TQmZWA-chunk 
{
  "versionId": 0
}
[08/04/26, 21:47:41:005] info: Aug-04 21:47:41.004 [SERVICE-WORKER] fetching asset //a.slack-edge.com/canvas_blob/ua_oc_toG9ZYWqyIa4X84w-chunk 
{
  "versionId": 0
}
[08/04/26, 21:47:41:014] info: Aug-04 21:47:41.014 [SERVICE-WORKER] putting asset in cache //a.slack-edge.com/canvas_blob/87KmX7byDKxkjDGGOx1_kg-chunk 
{
  "versionId": 0
}
[08/04/26, 21:47:41:016] info: Aug-04 21:47:41.015 [SERVICE-WORKER] fetching asset //a.slack-edge.com/canvas_blob/P2G3TBxp-S7LiAZeOC0doQ-chunk 
{
  "versionId": 0
}
[08/04/26, 21:47:41:019] info: Aug-04 21:47:41.019 [SERVICE-WORKER] putting asset in cache //a.slack-edge.com/canvas_blob/jf0kO8Ta0nA7fVs0TQmZWA-chunk 
{
  "versionId": 0
}
[08/04/26, 21:47:41:021] info: Aug-04 21:47:41.020 [SERVICE-WORKER] putting asset in cache //a.slack-edge.com/canvas_blob/ua_oc_toG9ZYWqyIa4X84w-chunk 
{
  "versionId": 0
}
[08/04/26, 21:47:41:022] info: Aug-04 21:47:41.022 [SERVICE-WORKER] fetching asset //a.slack-edge.com/canvas_blob/TkRcsAfluFA6x6qx_yTgTA-chunk 
{
  "versionId": 0
}
[08/04/26, 21:47:41:022] info: Aug-04 21:47:41.022 [SERVICE-WORKER] fetching asset //a.slack-edge.com/canvas_blob/bQryzP_zi397F7Yt3RdVEQ-chunk 
{
  "versionId": 0
}
[08/04/26, 21:47:41:029] info: Aug-04 21:47:41.028 [SERVICE-WORKER] putting asset in cache //a.slack-edge.com/canvas_blob/P2G3TBxp-S7LiAZeOC0doQ-chunk 
{
  "versionId": 0
}
[08/04/26, 21:47:41:030] info: Aug-04 21:47:41.030 [SERVICE-WORKER] fetching asset //a.slack-edge.com/canvas_blob/UlPfBPE7as8vomH4prd52w-chunk 
{
  "versionId": 0
}
[08/04/26, 21:47:41:037] info: Aug-04 21:47:41.037 [SERVICE-WORKER] putting asset in cache //a.slack-edge.com/canvas_blob/bQryzP_zi397F7Yt3RdVEQ-chunk 
{
  "versionId": 0
}
[08/04/26, 21:47:41:038] info: Aug-04 21:47:41.038 [SERVICE-WORKER] putting asset in cache //a.slack-edge.com/canvas_blob/TkRcsAfluFA6x6qx_yTgTA-chunk 
{
  "versionId": 0
}
[08/04/26, 21:47:41:039] info: Aug-04 21:47:41.039 [SERVICE-WORKER] fetching asset //a.slack-edge.com/canvas_blob/IbBq7GpShAZvezcZMipm5g-chunk 
{
  "versionId": 0
}
[08/04/26, 21:47:41:039] info: Aug-04 21:47:41.039 [SERVICE-WORKER] fetching asset //a.slack-edge.com/canvas_blob/3DeibBgQVL-bgWSCVYk3ww-chunk 
{
  "versionId": 0
}
[08/04/26, 21:47:41:045] info: Aug-04 21:47:41.045 [SERVICE-WORKER] putting asset in cache //a.slack-edge.com/canvas_blob/UlPfBPE7as8vomH4prd52w-chunk 
{
  "versionId": 0
}
[08/04/26, 21:47:41:049] info: Aug-04 21:47:41.049 [SERVICE-WORKER] fetching asset //a.slack-edge.com/canvas_blob/SUxc5zhX2CgPS2N44l6EPw-chunk 
{
  "versionId": 0
}
[08/04/26, 21:47:41:050] info: Aug-04 21:47:41.049 [SERVICE-WORKER] fetching asset //a.slack-edge.com/canvas_blob/H25h2ebfNtG7qVYgeTgWhg-chunk 
{
  "versionId": 0
}
[08/04/26, 21:47:41:051] info: Aug-04 21:47:41.051 [SERVICE-WORKER] putting asset in cache //a.slack-edge.com/canvas_blob/3DeibBgQVL-bgWSCVYk3ww-chunk 
{
  "versionId": 0
}
[08/04/26, 21:47:41:052] info: Aug-04 21:47:41.052 [SERVICE-WORKER] putting asset in cache //a.slack-edge.com/canvas_blob/IbBq7GpShAZvezcZMipm5g-chunk 
{
  "versionId": 0
}
[08/04/26, 21:47:41:053] info: Aug-04 21:47:41.053 [SERVICE-WORKER] fetching asset //a.slack-edge.com/canvas_blob/gkQdwCzs-8DMn2FiJN9wQw-chunk 
{
  "versionId": 0
}
[08/04/26, 21:47:41:054] info: Aug-04 21:47:41.054 [SERVICE-WORKER] fetching asset //a.slack-edge.com/canvas_blob/eVnE0rwTfbNwb86C3bifig-chunk 
{
  "versionId": 0
}
[08/04/26, 21:47:41:063] info: Aug-04 21:47:41.063 [SERVICE-WORKER] putting asset in cache //a.slack-edge.com/canvas_blob/SUxc5zhX2CgPS2N44l6EPw-chunk 
{
  "versionId": 0
}
[08/04/26, 21:47:41:064] info: Aug-04 21:47:41.064 [SERVICE-WORKER] putting asset in cache //a.slack-edge.com/canvas_blob/H25h2ebfNtG7qVYgeTgWhg-chunk 
{
  "versionId": 0
}
[08/04/26, 21:47:41:065] info: Aug-04 21:47:41.065 [SERVICE-WORKER] fetching asset //a.slack-edge.com/canvas_blob/30tjnCfGLUTxSwt0vq_d9w-chunk 
{
  "versionId": 0
}
[08/04/26, 21:47:41:065] info: Aug-04 21:47:41.065 [SERVICE-WORKER] fetching asset //a.slack-edge.com/canvas_blob/TwIey7se6mQ0_u3Pa4Mm9Q 
{
  "versionId": 0
}
[08/04/26, 21:47:41:065] info: Aug-04 21:47:41.065 [SERVICE-WORKER] putting asset in cache //a.slack-edge.com/canvas_blob/eVnE0rwTfbNwb86C3bifig-chunk 
{
  "versionId": 0
}
[08/04/26, 21:47:41:066] info: Aug-04 21:47:41.066 [SERVICE-WORKER] putting asset in cache //a.slack-edge.com/canvas_blob/gkQdwCzs-8DMn2FiJN9wQw-chunk 
{
  "versionId": 0
}
[08/04/26, 21:47:41:067] info: Aug-04 21:47:41.067 [SERVICE-WORKER] putting asset in cache //a.slack-edge.com/canvas_blob/TwIey7se6mQ0_u3Pa4Mm9Q 
{
  "versionId": 0
}
[08/04/26, 21:47:41:078] info: Aug-04 21:47:41.078 [SERVICE-WORKER] putting asset in cache //a.slack-edge.com/canvas_blob/30tjnCfGLUTxSwt0vq_d9w-chunk 
{
  "versionId": 0
}
[08/04/26, 21:47:41:079] info: Aug-04 21:47:41.079 [SERVICE-WORKER] All canvas files fetched 
{
  "versionId": 0
}
[08/04/26, 21:47:44:919] info: Aug-04 21:47:44.918 [SERVICE-WORKER] responding from cache https://a.slack-edge.com/bv1-13-br/gantry-v2-async-client-threads-view.c3ea7073243cd00f.min.js 
{
  "versionId": 0
}
[08/04/26, 21:49:28:167] info: Aug-04 21:49:28.166 [SERVICE-WORKER] responding from cache https://a.slack-edge.com/bv1-13-br/gantry-v2-async-client-unified-directory-view.d0424ec994f34e42.min.js 
{
  "versionId": 0
}
[08/04/26, 21:49:39:779] info: Aug-04 21:49:39.779 [SERVICE-WORKER] responding from cache https://a.slack-edge.com/bv1-13-br/gantry-v2-async-client-profile-view.3684641c36019925.min.js 
{
  "versionId": 0
}
